0 verbose cli /usr/local/bin/node /usr/local/bin/npm
1 info using npm@11.13.0
2 info using node@v24.16.0
3 silly config load:file:/usr/local/lib/node_modules/npm/npmrc
4 silly config load:file:/Users/aaratideepakmule/Downloads/figmodel_project/frontend/.npmrc
5 silly config load:file:/Users/aaratideepakmule/.npmrc
6 silly config load:file:/usr/local/etc/npmrc
7 verbose title npm install
8 verbose argv "install"
9 verbose logfile logs-max:10 dir:/Users/aaratideepakmule/Downloads/figmodel_project/frontend/.npm-cache/_logs/2026-08-11T06_50_01_657Z-
10 verbose logfile /Users/aaratideepakmule/Downloads/figmodel_project/frontend/.npm-cache/_logs/2026-08-11T06_50_01_657Z-debug-0.log
11 silly logfile done cleaning log files
12 silly packumentCache heap:4496293888 maxSize:1124073472 maxEntrySize:562036736
13 silly idealTree buildDeps
14 silly fetch manifest @base-ui/react@^1.6.0
15 silly packumentCache full:https://registry.npmjs.org/@base-ui%2freact cache-miss
16 http fetch GET 200 https://registry.npmjs.org/npm 360ms
17 http fetch GET 200 https://registry.npmjs.org/@base-ui%2freact 857ms (cache miss)
18 silly packumentCache full:https://registry.npmjs.org/@base-ui%2freact set size:undefined disposed:false
19 silly fetch manifest @date-fns/tz@^1.2.0
20 silly packumentCache full:https://registry.npmjs.org/@date-fns%2ftz cache-miss
21 http fetch GET 200 https://registry.npmjs.org/@date-fns%2ftz 72ms (cache miss)
22 silly packumentCache full:https://registry.npmjs.org/@date-fns%2ftz set size:undefined disposed:false
23 silly fetch manifest @types/react@^19
24 silly packumentCache full:https://registry.npmjs.org/@types%2freact cache-miss
25 http fetch GET 200 https://registry.npmjs.org/@types%2freact 270ms (cache miss)
26 silly packumentCache full:https://registry.npmjs.org/@types%2freact set size:undefined disposed:false
27 silly fetch manifest date-fns@^4.0.0
28 silly packumentCache full:https://registry.npmjs.org/date-fns cache-miss
29 http fetch GET 200 https://registry.npmjs.org/date-fns 549ms (cache miss)
30 silly packumentCache full:https://registry.npmjs.org/date-fns set size:undefined disposed:false
31 silly fetch manifest react@19.2.4
32 silly packumentCache full:https://registry.npmjs.org/react cache-miss
33 http fetch GET 200 https://registry.npmjs.org/react 460ms (cache miss)
34 silly packumentCache full:https://registry.npmjs.org/react set size:undefined disposed:false
35 silly fetch manifest react-dom@19.2.4
36 silly packumentCache full:https://registry.npmjs.org/react-dom cache-miss
37 http fetch GET 200 https://registry.npmjs.org/react-dom 302ms (cache miss)
38 silly packumentCache full:https://registry.npmjs.org/react-dom set size:undefined disposed:false
39 silly fetch manifest class-variance-authority@^0.7.1
40 silly packumentCache full:https://registry.npmjs.org/class-variance-authority cache-miss
41 http fetch GET 200 https://registry.npmjs.org/class-variance-authority 69ms (cache miss)
42 silly packumentCache full:https://registry.npmjs.org/class-variance-authority set size:undefined disposed:false
43 silly fetch manifest clsx@^2.1.1
44 silly packumentCache full:https://registry.npmjs.org/clsx cache-miss
45 http fetch GET 200 https://registry.npmjs.org/clsx 62ms (cache miss)
46 silly packumentCache full:https://registry.npmjs.org/clsx set size:undefined disposed:false
47 silly fetch manifest framer-motion@^12.43.0
48 silly packumentCache full:https://registry.npmjs.org/framer-motion cache-miss
49 http fetch GET 200 https://registry.npmjs.org/framer-motion 277ms (cache miss)
50 silly packumentCache full:https://registry.npmjs.org/framer-motion set size:undefined disposed:false
51 silly fetch manifest @emotion/is-prop-valid@*
52 silly packumentCache full:https://registry.npmjs.org/@emotion%2fis-prop-valid cache-miss
53 http fetch GET 200 https://registry.npmjs.org/@emotion%2fis-prop-valid 67ms (cache miss)
54 silly packumentCache full:https://registry.npmjs.org/@emotion%2fis-prop-valid set size:undefined disposed:false
55 silly fetch manifest lucide-react@^1.28.0
56 silly packumentCache full:https://registry.npmjs.org/lucide-react cache-miss
57 http fetch GET 200 https://registry.npmjs.org/lucide-react 151ms (cache miss)
58 silly packumentCache full:https://registry.npmjs.org/lucide-react set size:undefined disposed:false
59 silly fetch manifest next@16.2.12
60 silly packumentCache full:https://registry.npmjs.org/next cache-miss
61 http fetch GET 200 https://registry.npmjs.org/next 661ms (cache miss)
62 silly packumentCache full:https://registry.npmjs.org/next set size:undefined disposed:false
63 silly fetch manifest @opentelemetry/api@^1.1.0
64 silly packumentCache full:https://registry.npmjs.org/@opentelemetry%2fapi cache-miss
65 http fetch GET 200 https://registry.npmjs.org/@opentelemetry%2fapi 77ms (cache miss)
66 silly packumentCache full:https://registry.npmjs.org/@opentelemetry%2fapi set size:undefined disposed:false
67 silly fetch manifest @playwright/test@^1.51.1
68 silly packumentCache full:https://registry.npmjs.org/@playwright%2ftest cache-miss
69 http fetch GET 200 https://registry.npmjs.org/@playwright%2ftest 583ms (cache miss)
70 silly packumentCache full:https://registry.npmjs.org/@playwright%2ftest set size:undefined disposed:false
71 silly fetch manifest babel-plugin-react-compiler@*
72 silly packumentCache full:https://registry.npmjs.org/babel-plugin-react-compiler cache-miss
73 http fetch GET 200 https://registry.npmjs.org/babel-plugin-react-compiler 103ms (cache miss)
74 silly packumentCache full:https://registry.npmjs.org/babel-plugin-react-compiler set size:undefined disposed:false
75 silly fetch manifest sass@^1.3.0
76 silly packumentCache full:https://registry.npmjs.org/sass cache-miss
77 http fetch GET 200 https://registry.npmjs.org/sass 136ms (cache miss)
78 silly packumentCache full:https://registry.npmjs.org/sass set size:undefined disposed:false
79 silly fetch manifest next-themes@^0.4.6
80 silly packumentCache full:https://registry.npmjs.org/next-themes cache-miss
81 http fetch GET 200 https://registry.npmjs.org/next-themes 455ms (cache miss)
82 silly packumentCache full:https://registry.npmjs.org/next-themes set size:undefined disposed:false
83 silly fetch manifest recharts@^3.10.1
84 silly packumentCache full:https://registry.npmjs.org/recharts cache-miss
85 http fetch GET 200 https://registry.npmjs.org/recharts 102ms (cache miss)
86 silly packumentCache full:https://registry.npmjs.org/recharts set size:undefined disposed:false
87 silly fetch manifest react-is@^16.8.0 || ^17.0.0 || ^18.0.0 || ^19.0.0
88 silly packumentCache full:https://registry.npmjs.org/react-is cache-miss
89 http fetch GET 200 https://registry.npmjs.org/react-is 347ms (cache miss)
90 silly packumentCache full:https://registry.npmjs.org/react-is set size:undefined disposed:false
91 silly fetch manifest shadcn@^4.16.1
92 silly packumentCache full:https://registry.npmjs.org/shadcn cache-miss
93 http fetch GET 200 https://registry.npmjs.org/shadcn 89ms (cache miss)
94 silly packumentCache full:https://registry.npmjs.org/shadcn set size:undefined disposed:false
95 silly fetch manifest tailwind-merge@^3.6.0
96 silly packumentCache full:https://registry.npmjs.org/tailwind-merge cache-miss
97 http fetch GET 200 https://registry.npmjs.org/tailwind-merge 110ms (cache miss)
98 silly packumentCache full:https://registry.npmjs.org/tailwind-merge set size:undefined disposed:false
99 silly fetch manifest tw-animate-css@^1.4.0
100 silly packumentCache full:https://registry.npmjs.org/tw-animate-css cache-miss
101 http fetch GET 200 https://registry.npmjs.org/tw-animate-css 67ms (cache miss)
102 silly packumentCache full:https://registry.npmjs.org/tw-animate-css set size:undefined disposed:false
103 silly fetch manifest @tailwindcss/postcss@^4
104 silly packumentCache full:https://registry.npmjs.org/@tailwindcss%2fpostcss cache-miss
105 http fetch GET 200 https://registry.npmjs.org/@tailwindcss%2fpostcss 155ms (cache miss)
106 silly packumentCache full:https://registry.npmjs.org/@tailwindcss%2fpostcss set size:undefined disposed:false
107 silly fetch manifest @types/node@^20
108 silly packumentCache full:https://registry.npmjs.org/@types%2fnode cache-miss
109 http fetch GET 200 https://registry.npmjs.org/@types%2fnode 373ms (cache miss)
110 silly packumentCache full:https://registry.npmjs.org/@types%2fnode set size:undefined disposed:false
111 silly fetch manifest @types/react-dom@^19
112 silly packumentCache full:https://registry.npmjs.org/@types%2freact-dom cache-miss
113 http fetch GET 200 https://registry.npmjs.org/@types%2freact-dom 90ms (cache miss)
114 silly packumentCache full:https://registry.npmjs.org/@types%2freact-dom set size:undefined disposed:false
115 silly fetch manifest eslint@^9
116 silly packumentCache full:https://registry.npmjs.org/eslint cache-miss
117 http fetch GET 200 https://registry.npmjs.org/eslint 137ms (cache miss)
118 silly packumentCache full:https://registry.npmjs.org/eslint set size:undefined disposed:false
119 silly fetch manifest jiti@*
120 silly packumentCache full:https://registry.npmjs.org/jiti cache-miss
121 http fetch GET 200 https://registry.npmjs.org/jiti 69ms (cache miss)
122 silly packumentCache full:https://registry.npmjs.org/jiti set size:undefined disposed:false
123 silly fetch manifest eslint-config-next@16.2.12
124 silly packumentCache full:https://registry.npmjs.org/eslint-config-next cache-miss
125 http fetch GET 200 https://registry.npmjs.org/eslint-config-next 342ms (cache miss)
126 silly packumentCache full:https://registry.npmjs.org/eslint-config-next set size:undefined disposed:false
127 silly fetch manifest typescript@^5
128 silly packumentCache full:https://registry.npmjs.org/typescript cache-miss
129 http fetch GET 200 https://registry.npmjs.org/typescript 517ms (cache miss)
130 silly packumentCache full:https://registry.npmjs.org/typescript set size:undefined disposed:false
131 silly fetch manifest tailwindcss@^4
132 silly packumentCache full:https://registry.npmjs.org/tailwindcss cache-miss
133 http fetch GET 200 https://registry.npmjs.org/tailwindcss 306ms (cache miss)
134 silly packumentCache full:https://registry.npmjs.org/tailwindcss set size:undefined disposed:false
135 silly placeDep ROOT @base-ui/react@1.7.0 OK for: frontend@0.1.0 want: ^1.6.0
136 silly placeDep ROOT react@19.2.4 OK for: @base-ui/react@1.7.0 want: ^17 || ^18 || ^19
137 silly placeDep ROOT react-dom@19.2.4 OK for: @base-ui/react@1.7.0 want: ^17 || ^18 || ^19
138 silly placeDep ROOT @tailwindcss/postcss@4.3.3 OK for: frontend@0.1.0 want: ^4
139 silly placeDep ROOT @types/node@20.19.43 OK for: frontend@0.1.0 want: ^20
140 silly placeDep ROOT @types/react@19.2.18 OK for: frontend@0.1.0 want: ^19
141 silly placeDep ROOT @types/react-dom@19.2.4 OK for: frontend@0.1.0 want: ^19
142 silly placeDep ROOT class-variance-authority@0.7.1 OK for: frontend@0.1.0 want: ^0.7.1
143 silly placeDep ROOT clsx@2.1.1 OK for: frontend@0.1.0 want: ^2.1.1
144 silly placeDep ROOT eslint@9.39.5 OK for: frontend@0.1.0 want: ^9
145 silly placeDep ROOT eslint-config-next@16.2.12 OK for: frontend@0.1.0 want: 16.2.12
146 silly placeDep ROOT framer-motion@12.43.0 OK for: frontend@0.1.0 want: ^12.43.0
147 silly placeDep ROOT lucide-react@1.31.0 OK for: frontend@0.1.0 want: ^1.28.0
148 silly placeDep ROOT next@16.2.12 OK for: frontend@0.1.0 want: 16.2.12
149 silly placeDep ROOT next-themes@0.4.6 OK for: frontend@0.1.0 want: ^0.4.6
150 silly placeDep ROOT recharts@3.10.1 OK for: frontend@0.1.0 want: ^3.10.1
151 silly placeDep ROOT react-is@19.2.8 OK for: recharts@3.10.1 want: ^16.8.0 || ^17.0.0 || ^18.0.0 || ^19.0.0
152 silly placeDep ROOT shadcn@4.16.2 OK for: frontend@0.1.0 want: ^4.16.1
153 silly placeDep ROOT tailwind-merge@3.6.0 OK for: frontend@0.1.0 want: ^3.6.0
154 silly placeDep ROOT tailwindcss@4.3.3 OK for: frontend@0.1.0 want: ^4
155 silly placeDep ROOT tw-animate-css@1.4.0 OK for: frontend@0.1.0 want: ^1.4.0
156 silly placeDep ROOT typescript@5.9.3 OK for: frontend@0.1.0 want: ^5
157 silly fetch manifest @babel/runtime@^7.29.2
158 silly packumentCache full:https://registry.npmjs.org/@babel%2fruntime cache-miss
159 silly fetch manifest @base-ui/utils@0.3.2
160 silly packumentCache full:https://registry.npmjs.org/@base-ui%2futils cache-miss
161 silly fetch manifest @floating-ui/utils@^0.2.12
162 silly packumentCache full:https://registry.npmjs.org/@floating-ui%2futils cache-miss
163 silly fetch manifest @floating-ui/react-dom@^2.1.9
164 silly packumentCache full:https://registry.npmjs.org/@floating-ui%2freact-dom cache-miss
165 silly fetch manifest use-sync-external-store@^1.6.0
166 silly packumentCache full:https://registry.npmjs.org/use-sync-external-store cache-miss
167 silly fetch manifest scheduler@^0.27.0
168 silly packumentCache full:https://registry.npmjs.org/scheduler cache-miss
169 silly fetch manifest postcss@^8.5.16
170 silly packumentCache full:https://registry.npmjs.org/postcss cache-miss
171 silly fetch manifest tailwindcss@4.3.3
172 silly packumentCache full:https://registry.npmjs.org/tailwindcss cache-miss
173 silly fetch manifest @alloc/quick-lru@^5.2.0
174 silly packumentCache full:https://registry.npmjs.org/@alloc%2fquick-lru cache-miss
175 http cache https://registry.npmjs.org/tailwindcss 15ms (cache hit)
176 silly packumentCache full:https://registry.npmjs.org/tailwindcss set size:10834305 disposed:false
177 silly fetch manifest @tailwindcss/node@4.3.3
178 silly packumentCache full:https://registry.npmjs.org/@tailwindcss%2fnode cache-miss
179 http fetch GET 200 https://registry.npmjs.org/@babel%2fruntime 180ms (cache miss)
180 silly packumentCache full:https://registry.npmjs.org/@babel%2fruntime set size:undefined disposed:false
181 silly fetch manifest @tailwindcss/oxide@4.3.3
182 silly packumentCache full:https://registry.npmjs.org/@tailwindcss%2foxide cache-miss
183 http fetch GET 200 https://registry.npmjs.org/@floating-ui%2futils 199ms (cache miss)
184 silly packumentCache full:https://registry.npmjs.org/@floating-ui%2futils set size:undefined disposed:false
185 silly fetch manifest undici-types@~6.21.0
186 silly packumentCache full:https://registry.npmjs.org/undici-types cache-miss
187 http fetch GET 200 https://registry.npmjs.org/@alloc%2fquick-lru 207ms (cache miss)
188 silly packumentCache full:https://registry.npmjs.org/@alloc%2fquick-lru set size:undefined disposed:false
189 silly fetch manifest csstype@^3.2.2
190 silly packumentCache full:https://registry.npmjs.org/csstype cache-miss
191 http fetch GET 200 https://registry.npmjs.org/@floating-ui%2freact-dom 207ms (cache miss)
192 silly packumentCache full:https://registry.npmjs.org/@floating-ui%2freact-dom set size:undefined disposed:false
193 silly fetch manifest ajv@^6.14.0
194 silly packumentCache full:https://registry.npmjs.org/ajv cache-miss
195 http fetch GET 200 https://registry.npmjs.org/postcss 269ms (cache miss)
196 silly packumentCache full:https://registry.npmjs.org/postcss set size:undefined disposed:false
197 silly fetch manifest chalk@^4.0.0
198 silly packumentCache full:https://registry.npmjs.org/chalk cache-miss
199 http fetch GET 200 https://registry.npmjs.org/undici-types 79ms (cache miss)
200 silly packumentCache full:https://registry.npmjs.org/undici-types set size:undefined disposed:false
201 silly fetch manifest debug@^4.3.2
202 silly packumentCache full:https://registry.npmjs.org/debug cache-miss
203 http fetch GET 200 https://registry.npmjs.org/csstype 93ms (cache miss)
204 silly packumentCache full:https://registry.npmjs.org/csstype set size:undefined disposed:false
205 silly fetch manifest espree@^10.4.0
206 silly packumentCache full:https://registry.npmjs.org/espree cache-miss
207 http fetch GET 200 https://registry.npmjs.org/@base-ui%2futils 360ms (cache miss)
208 silly packumentCache full:https://registry.npmjs.org/@base-ui%2futils set size:undefined disposed:false
209 silly fetch manifest ignore@^5.2.0
210 silly packumentCache full:https://registry.npmjs.org/ignore cache-miss
211 http fetch GET 200 https://registry.npmjs.org/chalk 101ms (cache miss)
212 silly packumentCache full:https://registry.npmjs.org/chalk set size:undefined disposed:false
213 silly fetch manifest esquery@^1.5.0
214 silly packumentCache full:https://registry.npmjs.org/esquery cache-miss
215 http fetch GET 200 https://registry.npmjs.org/debug 110ms (cache miss)
216 silly packumentCache full:https://registry.npmjs.org/debug set size:undefined disposed:false
217 silly fetch manifest esutils@^2.0.2
218 silly packumentCache full:https://registry.npmjs.org/esutils cache-miss
219 http fetch GET 200 https://registry.npmjs.org/ajv 263ms (cache miss)
220 silly packumentCache full:https://registry.npmjs.org/ajv set size:undefined disposed:false
221 silly fetch manifest find-up@^5.0.0
222 silly packumentCache full:https://registry.npmjs.org/find-up cache-miss
223 http fetch GET 200 https://registry.npmjs.org/espree 176ms (cache miss)
224 silly packumentCache full:https://registry.npmjs.org/espree set size:undefined disposed:false
225 silly fetch manifest is-glob@^4.0.0
226 silly packumentCache full:https://registry.npmjs.org/is-glob cache-miss
227 http fetch GET 200 https://registry.npmjs.org/@tailwindcss%2foxide 320ms (cache miss)
228 silly packumentCache full:https://registry.npmjs.org/@tailwindcss%2foxide set size:undefined disposed:false
229 silly fetch manifest minimatch@^3.1.5
230 silly packumentCache full:https://registry.npmjs.org/minimatch cache-miss
231 http fetch GET 200 https://registry.npmjs.org/@tailwindcss%2fnode 527ms (cache miss)
232 silly packumentCache full:https://registry.npmjs.org/@tailwindcss%2fnode set size:undefined disposed:false
233 silly fetch manifest @eslint/js@9.39.5
234 silly packumentCache full:https://registry.npmjs.org/@eslint%2fjs cache-miss
235 http fetch GET 200 https://registry.npmjs.org/esquery 193ms (cache miss)
236 silly packumentCache full:https://registry.npmjs.org/esquery set size:undefined disposed:false
237 silly fetch manifest optionator@^0.9.3
238 silly packumentCache full:https://registry.npmjs.org/optionator cache-miss
239 http fetch GET 200 https://registry.npmjs.org/esutils 176ms (cache miss)
240 silly packumentCache full:https://registry.npmjs.org/esutils set size:undefined disposed:false
241 silly fetch manifest cross-spawn@^7.0.6
242 silly packumentCache full:https://registry.npmjs.org/cross-spawn cache-miss
243 http fetch GET 200 https://registry.npmjs.org/ignore 214ms (cache miss)
244 silly packumentCache full:https://registry.npmjs.org/ignore set size:undefined disposed:false
245 silly fetch manifest glob-parent@^6.0.2
246 silly packumentCache full:https://registry.npmjs.org/glob-parent cache-miss
247 http fetch GET 200 https://registry.npmjs.org/find-up 101ms (cache miss)
248 silly packumentCache full:https://registry.npmjs.org/find-up set size:undefined disposed:false
249 silly fetch manifest imurmurhash@^0.1.4
250 silly packumentCache full:https://registry.npmjs.org/imurmurhash cache-miss
251 http fetch GET 200 https://registry.npmjs.org/is-glob 99ms (cache miss)
252 silly packumentCache full:https://registry.npmjs.org/is-glob set size:undefined disposed:false
253 silly fetch manifest @eslint/core@^0.17.0
254 silly packumentCache full:https://registry.npmjs.org/@eslint%2fcore cache-miss
255 http fetch GET 200 https://registry.npmjs.org/optionator 66ms (cache miss)
256 silly packumentCache full:https://registry.npmjs.org/optionator set size:undefined disposed:false
257 silly fetch manifest eslint-scope@^8.4.0
258 silly packumentCache full:https://registry.npmjs.org/eslint-scope cache-miss
259 http fetch GET 200 https://registry.npmjs.org/imurmurhash 68ms (cache miss)
260 silly packumentCache full:https://registry.npmjs.org/imurmurhash set size:undefined disposed:false
261 silly fetch manifest lodash.merge@^4.6.2
262 silly packumentCache full:https://registry.npmjs.org/lodash.merge cache-miss
263 http fetch GET 200 https://registry.npmjs.org/glob-parent 73ms (cache miss)
264 silly packumentCache full:https://registry.npmjs.org/glob-parent set size:undefined disposed:false
265 silly fetch manifest @humanfs/node@^0.16.6
266 silly packumentCache full:https://registry.npmjs.org/@humanfs%2fnode cache-miss
267 http fetch GET 200 https://registry.npmjs.org/cross-spawn 82ms (cache miss)
268 silly packumentCache full:https://registry.npmjs.org/cross-spawn set size:undefined disposed:false
269 silly fetch manifest @types/estree@^1.0.6
270 silly packumentCache full:https://registry.npmjs.org/@types%2festree cache-miss
271 http fetch GET 200 https://registry.npmjs.org/@eslint%2fjs 90ms (cache miss)
272 silly packumentCache full:https://registry.npmjs.org/@eslint%2fjs set size:undefined disposed:false
273 silly fetch manifest fast-deep-equal@^3.1.3
274 silly packumentCache full:https://registry.npmjs.org/fast-deep-equal cache-miss
275 http fetch GET 200 https://registry.npmjs.org/@eslint%2fcore 78ms (cache miss)
276 silly packumentCache full:https://registry.npmjs.org/@eslint%2fcore set size:undefined disposed:false
277 silly fetch manifest natural-compare@^1.4.0
278 silly packumentCache full:https://registry.npmjs.org/natural-compare cache-miss
279 http fetch GET 200 https://registry.npmjs.org/minimatch 149ms (cache miss)
280 silly packumentCache full:https://registry.npmjs.org/minimatch set size:undefined disposed:false
281 silly fetch manifest @eslint/eslintrc@^3.3.6
282 silly packumentCache full:https://registry.npmjs.org/@eslint%2feslintrc cache-miss
283 http fetch GET 200 https://registry.npmjs.org/natural-compare 57ms (cache miss)
284 silly packumentCache full:https://registry.npmjs.org/natural-compare set size:undefined disposed:false
285 silly fetch manifest file-entry-cache@^8.0.0
286 silly packumentCache full:https://registry.npmjs.org/file-entry-cache cache-miss
287 http fetch GET 200 https://registry.npmjs.org/eslint-scope 84ms (cache miss)
288 silly packumentCache full:https://registry.npmjs.org/eslint-scope set size:undefined disposed:false
289 silly fetch manifest @eslint/plugin-kit@^0.4.1
290 silly packumentCache full:https://registry.npmjs.org/@eslint%2fplugin-kit cache-miss
291 http fetch GET 200 https://registry.npmjs.org/fast-deep-equal 62ms (cache miss)
292 silly packumentCache full:https://registry.npmjs.org/fast-deep-equal set size:undefined disposed:false
293 silly fetch manifest eslint-visitor-keys@^4.2.1
294 silly packumentCache full:https://registry.npmjs.org/eslint-visitor-keys cache-miss
295 http fetch GET 200 https://registry.npmjs.org/lodash.merge 73ms (cache miss)
296 silly packumentCache full:https://registry.npmjs.org/lodash.merge set size:undefined disposed:false
297 silly fetch manifest @eslint/config-array@^0.21.2
298 silly packumentCache full:https://registry.npmjs.org/@eslint%2fconfig-array cache-miss
299 http fetch GET 200 https://registry.npmjs.org/@humanfs%2fnode 74ms (cache miss)
300 silly packumentCache full:https://registry.npmjs.org/@humanfs%2fnode set size:undefined disposed:false
301 silly fetch manifest @humanwhocodes/retry@^0.4.2
302 silly packumentCache full:https://registry.npmjs.org/@humanwhocodes%2fretry cache-miss
303 http fetch GET 200 https://registry.npmjs.org/@eslint%2feslintrc 69ms (cache miss)
304 silly packumentCache full:https://registry.npmjs.org/@eslint%2feslintrc set size:undefined disposed:false
305 silly fetch manifest escape-string-regexp@^4.0.0
306 silly packumentCache full:https://registry.npmjs.org/escape-string-regexp cache-miss
307 http fetch GET 200 https://registry.npmjs.org/@types%2festree 108ms (cache miss)
308 silly packumentCache full:https://registry.npmjs.org/@types%2festree set size:undefined disposed:false
309 silly fetch manifest @eslint/config-helpers@^0.4.2
310 silly packumentCache full:https://registry.npmjs.org/@eslint%2fconfig-helpers cache-miss
311 http fetch GET 200 https://registry.npmjs.org/scheduler 776ms (cache miss)
312 silly packumentCache full:https://registry.npmjs.org/scheduler set size:undefined disposed:false
313 silly fetch manifest @eslint-community/regexpp@^4.12.1
314 silly packumentCache full:https://registry.npmjs.org/@eslint-community%2fregexpp cache-miss
315 http fetch GET 200 https://registry.npmjs.org/eslint-visitor-keys 77ms (cache miss)
316 silly packumentCache full:https://registry.npmjs.org/eslint-visitor-keys set size:undefined disposed:false
317 silly fetch manifest @eslint-community/eslint-utils@^4.8.0
318 silly packumentCache full:https://registry.npmjs.org/@eslint-community%2feslint-utils cache-miss
319 http fetch GET 200 https://registry.npmjs.org/file-entry-cache 82ms (cache miss)
320 silly packumentCache full:https://registry.npmjs.org/file-entry-cache set size:undefined disposed:false
321 silly fetch manifest @humanwhocodes/module-importer@^1.0.1
322 silly packumentCache full:https://registry.npmjs.org/@humanwhocodes%2fmodule-importer cache-miss
323 http fetch GET 200 https://registry.npmjs.org/escape-string-regexp 63ms (cache miss)
324 silly packumentCache full:https://registry.npmjs.org/escape-string-regexp set size:undefined disposed:false
325 silly fetch manifest json-stable-stringify-without-jsonify@^1.0.1
326 silly packumentCache full:https://registry.npmjs.org/json-stable-stringify-without-jsonify cache-miss
327 http fetch GET 200 https://registry.npmjs.org/@eslint%2fconfig-array 85ms (cache miss)
328 silly packumentCache full:https://registry.npmjs.org/@eslint%2fconfig-array set size:undefined disposed:false
329 silly fetch manifest globals@16.4.0
330 silly packumentCache full:https://registry.npmjs.org/globals cache-miss
331 http fetch GET 200 https://registry.npmjs.org/@eslint%2fconfig-helpers 90ms (cache miss)
332 silly packumentCache full:https://registry.npmjs.org/@eslint%2fconfig-helpers set size:undefined disposed:false
333 silly fetch manifest typescript-eslint@^8.46.0
334 silly packumentCache full:https://registry.npmjs.org/typescript-eslint cache-miss
335 http fetch GET 200 https://registry.npmjs.org/json-stable-stringify-without-jsonify 64ms (cache miss)
336 silly packumentCache full:https://registry.npmjs.org/json-stable-stringify-without-jsonify set size:undefined disposed:false
337 silly fetch manifest eslint-plugin-react@^7.37.0
338 silly packumentCache full:https://registry.npmjs.org/eslint-plugin-react cache-miss
339 http fetch GET 200 https://registry.npmjs.org/@eslint-community%2fregexpp 87ms (cache miss)
340 silly packumentCache full:https://registry.npmjs.org/@eslint-community%2fregexpp set size:undefined disposed:false
341 silly fetch manifest eslint-plugin-import@^2.32.0
342 silly packumentCache full:https://registry.npmjs.org/eslint-plugin-import cache-miss
343 http fetch GET 200 https://registry.npmjs.org/@eslint-community%2feslint-utils 84ms (cache miss)
344 silly packumentCache full:https://registry.npmjs.org/@eslint-community%2feslint-utils set size:undefined disposed:false
345 silly fetch manifest eslint-plugin-jsx-a11y@^6.10.0
346 silly packumentCache full:https://registry.npmjs.org/eslint-plugin-jsx-a11y cache-miss
347 http fetch GET 200 https://registry.npmjs.org/globals 80ms (cache miss)
348 silly packumentCache full:https://registry.npmjs.org/globals set size:undefined disposed:false
349 silly fetch manifest @next/eslint-plugin-next@16.2.12
350 silly packumentCache full:https://registry.npmjs.org/@next%2feslint-plugin-next cache-miss
351 http fetch GET 200 https://registry.npmjs.org/eslint-plugin-jsx-a11y 72ms (cache miss)
352 silly packumentCache full:https://registry.npmjs.org/eslint-plugin-jsx-a11y set size:undefined disposed:false
353 silly fetch manifest eslint-plugin-react-hooks@^7.0.0
354 silly packumentCache full:https://registry.npmjs.org/eslint-plugin-react-hooks cache-miss
355 http fetch GET 200 https://registry.npmjs.org/eslint-plugin-import 96ms (cache miss)
356 silly packumentCache full:https://registry.npmjs.org/eslint-plugin-import set size:undefined disposed:false
357 silly fetch manifest eslint-import-resolver-node@^0.3.6
358 silly packumentCache full:https://registry.npmjs.org/eslint-import-resolver-node cache-miss
359 http fetch GET 200 https://registry.npmjs.org/eslint-plugin-react 115ms (cache miss)
360 silly packumentCache full:https://registry.npmjs.org/eslint-plugin-react set size:undefined disposed:false
361 silly fetch manifest eslint-import-resolver-typescript@^3.5.2
362 silly packumentCache full:https://registry.npmjs.org/eslint-import-resolver-typescript cache-miss
363 http fetch GET 200 https://registry.npmjs.org/use-sync-external-store 985ms (cache miss)
364 silly packumentCache full:https://registry.npmjs.org/use-sync-external-store set size:undefined disposed:false
365 silly fetch manifest tslib@^2.4.0
366 silly packumentCache full:https://registry.npmjs.org/tslib cache-miss
367 http fetch GET 200 https://registry.npmjs.org/eslint-import-resolver-node 91ms (cache miss)
368 silly packumentCache full:https://registry.npmjs.org/eslint-import-resolver-node set size:undefined disposed:false
369 silly fetch manifest motion-dom@^12.43.0
370 silly packumentCache full:https://registry.npmjs.org/motion-dom cache-miss
371 http fetch GET 200 https://registry.npmjs.org/eslint-import-resolver-typescript 99ms (cache miss)
372 silly packumentCache full:https://registry.npmjs.org/eslint-import-resolver-typescript set size:undefined disposed:false
373 silly fetch manifest motion-utils@^12.39.0
374 silly packumentCache full:https://registry.npmjs.org/motion-utils cache-miss
375 http fetch GET 200 https://registry.npmjs.org/tslib 91ms (cache miss)
376 silly packumentCache full:https://registry.npmjs.org/tslib set size:undefined disposed:false
377 silly fetch manifest postcss@8.4.31
378 silly packumentCache full:https://registry.npmjs.org/postcss cache-miss
379 http cache https://registry.npmjs.org/postcss 3ms (cache hit)
380 silly packumentCache full:https://registry.npmjs.org/postcss set size:760024 disposed:false
381 silly fetch manifest @next/env@16.2.12
382 silly packumentCache full:https://registry.npmjs.org/@next%2fenv cache-miss
383 http fetch GET 200 https://registry.npmjs.org/@eslint%2fplugin-kit 375ms (cache miss)
384 silly packumentCache full:https://registry.npmjs.org/@eslint%2fplugin-kit set size:undefined disposed:false
385 silly fetch manifest styled-jsx@5.1.6
386 silly packumentCache full:https://registry.npmjs.org/styled-jsx cache-miss
387 http fetch GET 200 https://registry.npmjs.org/@humanwhocodes%2fretry 369ms (cache miss)
388 silly packumentCache full:https://registry.npmjs.org/@humanwhocodes%2fretry set size:undefined disposed:false
389 silly fetch manifest @swc/helpers@0.5.15
390 silly packumentCache full:https://registry.npmjs.org/@swc%2fhelpers cache-miss
391 http fetch GET 200 https://registry.npmjs.org/@humanwhocodes%2fmodule-importer 330ms (cache miss)
392 silly packumentCache full:https://registry.npmjs.org/@humanwhocodes%2fmodule-importer set size:undefined disposed:false
393 silly fetch manifest caniuse-lite@^1.0.30001579
394 silly packumentCache full:https://registry.npmjs.org/caniuse-lite cache-miss
395 http fetch GET 200 https://registry.npmjs.org/motion-utils 76ms (cache miss)
396 silly packumentCache full:https://registry.npmjs.org/motion-utils set size:undefined disposed:false
397 silly fetch manifest baseline-browser-mapping@^2.9.19
398 silly packumentCache full:https://registry.npmjs.org/baseline-browser-mapping cache-miss
399 http fetch GET 200 https://registry.npmjs.org/motion-dom 138ms (cache miss)
400 silly packumentCache full:https://registry.npmjs.org/motion-dom set size:undefined disposed:false
401 silly fetch manifest sharp@^0.34.5
402 silly packumentCache full:https://registry.npmjs.org/sharp cache-miss
403 http fetch GET 200 https://registry.npmjs.org/typescript-eslint 374ms (cache miss)
404 silly packumentCache full:https://registry.npmjs.org/typescript-eslint set size:undefined disposed:false
405 silly fetch manifest @next/swc-darwin-x64@16.2.12
406 silly packumentCache full:https://registry.npmjs.org/@next%2fswc-darwin-x64 cache-miss
407 http fetch GET 200 https://registry.npmjs.org/styled-jsx 145ms (cache miss)
408 silly packumentCache full:https://registry.npmjs.org/styled-jsx set size:undefined disposed:false
409 silly fetch manifest @next/swc-darwin-arm64@16.2.12
410 silly packumentCache full:https://registry.npmjs.org/@next%2fswc-darwin-arm64 cache-miss
411 http fetch GET 200 https://registry.npmjs.org/@swc%2fhelpers 193ms (cache miss)
412 silly packumentCache full:https://registry.npmjs.org/@swc%2fhelpers set size:undefined disposed:false
413 silly fetch manifest @next/swc-linux-x64-gnu@16.2.12
414 silly packumentCache full:https://registry.npmjs.org/@next%2fswc-linux-x64-gnu cache-miss
415 http fetch GET 200 https://registry.npmjs.org/baseline-browser-mapping 212ms (cache miss)
416 silly packumentCache full:https://registry.npmjs.org/baseline-browser-mapping set size:undefined disposed:false
417 silly fetch manifest @next/swc-linux-x64-musl@16.2.12
418 silly packumentCache full:https://registry.npmjs.org/@next%2fswc-linux-x64-musl cache-miss
419 http fetch GET 200 https://registry.npmjs.org/sharp 513ms (cache miss)
420 silly packumentCache full:https://registry.npmjs.org/sharp set size:undefined disposed:false
421 silly fetch manifest @next/swc-win32-x64-msvc@16.2.12
422 silly packumentCache full:https://registry.npmjs.org/@next%2fswc-win32-x64-msvc cache-miss
423 http fetch GET 200 https://registry.npmjs.org/@next%2fswc-linux-x64-gnu 537ms (cache miss)
424 silly packumentCache full:https://registry.npmjs.org/@next%2fswc-linux-x64-gnu set size:undefined disposed:false
425 silly fetch manifest @next/swc-linux-arm64-gnu@16.2.12
426 silly packumentCache full:https://registry.npmjs.org/@next%2fswc-linux-arm64-gnu cache-miss
427 http fetch GET 200 https://registry.npmjs.org/@next%2fswc-linux-x64-musl 780ms (cache miss)
428 silly packumentCache full:https://registry.npmjs.org/@next%2fswc-linux-x64-musl set size:undefined disposed:false
429 silly fetch manifest @next/swc-linux-arm64-musl@16.2.12
430 silly packumentCache full:https://registry.npmjs.org/@next%2fswc-linux-arm64-musl cache-miss
431 http fetch GET 200 https://registry.npmjs.org/@next%2feslint-plugin-next 1311ms (cache miss)
432 silly packumentCache full:https://registry.npmjs.org/@next%2feslint-plugin-next set size:undefined disposed:false
433 silly fetch manifest @next/swc-win32-arm64-msvc@16.2.12
434 silly packumentCache full:https://registry.npmjs.org/@next%2fswc-win32-arm64-msvc cache-miss
435 http fetch GET 200 https://registry.npmjs.org/caniuse-lite 1188ms (cache miss)
436 silly packumentCache full:https://registry.npmjs.org/caniuse-lite set size:undefined disposed:false
437 silly fetch manifest immer@^11.1.8
438 silly packumentCache full:https://registry.npmjs.org/immer cache-miss
439 http fetch GET 200 https://registry.npmjs.org/eslint-plugin-react-hooks 1411ms (cache miss)
440 silly packumentCache full:https://registry.npmjs.org/eslint-plugin-react-hooks set size:undefined disposed:false
441 silly fetch manifest reselect@5.2.0
442 silly packumentCache full:https://registry.npmjs.org/reselect cache-miss
443 http fetch GET 200 https://registry.npmjs.org/@next%2fswc-linux-arm64-gnu 572ms (cache miss)
444 silly packumentCache full:https://registry.npmjs.org/@next%2fswc-linux-arm64-gnu set size:undefined disposed:false
445 silly fetch manifest es-toolkit@^1.39.3
446 silly packumentCache full:https://registry.npmjs.org/es-toolkit cache-miss
447 http fetch GET 200 https://registry.npmjs.org/@next%2fswc-win32-x64-msvc 883ms (cache miss)
448 silly packumentCache full:https://registry.npmjs.org/@next%2fswc-win32-x64-msvc set size:undefined disposed:false
449 silly fetch manifest react-redux@8.x.x || 9.x.x
450 silly packumentCache full:https://registry.npmjs.org/react-redux cache-miss
451 http fetch GET 200 https://registry.npmjs.org/reselect 249ms (cache miss)
452 silly packumentCache full:https://registry.npmjs.org/reselect set size:undefined disposed:false
453 silly fetch manifest eventemitter3@^5.0.1
454 silly packumentCache full:https://registry.npmjs.org/eventemitter3 cache-miss
455 http fetch GET 200 https://registry.npmjs.org/@next%2fswc-linux-arm64-musl 611ms (cache miss)
456 silly packumentCache full:https://registry.npmjs.org/@next%2fswc-linux-arm64-musl set size:undefined disposed:false
457 silly fetch manifest tiny-invariant@^1.3.3
458 silly packumentCache full:https://registry.npmjs.org/tiny-invariant cache-miss
459 http fetch GET 200 https://registry.npmjs.org/immer 473ms (cache miss)
460 silly packumentCache full:https://registry.npmjs.org/immer set size:undefined disposed:false
461 silly fetch manifest victory-vendor@^37.0.2
462 silly packumentCache full:https://registry.npmjs.org/victory-vendor cache-miss
463 http fetch GET 200 https://registry.npmjs.org/eventemitter3 299ms (cache miss)
464 silly packumentCache full:https://registry.npmjs.org/eventemitter3 set size:undefined disposed:false
465 silly fetch manifest @reduxjs/toolkit@^1.9.0 || 2.x.x
466 silly packumentCache full:https://registry.npmjs.org/@reduxjs%2ftoolkit cache-miss
467 http fetch GET 200 https://registry.npmjs.org/react-redux 309ms (cache miss)
468 silly packumentCache full:https://registry.npmjs.org/react-redux set size:undefined disposed:false
469 silly fetch manifest decimal.js-light@^2.5.1
470 silly packumentCache full:https://registry.npmjs.org/decimal.js-light cache-miss
471 http fetch GET 200 https://registry.npmjs.org/@next%2fswc-darwin-x64 1699ms (cache miss)
472 silly packumentCache full:https://registry.npmjs.org/@next%2fswc-darwin-x64 set size:undefined disposed:false
473 silly fetch manifest use-sync-external-store@^1.2.2
474 silly packumentCache full:https://registry.npmjs.org/use-sync-external-store cache-miss
475 http fetch GET 200 https://registry.npmjs.org/@next%2fswc-darwin-arm64 1706ms (cache miss)
476 silly packumentCache full:https://registry.npmjs.org/@next%2fswc-darwin-arm64 set size:undefined disposed:false
477 silly fetch manifest ora@^8.2.0
478 silly packumentCache full:https://registry.npmjs.org/ora cache-miss
479 http cache https://registry.npmjs.org/use-sync-external-store 17ms (cache hit)
480 silly packumentCache full:https://registry.npmjs.org/use-sync-external-store set size:4915255 disposed:false
481 silly fetch manifest zod@^3.24.1
482 silly packumentCache full:https://registry.npmjs.org/zod cache-miss
483 http fetch GET 200 https://registry.npmjs.org/tiny-invariant 194ms (cache miss)
484 silly packumentCache full:https://registry.npmjs.org/tiny-invariant set size:undefined disposed:false
485 silly fetch manifest diff@^8.0.2
486 silly packumentCache full:https://registry.npmjs.org/diff cache-miss
487 http fetch GET 200 https://registry.npmjs.org/@next%2fenv 1888ms (cache miss)
488 silly packumentCache full:https://registry.npmjs.org/@next%2fenv set size:undefined disposed:false
489 silly fetch manifest open@^11.0.0
490 silly packumentCache full:https://registry.npmjs.org/open cache-miss
491 http fetch GET 200 https://registry.npmjs.org/victory-vendor 191ms (cache miss)
492 silly packumentCache full:https://registry.npmjs.org/victory-vendor set size:undefined disposed:false
493 silly fetch manifest execa@^9.6.0
494 silly packumentCache full:https://registry.npmjs.org/execa cache-miss
495 http fetch GET 200 https://registry.npmjs.org/decimal.js-light 64ms (cache miss)
496 silly packumentCache full:https://registry.npmjs.org/decimal.js-light set size:undefined disposed:false
497 silly fetch manifest kleur@^4.1.5
498 silly packumentCache full:https://registry.npmjs.org/kleur cache-miss
499 http fetch GET 200 https://registry.npmjs.org/es-toolkit 590ms (cache miss)
500 silly packumentCache full:https://registry.npmjs.org/es-toolkit set size:undefined disposed:false
501 silly fetch manifest dedent@^1.6.0
502 silly packumentCache full:https://registry.npmjs.org/dedent cache-miss
503 http fetch GET 200 https://registry.npmjs.org/ora 85ms (cache miss)
504 silly packumentCache full:https://registry.npmjs.org/ora set size:undefined disposed:false
505 silly fetch manifest recast@^0.23.11
506 silly packumentCache full:https://registry.npmjs.org/recast cache-miss
507 http fetch GET 200 https://registry.npmjs.org/kleur 65ms (cache miss)
508 silly packumentCache full:https://registry.npmjs.org/kleur set size:undefined disposed:false
509 silly fetch manifest undici@^7.27.2
510 silly packumentCache full:https://registry.npmjs.org/undici cache-miss
511 http fetch GET 200 https://registry.npmjs.org/diff 86ms (cache miss)
512 silly packumentCache full:https://registry.npmjs.org/diff set size:undefined disposed:false
513 silly fetch manifest postcss@^8.5.6
514 silly packumentCache full:https://registry.npmjs.org/postcss cache-hit
515 silly fetch manifest prompts@^2.4.2
516 silly packumentCache full:https://registry.npmjs.org/prompts cache-miss
517 http fetch GET 200 https://registry.npmjs.org/execa 116ms (cache miss)
518 silly packumentCache full:https://registry.npmjs.org/execa set size:undefined disposed:false
519 silly fetch manifest fs-extra@^11.3.1
520 silly packumentCache full:https://registry.npmjs.org/fs-extra cache-miss
521 http fetch GET 200 https://registry.npmjs.org/dedent 79ms (cache miss)
522 silly packumentCache full:https://registry.npmjs.org/dedent set size:undefined disposed:false
523 silly fetch manifest ts-morph@^26.0.0
524 silly packumentCache full:https://registry.npmjs.org/ts-morph cache-miss
525 http fetch GET 200 https://registry.npmjs.org/@next%2fswc-win32-arm64-msvc 899ms (cache miss)
526 silly packumentCache full:https://registry.npmjs.org/@next%2fswc-win32-arm64-msvc set size:undefined disposed:false
527 silly fetch manifest commander@^14.0.0
528 silly packumentCache full:https://registry.npmjs.org/commander cache-miss
529 http fetch GET 200 https://registry.npmjs.org/prompts 77ms (cache miss)
530 silly packumentCache full:https://registry.npmjs.org/prompts set size:undefined disposed:false
531 silly fetch manifest deepmerge@^4.3.1
532 silly packumentCache full:https://registry.npmjs.org/deepmerge cache-miss
533 http fetch GET 200 https://registry.npmjs.org/undici 120ms (cache miss)
534 silly packumentCache full:https://registry.npmjs.org/undici set size:undefined disposed:false
535 silly fetch manifest fast-glob@^3.3.3
536 silly packumentCache full:https://registry.npmjs.org/fast-glob cache-miss
537 http fetch GET 200 https://registry.npmjs.org/ts-morph 88ms (cache miss)
538 silly packumentCache full:https://registry.npmjs.org/ts-morph set size:undefined disposed:false
539 silly fetch manifest fuzzysort@^3.1.0
540 silly packumentCache full:https://registry.npmjs.org/fuzzysort cache-miss
541 http fetch GET 200 https://registry.npmjs.org/deepmerge 75ms (cache miss)
542 silly packumentCache full:https://registry.npmjs.org/deepmerge set size:undefined disposed:false
543 silly fetch manifest @babel/core@^7.28.0
544 silly packumentCache full:https://registry.npmjs.org/@babel%2fcore cache-miss
545 http fetch GET 200 https://registry.npmjs.org/fs-extra 110ms (cache miss)
546 silly packumentCache full:https://registry.npmjs.org/fs-extra set size:undefined disposed:false
547 silly fetch manifest cosmiconfig@^9.0.0
548 silly packumentCache full:https://registry.npmjs.org/cosmiconfig cache-miss
549 http fetch GET 200 https://registry.npmjs.org/commander 108ms (cache miss)
550 silly packumentCache full:https://registry.npmjs.org/commander set size:undefined disposed:false
551 silly fetch manifest browserslist@^4.26.2
552 silly packumentCache full:https://registry.npmjs.org/browserslist cache-miss
553 http fetch GET 200 https://registry.npmjs.org/fuzzysort 59ms (cache miss)
554 silly packumentCache full:https://registry.npmjs.org/fuzzysort set size:undefined disposed:false
555 silly fetch manifest @babel/parser@^7.28.0
556 silly packumentCache full:https://registry.npmjs.org/@babel%2fparser cache-miss
557 http fetch GET 200 https://registry.npmjs.org/fast-glob 84ms (cache miss)
558 silly packumentCache full:https://registry.npmjs.org/fast-glob set size:undefined disposed:false
559 silly fetch manifest tailwind-merge@^3.0.1
560 silly packumentCache full:https://registry.npmjs.org/tailwind-merge cache-miss
561 http cache https://registry.npmjs.org/tailwind-merge 2ms (cache hit)
562 silly packumentCache full:https://registry.npmjs.org/tailwind-merge set size:1701114 disposed:false
563 silly fetch manifest tsconfig-paths@^4.2.0
564 silly packumentCache full:https://registry.npmjs.org/tsconfig-paths cache-miss
565 http fetch GET 200 https://registry.npmjs.org/open 328ms (cache miss)
566 silly packumentCache full:https://registry.npmjs.org/open set size:undefined disposed:false
567 silly fetch manifest @dotenvx/dotenvx@^1.48.4
568 silly packumentCache full:https://registry.npmjs.org/@dotenvx%2fdotenvx cache-miss
569 http fetch GET 200 https://registry.npmjs.org/cosmiconfig 127ms (cache miss)
570 silly packumentCache full:https://registry.npmjs.org/cosmiconfig set size:undefined disposed:false
571 silly fetch manifest stringify-object@^5.0.0
572 silly packumentCache full:https://registry.npmjs.org/stringify-object cache-miss
573 http fetch GET 200 https://registry.npmjs.org/@reduxjs%2ftoolkit 421ms (cache miss)
574 silly packumentCache full:https://registry.npmjs.org/@reduxjs%2ftoolkit set size:undefined disposed:false
575 silly fetch manifest zod-to-json-schema@^3.24.6
576 silly packumentCache full:https://registry.npmjs.org/zod-to-json-schema cache-miss
577 http fetch GET 200 https://registry.npmjs.org/browserslist 126ms (cache miss)
578 silly packumentCache full:https://registry.npmjs.org/browserslist set size:undefined disposed:false
579 silly fetch manifest postcss-selector-parser@^7.1.0
580 silly packumentCache full:https://registry.npmjs.org/postcss-selector-parser cache-miss
581 http fetch GET 200 https://registry.npmjs.org/tsconfig-paths 149ms (cache miss)
582 silly packumentCache full:https://registry.npmjs.org/tsconfig-paths set size:undefined disposed:false
583 silly fetch manifest @babel/preset-typescript@^7.27.1
584 silly packumentCache full:https://registry.npmjs.org/@babel%2fpreset-typescript cache-miss
585 http fetch GET 200 https://registry.npmjs.org/zod 463ms (cache miss)
586 silly packumentCache full:https://registry.npmjs.org/zod set size:undefined disposed:false
587 silly fetch manifest @modelcontextprotocol/sdk@^1.26.0
588 silly packumentCache full:https://registry.npmjs.org/@modelcontextprotocol%2fsdk cache-miss
589 http fetch GET 200 https://registry.npmjs.org/@babel%2fparser 187ms (cache miss)
590 silly packumentCache full:https://registry.npmjs.org/@babel%2fparser set size:undefined disposed:false
591 silly fetch manifest validate-npm-package-name@^7.0.1
592 silly packumentCache full:https://registry.npmjs.org/validate-npm-package-name cache-miss
593 http fetch GET 200 https://registry.npmjs.org/@babel%2fcore 232ms (cache miss)
594 silly packumentCache full:https://registry.npmjs.org/@babel%2fcore set size:undefined disposed:false
595 silly fetch manifest @types/validate-npm-package-name@^4.0.2
596 silly packumentCache full:https://registry.npmjs.org/@types%2fvalidate-npm-package-name cache-miss
597 http fetch GET 200 https://registry.npmjs.org/recast 410ms (cache miss)
598 silly packumentCache full:https://registry.npmjs.org/recast set size:undefined disposed:false
599 silly fetch manifest @babel/plugin-transform-typescript@^7.28.0
600 silly packumentCache full:https://registry.npmjs.org/@babel%2fplugin-transform-typescript cache-miss
601 http fetch GET 200 https://registry.npmjs.org/postcss-selector-parser 135ms (cache miss)
602 silly packumentCache full:https://registry.npmjs.org/postcss-selector-parser set size:undefined disposed:false
603 http fetch GET 200 https://registry.npmjs.org/stringify-object 144ms (cache miss)
604 silly packumentCache full:https://registry.npmjs.org/stringify-object set size:undefined disposed:false
605 http fetch GET 200 https://registry.npmjs.org/@babel%2fpreset-typescript 93ms (cache miss)
606 silly packumentCache full:https://registry.npmjs.org/@babel%2fpreset-typescript set size:undefined disposed:false
607 http fetch GET 200 https://registry.npmjs.org/validate-npm-package-name 83ms (cache miss)
608 silly packumentCache full:https://registry.npmjs.org/validate-npm-package-name set size:undefined disposed:false
609 http fetch GET 200 https://registry.npmjs.org/zod-to-json-schema 181ms (cache miss)
610 silly packumentCache full:https://registry.npmjs.org/zod-to-json-schema set size:undefined disposed:false
611 http fetch GET 200 https://registry.npmjs.org/@types%2fvalidate-npm-package-name 84ms (cache miss)
612 silly packumentCache full:https://registry.npmjs.org/@types%2fvalidate-npm-package-name set size:undefined disposed:false
613 http fetch GET 200 https://registry.npmjs.org/@modelcontextprotocol%2fsdk 104ms (cache miss)
614 silly packumentCache full:https://registry.npmjs.org/@modelcontextprotocol%2fsdk set size:undefined disposed:false
615 http fetch GET 200 https://registry.npmjs.org/@babel%2fplugin-transform-typescript 368ms (cache miss)
616 silly packumentCache full:https://registry.npmjs.org/@babel%2fplugin-transform-typescript set size:undefined disposed:false
617 http fetch GET 200 https://registry.npmjs.org/@dotenvx%2fdotenvx 578ms (cache miss)
618 silly packumentCache full:https://registry.npmjs.org/@dotenvx%2fdotenvx set size:undefined disposed:false
619 silly fetch manifest @types/react@^17 || ^18 || ^19
620 silly packumentCache full:https://registry.npmjs.org/@types%2freact cache-miss
621 http cache https://registry.npmjs.org/@types%2freact 5ms (cache hit)
622 silly packumentCache full:https://registry.npmjs.org/@types%2freact set size:2637439 disposed:false
623 silly fetch manifest react@^17 || ^18 || ^19
624 silly packumentCache full:https://registry.npmjs.org/react cache-miss
625 http cache https://registry.npmjs.org/react 6ms (cache hit)
626 silly packumentCache full:https://registry.npmjs.org/react set size:6878486 disposed:false
627 silly fetch manifest react-dom@^17 || ^18 || ^19
628 silly packumentCache full:https://registry.npmjs.org/react-dom cache-miss
629 http cache https://registry.npmjs.org/react-dom 10ms (cache hit)
630 silly packumentCache full:https://registry.npmjs.org/react-dom set size:9237069 disposed:false
631 silly placeDep ROOT @babel/runtime@7.29.7 OK for: @base-ui/react@1.7.0 want: ^7.29.2
632 silly placeDep ROOT @base-ui/utils@0.3.2 OK for: @base-ui/react@1.7.0 want: 0.3.2
633 silly placeDep ROOT @floating-ui/react-dom@2.1.9 OK for: @base-ui/react@1.7.0 want: ^2.1.9
634 silly placeDep ROOT @floating-ui/utils@0.2.12 OK for: @base-ui/react@1.7.0 want: ^0.2.12
635 silly placeDep ROOT use-sync-external-store@1.6.0 OK for: @base-ui/react@1.7.0 want: ^1.6.0
636 silly fetch manifest reselect@^5.2.0
637 silly packumentCache full:https://registry.npmjs.org/reselect cache-miss
638 silly fetch manifest @floating-ui/dom@^1.8.0
639 silly packumentCache full:https://registry.npmjs.org/@floating-ui%2fdom cache-miss
640 http cache https://registry.npmjs.org/reselect 2ms (cache hit)
641 silly packumentCache full:https://registry.npmjs.org/reselect set size:353417 disposed:false
642 http fetch GET 200 https://registry.npmjs.org/@floating-ui%2fdom 118ms (cache miss)
643 silly packumentCache full:https://registry.npmjs.org/@floating-ui%2fdom set size:undefined disposed:false
644 silly placeDep ROOT reselect@5.2.0 OK for: @base-ui/utils@0.3.2 want: ^5.2.0
645 silly placeDep ROOT @floating-ui/dom@1.8.0 OK for: @floating-ui/react-dom@2.1.9 want: ^1.8.0
646 silly fetch manifest @floating-ui/core@^1.8.0
647 silly packumentCache full:https://registry.npmjs.org/@floating-ui%2fcore cache-miss
648 http fetch GET 200 https://registry.npmjs.org/@floating-ui%2fcore 136ms (cache miss)
649 silly packumentCache full:https://registry.npmjs.org/@floating-ui%2fcore set size:undefined disposed:false
650 silly placeDep ROOT @floating-ui/core@1.8.0 OK for: @floating-ui/dom@1.8.0 want: ^1.8.0
651 silly placeDep ROOT @alloc/quick-lru@5.2.0 OK for: @tailwindcss/postcss@4.3.3 want: ^5.2.0
652 silly placeDep ROOT @tailwindcss/node@4.3.3 OK for: @tailwindcss/postcss@4.3.3 want: 4.3.3
653 silly placeDep ROOT @tailwindcss/oxide@4.3.3 OK for: @tailwindcss/postcss@4.3.3 want: 4.3.3
654 silly placeDep ROOT postcss@8.5.26 OK for: @tailwindcss/postcss@4.3.3 want: ^8.5.16
655 silly fetch manifest jiti@^2.7.0
656 silly packumentCache full:https://registry.npmjs.org/jiti cache-miss
657 silly fetch manifest lightningcss@1.32.0
658 silly packumentCache full:https://registry.npmjs.org/lightningcss cache-miss
659 silly fetch manifest magic-string@^0.30.21
660 silly packumentCache full:https://registry.npmjs.org/magic-string cache-miss
661 silly fetch manifest source-map-js@^1.2.1
662 silly packumentCache full:https://registry.npmjs.org/source-map-js cache-miss
663 silly fetch manifest enhanced-resolve@^5.24.1
664 silly packumentCache full:https://registry.npmjs.org/enhanced-resolve cache-miss
665 silly fetch manifest @jridgewell/remapping@^2.3.5
666 silly packumentCache full:https://registry.npmjs.org/@jridgewell%2fremapping cache-miss
667 silly fetch manifest @tailwindcss/oxide-darwin-x64@4.3.3
668 silly packumentCache full:https://registry.npmjs.org/@tailwindcss%2foxide-darwin-x64 cache-miss
669 silly fetch manifest @tailwindcss/oxide-freebsd-x64@4.3.3
670 silly packumentCache full:https://registry.npmjs.org/@tailwindcss%2foxide-freebsd-x64 cache-miss
671 silly fetch manifest @tailwindcss/oxide-wasm32-wasi@4.3.3
672 silly packumentCache full:https://registry.npmjs.org/@tailwindcss%2foxide-wasm32-wasi cache-miss
673 http cache https://registry.npmjs.org/jiti 3ms (cache hit)
674 silly packumentCache full:https://registry.npmjs.org/jiti set size:387989 disposed:false
675 silly fetch manifest @tailwindcss/oxide-darwin-arm64@4.3.3
676 silly packumentCache full:https://registry.npmjs.org/@tailwindcss%2foxide-darwin-arm64 cache-miss
677 http fetch GET 200 https://registry.npmjs.org/lightningcss 69ms (cache miss)
678 silly packumentCache full:https://registry.npmjs.org/lightningcss set size:undefined disposed:false
679 silly fetch manifest @tailwindcss/oxide-android-arm64@4.3.3
680 silly packumentCache full:https://registry.npmjs.org/@tailwindcss%2foxide-android-arm64 cache-miss
681 http fetch GET 200 https://registry.npmjs.org/source-map-js 77ms (cache miss)
682 silly packumentCache full:https://registry.npmjs.org/source-map-js set size:undefined disposed:false
683 silly fetch manifest @tailwindcss/oxide-linux-x64-gnu@4.3.3
684 silly packumentCache full:https://registry.npmjs.org/@tailwindcss%2foxide-linux-x64-gnu cache-miss
685 http fetch GET 200 https://registry.npmjs.org/magic-string 77ms (cache miss)
686 silly packumentCache full:https://registry.npmjs.org/magic-string set size:undefined disposed:false
687 silly fetch manifest @tailwindcss/oxide-linux-x64-musl@4.3.3
688 silly packumentCache full:https://registry.npmjs.org/@tailwindcss%2foxide-linux-x64-musl cache-miss
689 http fetch GET 200 https://registry.npmjs.org/@tailwindcss%2foxide-freebsd-x64 184ms (cache miss)
690 silly packumentCache full:https://registry.npmjs.org/@tailwindcss%2foxide-freebsd-x64 set size:undefined disposed:false
691 silly fetch manifest @tailwindcss/oxide-win32-x64-msvc@4.3.3
692 silly packumentCache full:https://registry.npmjs.org/@tailwindcss%2foxide-win32-x64-msvc cache-miss
693 http fetch GET 200 https://registry.npmjs.org/@jridgewell%2fremapping 193ms (cache miss)
694 silly packumentCache full:https://registry.npmjs.org/@jridgewell%2fremapping set size:undefined disposed:false
695 silly fetch manifest @tailwindcss/oxide-linux-arm64-gnu@4.3.3
696 silly packumentCache full:https://registry.npmjs.org/@tailwindcss%2foxide-linux-arm64-gnu cache-miss
697 http fetch GET 200 https://registry.npmjs.org/enhanced-resolve 197ms (cache miss)
698 silly packumentCache full:https://registry.npmjs.org/enhanced-resolve set size:undefined disposed:false
699 silly fetch manifest @tailwindcss/oxide-linux-arm64-musl@4.3.3
700 silly packumentCache full:https://registry.npmjs.org/@tailwindcss%2foxide-linux-arm64-musl cache-miss
701 http fetch GET 200 https://registry.npmjs.org/@tailwindcss%2foxide-wasm32-wasi 200ms (cache miss)
702 silly packumentCache full:https://registry.npmjs.org/@tailwindcss%2foxide-wasm32-wasi set size:undefined disposed:false
703 silly fetch manifest @tailwindcss/oxide-win32-arm64-msvc@4.3.3
704 silly packumentCache full:https://registry.npmjs.org/@tailwindcss%2foxide-win32-arm64-msvc cache-miss
705 http fetch GET 200 https://registry.npmjs.org/@tailwindcss%2foxide-android-arm64 177ms (cache miss)
706 silly packumentCache full:https://registry.npmjs.org/@tailwindcss%2foxide-android-arm64 set size:undefined disposed:false
707 silly fetch manifest @tailwindcss/oxide-linux-arm-gnueabihf@4.3.3
708 silly packumentCache full:https://registry.npmjs.org/@tailwindcss%2foxide-linux-arm-gnueabihf cache-miss
709 http fetch GET 200 https://registry.npmjs.org/@tailwindcss%2foxide-win32-x64-msvc 223ms (cache miss)
710 silly packumentCache full:https://registry.npmjs.org/@tailwindcss%2foxide-win32-x64-msvc set size:undefined disposed:false
711 silly fetch manifest nanoid@^3.3.17
712 silly packumentCache full:https://registry.npmjs.org/nanoid cache-miss
713 http fetch GET 200 https://registry.npmjs.org/@tailwindcss%2foxide-darwin-x64 454ms (cache miss)
714 silly packumentCache full:https://registry.npmjs.org/@tailwindcss%2foxide-darwin-x64 set size:undefined disposed:false
715 silly fetch manifest picocolors@^1.1.1
716 silly packumentCache full:https://registry.npmjs.org/picocolors cache-miss
717 http fetch GET 200 https://registry.npmjs.org/@tailwindcss%2foxide-linux-arm-gnueabihf 331ms (cache miss)
718 silly packumentCache full:https://registry.npmjs.org/@tailwindcss%2foxide-linux-arm-gnueabihf set size:undefined disposed:false
719 http fetch GET 200 https://registry.npmjs.org/@tailwindcss%2foxide-linux-x64-gnu 600ms (cache miss)
720 silly packumentCache full:https://registry.npmjs.org/@tailwindcss%2foxide-linux-x64-gnu set size:undefined disposed:false
721 http fetch GET 200 https://registry.npmjs.org/nanoid 287ms (cache miss)
722 silly packumentCache full:https://registry.npmjs.org/nanoid set size:undefined disposed:false
723 http fetch GET 200 https://registry.npmjs.org/@tailwindcss%2foxide-win32-arm64-msvc 509ms (cache miss)
724 silly packumentCache full:https://registry.npmjs.org/@tailwindcss%2foxide-win32-arm64-msvc set size:undefined disposed:false
725 http fetch GET 200 https://registry.npmjs.org/picocolors 258ms (cache miss)
726 silly packumentCache full:https://registry.npmjs.org/picocolors set size:undefined disposed:false
727 http fetch GET 200 https://registry.npmjs.org/@tailwindcss%2foxide-linux-x64-musl 752ms (cache miss)
728 silly packumentCache full:https://registry.npmjs.org/@tailwindcss%2foxide-linux-x64-musl set size:undefined disposed:false
729 http fetch GET 200 https://registry.npmjs.org/@tailwindcss%2foxide-linux-arm64-gnu 695ms (cache miss)
730 silly packumentCache full:https://registry.npmjs.org/@tailwindcss%2foxide-linux-arm64-gnu set size:undefined disposed:false
731 http fetch GET 200 https://registry.npmjs.org/@tailwindcss%2foxide-darwin-arm64 1005ms (cache miss)
732 silly packumentCache full:https://registry.npmjs.org/@tailwindcss%2foxide-darwin-arm64 set size:undefined disposed:false
733 http fetch GET 200 https://registry.npmjs.org/@tailwindcss%2foxide-linux-arm64-musl 866ms (cache miss)
734 silly packumentCache full:https://registry.npmjs.org/@tailwindcss%2foxide-linux-arm64-musl set size:undefined disposed:false
735 silly placeDep ROOT @jridgewell/remapping@2.3.5 OK for: @tailwindcss/node@4.3.3 want: ^2.3.5
736 silly placeDep ROOT enhanced-resolve@5.24.5 OK for: @tailwindcss/node@4.3.3 want: ^5.24.1
737 silly placeDep ROOT jiti@2.7.0 OK for: @tailwindcss/node@4.3.3 want: ^2.7.0
738 silly placeDep ROOT lightningcss@1.32.0 OK for: @tailwindcss/node@4.3.3 want: 1.32.0
739 silly placeDep ROOT magic-string@0.30.21 OK for: @tailwindcss/node@4.3.3 want: ^0.30.21
740 silly placeDep ROOT source-map-js@1.2.1 OK for: @tailwindcss/node@4.3.3 want: ^1.2.1
741 silly fetch manifest @jridgewell/gen-mapping@^0.3.5
742 silly packumentCache full:https://registry.npmjs.org/@jridgewell%2fgen-mapping cache-miss
743 silly fetch manifest @jridgewell/trace-mapping@^0.3.24
744 silly packumentCache full:https://registry.npmjs.org/@jridgewell%2ftrace-mapping cache-miss
745 silly fetch manifest tapable@^2.3.3
746 silly packumentCache full:https://registry.npmjs.org/tapable cache-miss
747 silly fetch manifest graceful-fs@^4.2.4
748 silly packumentCache full:https://registry.npmjs.org/graceful-fs cache-miss
749 silly fetch manifest detect-libc@^2.0.3
750 silly packumentCache full:https://registry.npmjs.org/detect-libc cache-miss
751 silly fetch manifest lightningcss-darwin-x64@1.32.0
752 silly packumentCache full:https://registry.npmjs.org/lightningcss-darwin-x64 cache-miss
753 silly fetch manifest lightningcss-freebsd-x64@1.32.0
754 silly packumentCache full:https://registry.npmjs.org/lightningcss-freebsd-x64 cache-miss
755 silly fetch manifest lightningcss-darwin-arm64@1.32.0
756 silly packumentCache full:https://registry.npmjs.org/lightningcss-darwin-arm64 cache-miss
757 silly fetch manifest lightningcss-android-arm64@1.32.0
758 silly packumentCache full:https://registry.npmjs.org/lightningcss-android-arm64 cache-miss
759 http fetch GET 200 https://registry.npmjs.org/lightningcss-freebsd-x64 58ms (cache miss)
760 silly packumentCache full:https://registry.npmjs.org/lightningcss-freebsd-x64 set size:undefined disposed:false
761 silly fetch manifest lightningcss-linux-x64-gnu@1.32.0
762 silly packumentCache full:https://registry.npmjs.org/lightningcss-linux-x64-gnu cache-miss
763 http fetch GET 200 https://registry.npmjs.org/lightningcss-android-arm64 60ms (cache miss)
764 silly packumentCache full:https://registry.npmjs.org/lightningcss-android-arm64 set size:undefined disposed:false
765 silly fetch manifest lightningcss-linux-x64-musl@1.32.0
766 silly packumentCache full:https://registry.npmjs.org/lightningcss-linux-x64-musl cache-miss
767 http fetch GET 200 https://registry.npmjs.org/detect-libc 74ms (cache miss)
768 silly packumentCache full:https://registry.npmjs.org/detect-libc set size:undefined disposed:false
769 silly fetch manifest lightningcss-win32-x64-msvc@1.32.0
770 silly packumentCache full:https://registry.npmjs.org/lightningcss-win32-x64-msvc cache-miss
771 http fetch GET 200 https://registry.npmjs.org/tapable 74ms (cache miss)
772 silly packumentCache full:https://registry.npmjs.org/tapable set size:undefined disposed:false
773 silly fetch manifest lightningcss-linux-arm64-gnu@1.32.0
774 silly packumentCache full:https://registry.npmjs.org/lightningcss-linux-arm64-gnu cache-miss
775 http fetch GET 200 https://registry.npmjs.org/graceful-fs 77ms (cache miss)
776 silly packumentCache full:https://registry.npmjs.org/graceful-fs set size:undefined disposed:false
777 silly fetch manifest lightningcss-linux-arm64-musl@1.32.0
778 silly packumentCache full:https://registry.npmjs.org/lightningcss-linux-arm64-musl cache-miss
779 http fetch GET 200 https://registry.npmjs.org/lightningcss-darwin-x64 78ms (cache miss)
780 silly packumentCache full:https://registry.npmjs.org/lightningcss-darwin-x64 set size:undefined disposed:false
781 silly fetch manifest lightningcss-win32-arm64-msvc@1.32.0
782 silly packumentCache full:https://registry.npmjs.org/lightningcss-win32-arm64-msvc cache-miss
783 http fetch GET 200 https://registry.npmjs.org/lightningcss-darwin-arm64 87ms (cache miss)
784 silly packumentCache full:https://registry.npmjs.org/lightningcss-darwin-arm64 set size:undefined disposed:false
785 silly fetch manifest lightningcss-linux-arm-gnueabihf@1.32.0
786 silly packumentCache full:https://registry.npmjs.org/lightningcss-linux-arm-gnueabihf cache-miss
787 http fetch GET 200 https://registry.npmjs.org/@jridgewell%2fgen-mapping 91ms (cache miss)
788 silly packumentCache full:https://registry.npmjs.org/@jridgewell%2fgen-mapping set size:undefined disposed:false
789 silly fetch manifest @jridgewell/sourcemap-codec@^1.5.5
790 silly packumentCache full:https://registry.npmjs.org/@jridgewell%2fsourcemap-codec cache-miss
791 http fetch GET 200 https://registry.npmjs.org/@jridgewell%2ftrace-mapping 93ms (cache miss)
792 silly packumentCache full:https://registry.npmjs.org/@jridgewell%2ftrace-mapping set size:undefined disposed:false
793 http fetch GET 200 https://registry.npmjs.org/lightningcss-win32-x64-msvc 91ms (cache miss)
794 silly packumentCache full:https://registry.npmjs.org/lightningcss-win32-x64-msvc set size:undefined disposed:false
795 http fetch GET 200 https://registry.npmjs.org/lightningcss-win32-arm64-msvc 88ms (cache miss)
796 silly packumentCache full:https://registry.npmjs.org/lightningcss-win32-arm64-msvc set size:undefined disposed:false
797 http fetch GET 200 https://registry.npmjs.org/lightningcss-linux-x64-gnu 117ms (cache miss)
798 silly packumentCache full:https://registry.npmjs.org/lightningcss-linux-x64-gnu set size:undefined disposed:false
799 http fetch GET 200 https://registry.npmjs.org/lightningcss-linux-arm64-musl 99ms (cache miss)
800 silly packumentCache full:https://registry.npmjs.org/lightningcss-linux-arm64-musl set size:undefined disposed:false
801 http fetch GET 200 https://registry.npmjs.org/lightningcss-linux-x64-musl 115ms (cache miss)
802 silly packumentCache full:https://registry.npmjs.org/lightningcss-linux-x64-musl set size:undefined disposed:false
803 http fetch GET 200 https://registry.npmjs.org/lightningcss-linux-arm64-gnu 102ms (cache miss)
804 silly packumentCache full:https://registry.npmjs.org/lightningcss-linux-arm64-gnu set size:undefined disposed:false
805 http fetch GET 200 https://registry.npmjs.org/lightningcss-linux-arm-gnueabihf 93ms (cache miss)
806 silly packumentCache full:https://registry.npmjs.org/lightningcss-linux-arm-gnueabihf set size:undefined disposed:false
807 http fetch GET 200 https://registry.npmjs.org/@jridgewell%2fsourcemap-codec 94ms (cache miss)
808 silly packumentCache full:https://registry.npmjs.org/@jridgewell%2fsourcemap-codec set size:undefined disposed:false
809 silly placeDep ROOT @jridgewell/gen-mapping@0.3.13 OK for: @jridgewell/remapping@2.3.5 want: ^0.3.5
810 silly placeDep ROOT @jridgewell/trace-mapping@0.3.31 OK for: @jridgewell/remapping@2.3.5 want: ^0.3.24
811 silly fetch manifest @jridgewell/sourcemap-codec@^1.5.0
812 silly packumentCache full:https://registry.npmjs.org/@jridgewell%2fsourcemap-codec cache-miss
813 silly fetch manifest @jridgewell/resolve-uri@^3.1.0
814 silly packumentCache full:https://registry.npmjs.org/@jridgewell%2fresolve-uri cache-miss
815 silly fetch manifest @jridgewell/sourcemap-codec@^1.4.14
816 silly packumentCache full:https://registry.npmjs.org/@jridgewell%2fsourcemap-codec cache-miss
817 http cache https://registry.npmjs.org/@jridgewell%2fsourcemap-codec 2ms (cache hit)
818 silly packumentCache full:https://registry.npmjs.org/@jridgewell%2fsourcemap-codec set size:51856 disposed:false
819 http cache https://registry.npmjs.org/@jridgewell%2fsourcemap-codec 2ms (cache hit)
820 silly packumentCache full:https://registry.npmjs.org/@jridgewell%2fsourcemap-codec set size:51856 disposed:false
821 silly packumentCache full:https://registry.npmjs.org/@jridgewell%2fsourcemap-codec dispose
822 http fetch GET 200 https://registry.npmjs.org/@jridgewell%2fresolve-uri 109ms (cache miss)
823 silly packumentCache full:https://registry.npmjs.org/@jridgewell%2fresolve-uri set size:undefined disposed:false
824 silly placeDep ROOT @jridgewell/sourcemap-codec@1.5.5 OK for: @jridgewell/gen-mapping@0.3.13 want: ^1.5.0
825 silly placeDep ROOT @jridgewell/resolve-uri@3.1.2 OK for: @jridgewell/trace-mapping@0.3.31 want: ^3.1.0
826 silly placeDep ROOT @tailwindcss/oxide-android-arm64@4.3.3 OK for: @tailwindcss/oxide@4.3.3 want: 4.3.3
827 silly placeDep ROOT @tailwindcss/oxide-darwin-arm64@4.3.3 OK for: @tailwindcss/oxide@4.3.3 want: 4.3.3
828 silly placeDep ROOT @tailwindcss/oxide-darwin-x64@4.3.3 OK for: @tailwindcss/oxide@4.3.3 want: 4.3.3
829 silly placeDep ROOT @tailwindcss/oxide-freebsd-x64@4.3.3 OK for: @tailwindcss/oxide@4.3.3 want: 4.3.3
830 silly placeDep ROOT @tailwindcss/oxide-linux-arm-gnueabihf@4.3.3 OK for: @tailwindcss/oxide@4.3.3 want: 4.3.3
831 silly placeDep ROOT @tailwindcss/oxide-linux-arm64-gnu@4.3.3 OK for: @tailwindcss/oxide@4.3.3 want: 4.3.3
832 silly placeDep ROOT @tailwindcss/oxide-linux-arm64-musl@4.3.3 OK for: @tailwindcss/oxide@4.3.3 want: 4.3.3
833 silly placeDep ROOT @tailwindcss/oxide-linux-x64-gnu@4.3.3 OK for: @tailwindcss/oxide@4.3.3 want: 4.3.3
834 silly placeDep ROOT @tailwindcss/oxide-linux-x64-musl@4.3.3 OK for: @tailwindcss/oxide@4.3.3 want: 4.3.3
835 silly placeDep ROOT @tailwindcss/oxide-wasm32-wasi@4.3.3 OK for: @tailwindcss/oxide@4.3.3 want: 4.3.3
836 silly placeDep ROOT @tailwindcss/oxide-win32-arm64-msvc@4.3.3 OK for: @tailwindcss/oxide@4.3.3 want: 4.3.3
837 silly placeDep ROOT @tailwindcss/oxide-win32-x64-msvc@4.3.3 OK for: @tailwindcss/oxide@4.3.3 want: 4.3.3
838 silly placeDep ROOT undici-types@6.21.0 OK for: @types/node@20.19.43 want: ~6.21.0
839 silly placeDep ROOT csstype@3.2.3 OK for: @types/react@19.2.18 want: ^3.2.2
840 silly placeDep ROOT graceful-fs@4.2.11 OK for: enhanced-resolve@5.24.5 want: ^4.2.4
841 silly placeDep ROOT tapable@2.3.3 OK for: enhanced-resolve@5.24.5 want: ^2.3.3
842 silly fetch manifest eslint@^6.0.0 || ^7.0.0 || >=8.0.0
843 silly packumentCache full:https://registry.npmjs.org/eslint cache-miss
844 http cache https://registry.npmjs.org/eslint 4ms (cache hit)
845 silly packumentCache full:https://registry.npmjs.org/eslint set size:2048190 disposed:false
846 silly placeDep ROOT @eslint-community/eslint-utils@4.10.1 OK for: eslint@9.39.5 want: ^4.8.0
847 silly placeDep ROOT @eslint-community/regexpp@4.12.2 OK for: eslint@9.39.5 want: ^4.12.1
848 silly placeDep ROOT @eslint/config-array@0.21.2 OK for: eslint@9.39.5 want: ^0.21.2
849 silly placeDep ROOT @eslint/config-helpers@0.4.2 OK for: eslint@9.39.5 want: ^0.4.2
850 silly placeDep ROOT @eslint/core@0.17.0 OK for: eslint@9.39.5 want: ^0.17.0
851 silly placeDep ROOT @eslint/eslintrc@3.3.6 OK for: eslint@9.39.5 want: ^3.3.6
852 silly placeDep ROOT @eslint/js@9.39.5 OK for: eslint@9.39.5 want: 9.39.5
853 silly placeDep ROOT @eslint/plugin-kit@0.4.1 OK for: eslint@9.39.5 want: ^0.4.1
854 silly placeDep ROOT @humanfs/node@0.16.8 OK for: eslint@9.39.5 want: ^0.16.6
855 silly placeDep ROOT @humanwhocodes/module-importer@1.0.1 OK for: eslint@9.39.5 want: ^1.0.1
856 silly placeDep ROOT @humanwhocodes/retry@0.4.3 OK for: eslint@9.39.5 want: ^0.4.2
857 silly placeDep ROOT @types/estree@1.0.9 OK for: eslint@9.39.5 want: ^1.0.6
858 silly placeDep ROOT ajv@6.15.0 OK for: eslint@9.39.5 want: ^6.14.0
859 silly placeDep ROOT chalk@4.1.2 OK for: eslint@9.39.5 want: ^4.0.0
860 silly placeDep ROOT cross-spawn@7.0.6 OK for: eslint@9.39.5 want: ^7.0.6
861 silly placeDep ROOT debug@4.4.3 OK for: eslint@9.39.5 want: ^4.3.2
862 silly placeDep ROOT escape-string-regexp@4.0.0 OK for: eslint@9.39.5 want: ^4.0.0
863 silly placeDep ROOT eslint-scope@8.4.0 OK for: eslint@9.39.5 want: ^8.4.0
864 silly placeDep ROOT eslint-visitor-keys@4.2.1 OK for: eslint@9.39.5 want: ^4.2.1
865 silly placeDep ROOT espree@10.4.0 OK for: eslint@9.39.5 want: ^10.4.0
866 silly placeDep ROOT esquery@1.7.0 OK for: eslint@9.39.5 want: ^1.5.0
867 silly placeDep ROOT esutils@2.0.3 OK for: eslint@9.39.5 want: ^2.0.2
868 silly placeDep ROOT fast-deep-equal@3.1.3 OK for: eslint@9.39.5 want: ^3.1.3
869 silly placeDep ROOT file-entry-cache@8.0.0 OK for: eslint@9.39.5 want: ^8.0.0
870 silly placeDep ROOT find-up@5.0.0 OK for: eslint@9.39.5 want: ^5.0.0
871 silly placeDep ROOT glob-parent@6.0.2 OK for: eslint@9.39.5 want: ^6.0.2
872 silly placeDep ROOT ignore@5.3.2 OK for: eslint@9.39.5 want: ^5.2.0
873 silly placeDep ROOT imurmurhash@0.1.4 OK for: eslint@9.39.5 want: ^0.1.4
874 silly placeDep ROOT is-glob@4.0.3 OK for: eslint@9.39.5 want: ^4.0.0
875 silly placeDep ROOT json-stable-stringify-without-jsonify@1.0.1 OK for: eslint@9.39.5 want: ^1.0.1
876 silly placeDep ROOT lodash.merge@4.6.2 OK for: eslint@9.39.5 want: ^4.6.2
877 silly placeDep ROOT minimatch@3.1.5 OK for: eslint@9.39.5 want: ^3.1.5
878 silly placeDep ROOT natural-compare@1.4.0 OK for: eslint@9.39.5 want: ^1.4.0
879 silly placeDep ROOT optionator@0.9.4 OK for: eslint@9.39.5 want: ^0.9.3
880 silly fetch manifest eslint-visitor-keys@^3.4.3
881 silly packumentCache full:https://registry.npmjs.org/eslint-visitor-keys cache-miss
882 silly fetch manifest debug@^4.3.1
883 silly packumentCache full:https://registry.npmjs.org/debug cache-miss
884 silly fetch manifest @eslint/object-schema@^2.1.7
885 silly packumentCache full:https://registry.npmjs.org/@eslint%2fobject-schema cache-miss
886 silly fetch manifest @types/json-schema@^7.0.15
887 silly packumentCache full:https://registry.npmjs.org/@types%2fjson-schema cache-miss
888 silly fetch manifest espree@^10.0.1
889 silly packumentCache full:https://registry.npmjs.org/espree cache-miss
890 silly fetch manifest globals@^14.0.0
891 silly packumentCache full:https://registry.npmjs.org/globals cache-miss
892 silly fetch manifest import-fresh@^3.2.1
893 silly packumentCache full:https://registry.npmjs.org/import-fresh cache-miss
894 silly fetch manifest js-yaml@^4.3.0
895 silly packumentCache full:https://registry.npmjs.org/js-yaml cache-miss
896 silly fetch manifest strip-json-comments@^3.1.1
897 silly packumentCache full:https://registry.npmjs.org/strip-json-comments cache-miss
898 http cache https://registry.npmjs.org/debug 6ms (cache hit)
899 silly packumentCache full:https://registry.npmjs.org/debug set size:195840 disposed:false
900 silly fetch manifest levn@^0.4.1
901 silly packumentCache full:https://registry.npmjs.org/levn cache-miss
902 http cache https://registry.npmjs.org/espree 7ms (cache hit)
903 silly packumentCache full:https://registry.npmjs.org/espree set size:326080 disposed:false
904 silly fetch manifest @humanwhocodes/retry@^0.4.0
905 silly packumentCache full:https://registry.npmjs.org/@humanwhocodes%2fretry cache-miss
906 http cache https://registry.npmjs.org/globals 9ms (cache hit)
907 silly packumentCache full:https://registry.npmjs.org/globals set size:327383 disposed:false
908 silly fetch manifest @humanfs/core@^0.19.2
909 silly packumentCache full:https://registry.npmjs.org/@humanfs%2fcore cache-miss
910 http cache https://registry.npmjs.org/eslint-visitor-keys 10ms (cache hit)
911 silly packumentCache full:https://registry.npmjs.org/eslint-visitor-keys set size:69949 disposed:false
912 silly fetch manifest @humanfs/types@^0.15.0
913 silly packumentCache full:https://registry.npmjs.org/@humanfs%2ftypes cache-miss
914 http cache https://registry.npmjs.org/@humanwhocodes%2fretry 3ms (cache hit)
915 silly packumentCache full:https://registry.npmjs.org/@humanwhocodes%2fretry set size:42348 disposed:false
916 silly fetch manifest uri-js@^4.2.2
917 silly packumentCache full:https://registry.npmjs.org/uri-js cache-miss
918 http fetch GET 200 https://registry.npmjs.org/import-fresh 55ms (cache miss)
919 silly packumentCache full:https://registry.npmjs.org/import-fresh set size:undefined disposed:false
920 silly fetch manifest fast-deep-equal@^3.1.1
921 silly packumentCache full:https://registry.npmjs.org/fast-deep-equal cache-miss
922 http cache https://registry.npmjs.org/fast-deep-equal 1ms (cache hit)
923 silly packumentCache full:https://registry.npmjs.org/fast-deep-equal set size:48634 disposed:false
924 silly fetch manifest json-schema-traverse@^0.4.1
925 silly packumentCache full:https://registry.npmjs.org/json-schema-traverse cache-miss
926 http fetch GET 200 https://registry.npmjs.org/levn 51ms (cache miss)
927 silly packumentCache full:https://registry.npmjs.org/levn set size:undefined disposed:false
928 silly fetch manifest fast-json-stable-stringify@^2.0.0
929 silly packumentCache full:https://registry.npmjs.org/fast-json-stable-stringify cache-miss
930 http fetch GET 200 https://registry.npmjs.org/@eslint%2fobject-schema 74ms (cache miss)
931 silly packumentCache full:https://registry.npmjs.org/@eslint%2fobject-schema set size:undefined disposed:false
932 silly fetch manifest ansi-styles@^4.1.0
933 silly packumentCache full:https://registry.npmjs.org/ansi-styles cache-miss
934 http fetch GET 200 https://registry.npmjs.org/strip-json-comments 73ms (cache miss)
935 silly packumentCache full:https://registry.npmjs.org/strip-json-comments set size:undefined disposed:false
936 silly fetch manifest supports-color@^7.1.0
937 silly packumentCache full:https://registry.npmjs.org/supports-color cache-miss
938 http fetch GET 200 https://registry.npmjs.org/@types%2fjson-schema 76ms (cache miss)
939 silly packumentCache full:https://registry.npmjs.org/@types%2fjson-schema set size:undefined disposed:false
940 silly fetch manifest which@^2.0.1
941 silly packumentCache full:https://registry.npmjs.org/which cache-miss
942 http fetch GET 200 https://registry.npmjs.org/uri-js 65ms (cache miss)
943 silly packumentCache full:https://registry.npmjs.org/uri-js set size:undefined disposed:false
944 silly fetch manifest path-key@^3.1.0
945 silly packumentCache full:https://registry.npmjs.org/path-key cache-miss
946 http fetch GET 200 https://registry.npmjs.org/js-yaml 78ms (cache miss)
947 silly packumentCache full:https://registry.npmjs.org/js-yaml set size:undefined disposed:false
948 silly fetch manifest shebang-command@^2.0.0
949 silly packumentCache full:https://registry.npmjs.org/shebang-command cache-miss
950 http fetch GET 200 https://registry.npmjs.org/@humanfs%2fcore 81ms (cache miss)
951 silly packumentCache full:https://registry.npmjs.org/@humanfs%2fcore set size:undefined disposed:false
952 silly fetch manifest ms@^2.1.3
953 silly packumentCache full:https://registry.npmjs.org/ms cache-miss
954 http fetch GET 200 https://registry.npmjs.org/json-schema-traverse 77ms (cache miss)
955 silly packumentCache full:https://registry.npmjs.org/json-schema-traverse set size:undefined disposed:false
956 silly fetch manifest esrecurse@^4.3.0
957 silly packumentCache full:https://registry.npmjs.org/esrecurse cache-miss
958 http fetch GET 200 https://registry.npmjs.org/fast-json-stable-stringify 77ms (cache miss)
959 silly packumentCache full:https://registry.npmjs.org/fast-json-stable-stringify set size:undefined disposed:false
960 silly fetch manifest estraverse@^5.2.0
961 silly packumentCache full:https://registry.npmjs.org/estraverse cache-miss
962 http fetch GET 200 https://registry.npmjs.org/which 59ms (cache miss)
963 silly packumentCache full:https://registry.npmjs.org/which set size:undefined disposed:false
964 silly fetch manifest acorn@^8.15.0
965 silly packumentCache full:https://registry.npmjs.org/acorn cache-miss
966 http fetch GET 200 https://registry.npmjs.org/path-key 96ms (cache miss)
967 silly packumentCache full:https://registry.npmjs.org/path-key set size:undefined disposed:false
968 silly fetch manifest acorn-jsx@^5.3.2
969 silly packumentCache full:https://registry.npmjs.org/acorn-jsx cache-miss
970 http fetch GET 200 https://registry.npmjs.org/ansi-styles 101ms (cache miss)
971 silly packumentCache full:https://registry.npmjs.org/ansi-styles set size:undefined disposed:false
972 silly fetch manifest estraverse@^5.1.0
973 silly packumentCache full:https://registry.npmjs.org/estraverse cache-miss
974 http fetch GET 200 https://registry.npmjs.org/supports-color 127ms (cache miss)
975 silly packumentCache full:https://registry.npmjs.org/supports-color set size:undefined disposed:false
976 silly fetch manifest flat-cache@^4.0.0
977 silly packumentCache full:https://registry.npmjs.org/flat-cache cache-miss
978 http fetch GET 200 https://registry.npmjs.org/shebang-command 124ms (cache miss)
979 silly packumentCache full:https://registry.npmjs.org/shebang-command set size:undefined disposed:false
980 silly fetch manifest locate-path@^6.0.0
981 silly packumentCache full:https://registry.npmjs.org/locate-path cache-miss
982 http fetch GET 200 https://registry.npmjs.org/esrecurse 73ms (cache miss)
983 silly packumentCache full:https://registry.npmjs.org/esrecurse set size:undefined disposed:false
984 silly fetch manifest path-exists@^4.0.0
985 silly packumentCache full:https://registry.npmjs.org/path-exists cache-miss
986 http fetch GET 200 https://registry.npmjs.org/ms 115ms (cache miss)
987 silly packumentCache full:https://registry.npmjs.org/ms set size:undefined disposed:false
988 silly fetch manifest is-glob@^4.0.3
989 silly packumentCache full:https://registry.npmjs.org/is-glob cache-miss
990 http cache https://registry.npmjs.org/is-glob 1ms (cache hit)
991 silly packumentCache full:https://registry.npmjs.org/is-glob set size:40530 disposed:false
992 silly fetch manifest is-extglob@^2.1.1
993 silly packumentCache full:https://registry.npmjs.org/is-extglob cache-miss
994 http fetch GET 200 https://registry.npmjs.org/estraverse 74ms (cache miss)
995 silly packumentCache full:https://registry.npmjs.org/estraverse set size:undefined disposed:false
996 silly fetch manifest brace-expansion@^1.1.7
997 silly packumentCache full:https://registry.npmjs.org/brace-expansion cache-miss
998 http fetch GET 200 https://registry.npmjs.org/acorn 87ms (cache miss)
999 silly packumentCache full:https://registry.npmjs.org/acorn set size:undefined disposed:false
1000 silly fetch manifest prelude-ls@^1.2.1
1001 silly packumentCache full:https://registry.npmjs.org/prelude-ls cache-miss
1002 http fetch GET 200 https://registry.npmjs.org/estraverse 80ms (cache miss)
1003 silly packumentCache full:https://registry.npmjs.org/estraverse set size:undefined disposed:false
1004 silly fetch manifest deep-is@^0.1.3
1005 silly packumentCache full:https://registry.npmjs.org/deep-is cache-miss
1006 http fetch GET 200 https://registry.npmjs.org/acorn-jsx 82ms (cache miss)
1007 silly packumentCache full:https://registry.npmjs.org/acorn-jsx set size:undefined disposed:false
1008 silly fetch manifest word-wrap@^1.2.5
1009 silly packumentCache full:https://registry.npmjs.org/word-wrap cache-miss
1010 http fetch GET 200 https://registry.npmjs.org/is-extglob 60ms (cache miss)
1011 silly packumentCache full:https://registry.npmjs.org/is-extglob set size:undefined disposed:false
1012 silly fetch manifest type-check@^0.4.0
1013 silly packumentCache full:https://registry.npmjs.org/type-check cache-miss
1014 http fetch GET 200 https://registry.npmjs.org/path-exists 75ms (cache miss)
1015 silly packumentCache full:https://registry.npmjs.org/path-exists set size:undefined disposed:false
1016 silly fetch manifest fast-levenshtein@^2.0.6
1017 silly packumentCache full:https://registry.npmjs.org/fast-levenshtein cache-miss
1018 http fetch GET 200 https://registry.npmjs.org/prelude-ls 58ms (cache miss)
1019 silly packumentCache full:https://registry.npmjs.org/prelude-ls set size:undefined disposed:false
1020 http fetch GET 200 https://registry.npmjs.org/brace-expansion 76ms (cache miss)
1021 silly packumentCache full:https://registry.npmjs.org/brace-expansion set size:undefined disposed:false
1022 http fetch GET 200 https://registry.npmjs.org/flat-cache 85ms (cache miss)
1023 silly packumentCache full:https://registry.npmjs.org/flat-cache set size:undefined disposed:false
1024 http fetch GET 200 https://registry.npmjs.org/locate-path 87ms (cache miss)
1025 silly packumentCache full:https://registry.npmjs.org/locate-path set size:undefined disposed:false
1026 http fetch GET 200 https://registry.npmjs.org/deep-is 44ms (cache miss)
1027 silly packumentCache full:https://registry.npmjs.org/deep-is set size:undefined disposed:false
1028 http fetch GET 200 https://registry.npmjs.org/word-wrap 53ms (cache miss)
1029 silly packumentCache full:https://registry.npmjs.org/word-wrap set size:undefined disposed:false
1030 http fetch GET 200 https://registry.npmjs.org/@humanfs%2ftypes 301ms (cache miss)
1031 silly packumentCache full:https://registry.npmjs.org/@humanfs%2ftypes set size:undefined disposed:false
1032 http fetch GET 200 https://registry.npmjs.org/type-check 62ms (cache miss)
1033 silly packumentCache full:https://registry.npmjs.org/type-check set size:undefined disposed:false
1034 http fetch GET 200 https://registry.npmjs.org/fast-levenshtein 56ms (cache miss)
1035 silly packumentCache full:https://registry.npmjs.org/fast-levenshtein set size:undefined disposed:false
1036 silly placeDep node_modules/@eslint-community/eslint-utils eslint-visitor-keys@3.4.3 OK for: @eslint-community/eslint-utils@4.10.1 want: ^3.4.3
1037 silly placeDep ROOT @eslint/object-schema@2.1.7 OK for: @eslint/config-array@0.21.2 want: ^2.1.7
1038 silly placeDep ROOT @types/json-schema@7.0.15 OK for: @eslint/core@0.17.0 want: ^7.0.15
1039 silly placeDep ROOT globals@14.0.0 OK for: @eslint/eslintrc@3.3.6 want: ^14.0.0
1040 silly placeDep ROOT import-fresh@3.3.1 OK for: @eslint/eslintrc@3.3.6 want: ^3.2.1
1041 silly placeDep ROOT js-yaml@4.3.1 OK for: @eslint/eslintrc@3.3.6 want: ^4.3.0
1042 silly placeDep ROOT strip-json-comments@3.1.1 OK for: @eslint/eslintrc@3.3.6 want: ^3.1.1
1043 silly fetch manifest resolve-from@^4.0.0
1044 silly packumentCache full:https://registry.npmjs.org/resolve-from cache-miss
1045 silly fetch manifest parent-module@^1.0.0
1046 silly packumentCache full:https://registry.npmjs.org/parent-module cache-miss
1047 silly fetch manifest argparse@^2.0.1
1048 silly packumentCache full:https://registry.npmjs.org/argparse cache-miss
1049 http fetch GET 200 https://registry.npmjs.org/argparse 51ms (cache miss)
1050 silly packumentCache full:https://registry.npmjs.org/argparse set size:undefined disposed:false
1051 http fetch GET 200 https://registry.npmjs.org/resolve-from 51ms (cache miss)
1052 silly packumentCache full:https://registry.npmjs.org/resolve-from set size:undefined disposed:false
1053 http fetch GET 200 https://registry.npmjs.org/parent-module 52ms (cache miss)
1054 silly packumentCache full:https://registry.npmjs.org/parent-module set size:undefined disposed:false
1055 silly placeDep ROOT levn@0.4.1 OK for: @eslint/plugin-kit@0.4.1 want: ^0.4.1
1056 silly fetch manifest type-check@~0.4.0
1057 silly packumentCache full:https://registry.npmjs.org/type-check cache-miss
1058 http cache https://registry.npmjs.org/type-check 1ms (cache hit)
1059 silly packumentCache full:https://registry.npmjs.org/type-check set size:21221 disposed:false
1060 silly placeDep ROOT @humanfs/core@0.19.2 OK for: @humanfs/node@0.16.8 want: ^0.19.2
1061 silly placeDep ROOT @humanfs/types@0.15.0 OK for: @humanfs/node@0.16.8 want: ^0.15.0
1062 silly placeDep ROOT fast-json-stable-stringify@2.1.0 OK for: ajv@6.15.0 want: ^2.0.0
1063 silly placeDep ROOT json-schema-traverse@0.4.1 OK for: ajv@6.15.0 want: ^0.4.1
1064 silly placeDep ROOT uri-js@4.4.1 OK for: ajv@6.15.0 want: ^4.2.2
1065 silly fetch manifest punycode@^2.1.0
1066 silly packumentCache full:https://registry.npmjs.org/punycode cache-miss
1067 http fetch GET 200 https://registry.npmjs.org/punycode 50ms (cache miss)
1068 silly packumentCache full:https://registry.npmjs.org/punycode set size:undefined disposed:false
1069 silly placeDep ROOT ansi-styles@4.3.0 OK for: chalk@4.1.2 want: ^4.1.0
1070 silly placeDep ROOT supports-color@7.2.0 OK for: chalk@4.1.2 want: ^7.1.0
1071 silly fetch manifest color-convert@^2.0.1
1072 silly packumentCache full:https://registry.npmjs.org/color-convert cache-miss
1073 silly fetch manifest has-flag@^4.0.0
1074 silly packumentCache full:https://registry.npmjs.org/has-flag cache-miss
1075 http fetch GET 200 https://registry.npmjs.org/has-flag 58ms (cache miss)
1076 silly packumentCache full:https://registry.npmjs.org/has-flag set size:undefined disposed:false
1077 http fetch GET 200 https://registry.npmjs.org/color-convert 67ms (cache miss)
1078 silly packumentCache full:https://registry.npmjs.org/color-convert set size:undefined disposed:false
1079 silly placeDep ROOT color-convert@2.0.1 OK for: ansi-styles@4.3.0 want: ^2.0.1
1080 silly fetch manifest color-name@~1.1.4
1081 silly packumentCache full:https://registry.npmjs.org/color-name cache-miss
1082 http fetch GET 200 https://registry.npmjs.org/color-name 47ms (cache miss)
1083 silly packumentCache full:https://registry.npmjs.org/color-name set size:undefined disposed:false
1084 silly placeDep ROOT color-name@1.1.4 OK for: color-convert@2.0.1 want: ~1.1.4
1085 silly placeDep ROOT path-key@3.1.1 OK for: cross-spawn@7.0.6 want: ^3.1.0
1086 silly placeDep ROOT shebang-command@2.0.0 OK for: cross-spawn@7.0.6 want: ^2.0.0
1087 silly placeDep ROOT which@2.0.2 OK for: cross-spawn@7.0.6 want: ^2.0.1
1088 silly fetch manifest shebang-regex@^3.0.0
1089 silly packumentCache full:https://registry.npmjs.org/shebang-regex cache-miss
1090 silly fetch manifest isexe@^2.0.0
1091 silly packumentCache full:https://registry.npmjs.org/isexe cache-miss
1092 http fetch GET 200 https://registry.npmjs.org/shebang-regex 54ms (cache miss)
1093 silly packumentCache full:https://registry.npmjs.org/shebang-regex set size:undefined disposed:false
1094 http fetch GET 200 https://registry.npmjs.org/isexe 57ms (cache miss)
1095 silly packumentCache full:https://registry.npmjs.org/isexe set size:undefined disposed:false
1096 silly placeDep ROOT ms@2.1.3 OK for: debug@4.4.3 want: ^2.1.3
1097 silly fetch manifest eslint@>=9.0.0
1098 silly packumentCache full:https://registry.npmjs.org/eslint cache-miss
1099 http cache https://registry.npmjs.org/eslint 3ms (cache hit)
1100 silly packumentCache full:https://registry.npmjs.org/eslint set size:2048190 disposed:false
1101 silly fetch manifest typescript@>=3.3.1
1102 silly packumentCache full:https://registry.npmjs.org/typescript cache-miss
1103 http cache https://registry.npmjs.org/typescript 16ms (cache hit)
1104 silly packumentCache full:https://registry.npmjs.org/typescript set size:15539069 disposed:false
1105 silly fetch manifest typescript@>=4.8.4 <6.1.0
1106 silly packumentCache full:https://registry.npmjs.org/typescript cache-miss
1107 http cache https://registry.npmjs.org/typescript 11ms (cache hit)
1108 silly packumentCache full:https://registry.npmjs.org/typescript set size:15539069 disposed:false
1109 silly fetch manifest eslint@^3 || ^4 || ^5 || ^6 || ^7 || ^8 || ^9.7
1110 silly packumentCache full:https://registry.npmjs.org/eslint cache-miss
1111 http cache https://registry.npmjs.org/eslint 5ms (cache hit)
1112 silly packumentCache full:https://registry.npmjs.org/eslint set size:2048190 disposed:false
1113 silly fetch manifest eslint@^2 || ^3 || ^4 || ^5 || ^6 || ^7.2.0 || ^8 || ^9
1114 silly packumentCache full:https://registry.npmjs.org/eslint cache-miss
1115 http cache https://registry.npmjs.org/eslint 3ms (cache hit)
1116 silly packumentCache full:https://registry.npmjs.org/eslint set size:2048190 disposed:false
1117 silly fetch manifest eslint@^3 || ^4 || ^5 || ^6 || ^7 || ^8 || ^9
1118 silly packumentCache full:https://registry.npmjs.org/eslint cache-miss
1119 http cache https://registry.npmjs.org/eslint 4ms (cache hit)
1120 silly packumentCache full:https://registry.npmjs.org/eslint set size:2048190 disposed:false
1121 silly fetch manifest eslint-plugin-import-x@*
1122 silly packumentCache full:https://registry.npmjs.org/eslint-plugin-import-x cache-miss
1123 http fetch GET 200 https://registry.npmjs.org/eslint-plugin-import-x 115ms (cache miss)
1124 silly packumentCache full:https://registry.npmjs.org/eslint-plugin-import-x set size:undefined disposed:false
1125 silly fetch manifest @typescript-eslint/utils@^8.56.0
1126 silly packumentCache full:https://registry.npmjs.org/@typescript-eslint%2futils cache-miss
1127 http fetch GET 200 https://registry.npmjs.org/@typescript-eslint%2futils 1041ms (cache miss)
1128 silly packumentCache full:https://registry.npmjs.org/@typescript-eslint%2futils set size:undefined disposed:false
1129 silly placeDep ROOT @next/eslint-plugin-next@16.2.12 OK for: eslint-config-next@16.2.12 want: 16.2.12
1130 silly placeDep ROOT eslint-import-resolver-node@0.3.10 OK for: eslint-config-next@16.2.12 want: ^0.3.6
1131 silly placeDep ROOT eslint-import-resolver-typescript@3.10.1 OK for: eslint-config-next@16.2.12 want: ^3.5.2
1132 silly placeDep ROOT eslint-plugin-import@2.32.0 OK for: eslint-config-next@16.2.12 want: ^2.32.0
1133 silly placeDep ROOT eslint-plugin-jsx-a11y@6.10.2 OK for: eslint-config-next@16.2.12 want: ^6.10.0
1134 silly placeDep ROOT eslint-plugin-react@7.37.5 OK for: eslint-config-next@16.2.12 want: ^7.37.0
1135 silly placeDep ROOT eslint-plugin-react-hooks@7.1.1 OK for: eslint-config-next@16.2.12 want: ^7.0.0
1136 silly placeDep node_modules/eslint-config-next globals@16.4.0 OK for: eslint-config-next@16.2.12 want: 16.4.0
1137 silly placeDep ROOT typescript-eslint@8.67.0 OK for: eslint-config-next@16.2.12 want: ^8.46.0
1138 silly fetch manifest fast-glob@3.3.1
1139 silly packumentCache full:https://registry.npmjs.org/fast-glob cache-miss
1140 silly fetch manifest debug@^3.2.7
1141 silly packumentCache full:https://registry.npmjs.org/debug cache-hit
1142 silly fetch manifest resolve@^2.0.0-next.6
1143 silly packumentCache full:https://registry.npmjs.org/resolve cache-miss
1144 silly fetch manifest is-core-module@^2.16.1
1145 silly packumentCache full:https://registry.npmjs.org/is-core-module cache-miss
1146 silly fetch manifest tinyglobby@^0.2.13
1147 silly packumentCache full:https://registry.npmjs.org/tinyglobby cache-miss
1148 silly fetch manifest stable-hash@^0.0.5
1149 silly packumentCache full:https://registry.npmjs.org/stable-hash cache-miss
1150 silly fetch manifest get-tsconfig@^4.10.0
1151 silly packumentCache full:https://registry.npmjs.org/get-tsconfig cache-miss
1152 silly fetch manifest is-bun-module@^2.0.0
1153 silly packumentCache full:https://registry.npmjs.org/is-bun-module cache-miss
1154 silly fetch manifest unrs-resolver@^1.6.2
1155 silly packumentCache full:https://registry.npmjs.org/unrs-resolver cache-miss
1156 silly fetch manifest @nolyfill/is-core-module@1.0.39
1157 silly packumentCache full:https://registry.npmjs.org/@nolyfill%2fis-core-module cache-miss
1158 http cache https://registry.npmjs.org/fast-glob 3ms (cache hit)
1159 silly packumentCache full:https://registry.npmjs.org/fast-glob set size:220556 disposed:false
1160 silly fetch manifest @rtsao/scc@^1.1.0
1161 silly packumentCache full:https://registry.npmjs.org/@rtsao%2fscc cache-miss
1162 http fetch GET 200 https://registry.npmjs.org/is-bun-module 65ms (cache miss)
1163 silly packumentCache full:https://registry.npmjs.org/is-bun-module set size:undefined disposed:false
1164 silly fetch manifest array-includes@^3.1.9
1165 silly packumentCache full:https://registry.npmjs.org/array-includes cache-miss
1166 http fetch GET 200 https://registry.npmjs.org/unrs-resolver 86ms (cache miss)
1167 silly packumentCache full:https://registry.npmjs.org/unrs-resolver set size:undefined disposed:false
1168 silly fetch manifest array.prototype.findlastindex@^1.2.6
1169 silly packumentCache full:https://registry.npmjs.org/array.prototype.findlastindex cache-miss
1170 http fetch GET 200 https://registry.npmjs.org/stable-hash 92ms (cache miss)
1171 silly packumentCache full:https://registry.npmjs.org/stable-hash set size:undefined disposed:false
1172 silly fetch manifest array.prototype.flat@^1.3.3
1173 silly packumentCache full:https://registry.npmjs.org/array.prototype.flat cache-miss
1174 http fetch GET 200 https://registry.npmjs.org/get-tsconfig 93ms (cache miss)
1175 silly packumentCache full:https://registry.npmjs.org/get-tsconfig set size:undefined disposed:false
1176 silly fetch manifest array.prototype.flatmap@^1.3.3
1177 silly packumentCache full:https://registry.npmjs.org/array.prototype.flatmap cache-miss
1178 http fetch GET 200 https://registry.npmjs.org/@rtsao%2fscc 91ms (cache miss)
1179 silly packumentCache full:https://registry.npmjs.org/@rtsao%2fscc set size:undefined disposed:false
1180 silly fetch manifest doctrine@^2.1.0
1181 silly packumentCache full:https://registry.npmjs.org/doctrine cache-miss
1182 http fetch GET 200 https://registry.npmjs.org/tinyglobby 94ms (cache miss)
1183 silly packumentCache full:https://registry.npmjs.org/tinyglobby set size:undefined disposed:false
1184 silly fetch manifest eslint-module-utils@^2.12.1
1185 silly packumentCache full:https://registry.npmjs.org/eslint-module-utils cache-miss
1186 http fetch GET 200 https://registry.npmjs.org/is-core-module 95ms (cache miss)
1187 silly packumentCache full:https://registry.npmjs.org/is-core-module set size:undefined disposed:false
1188 silly fetch manifest hasown@^2.0.2
1189 silly packumentCache full:https://registry.npmjs.org/hasown cache-miss
1190 http fetch GET 200 https://registry.npmjs.org/resolve 116ms (cache miss)
1191 silly packumentCache full:https://registry.npmjs.org/resolve set size:undefined disposed:false
1192 silly fetch manifest object.fromentries@^2.0.8
1193 silly packumentCache full:https://registry.npmjs.org/object.fromentries cache-miss
1194 http fetch GET 200 https://registry.npmjs.org/array-includes 51ms (cache miss)
1195 silly packumentCache full:https://registry.npmjs.org/array-includes set size:undefined disposed:false
1196 silly fetch manifest object.groupby@^1.0.3
1197 silly packumentCache full:https://registry.npmjs.org/object.groupby cache-miss
1198 http fetch GET 200 https://registry.npmjs.org/array.prototype.findlastindex 78ms (cache miss)
1199 silly packumentCache full:https://registry.npmjs.org/array.prototype.findlastindex set size:undefined disposed:false
1200 silly fetch manifest object.values@^1.2.1
1201 silly packumentCache full:https://registry.npmjs.org/object.values cache-miss
1202 http fetch GET 200 https://registry.npmjs.org/array.prototype.flat 76ms (cache miss)
1203 silly packumentCache full:https://registry.npmjs.org/array.prototype.flat set size:undefined disposed:false
1204 silly fetch manifest semver@^6.3.1
1205 silly packumentCache full:https://registry.npmjs.org/semver cache-miss
1206 http fetch GET 200 https://registry.npmjs.org/hasown 74ms (cache miss)
1207 silly packumentCache full:https://registry.npmjs.org/hasown set size:undefined disposed:false
1208 silly fetch manifest string.prototype.trimend@^1.0.9
1209 silly packumentCache full:https://registry.npmjs.org/string.prototype.trimend cache-miss
1210 http fetch GET 200 https://registry.npmjs.org/array.prototype.flatmap 76ms (cache miss)
1211 silly packumentCache full:https://registry.npmjs.org/array.prototype.flatmap set size:undefined disposed:false
1212 silly fetch manifest tsconfig-paths@^3.15.0
1213 silly packumentCache full:https://registry.npmjs.org/tsconfig-paths cache-miss
1214 http cache https://registry.npmjs.org/tsconfig-paths 1ms (cache hit)
1215 silly packumentCache full:https://registry.npmjs.org/tsconfig-paths set size:192565 disposed:false
1216 silly fetch manifest aria-query@^5.3.2
1217 silly packumentCache full:https://registry.npmjs.org/aria-query cache-miss
1218 http fetch GET 200 https://registry.npmjs.org/object.fromentries 63ms (cache miss)
1219 silly packumentCache full:https://registry.npmjs.org/object.fromentries set size:undefined disposed:false
1220 silly fetch manifest array-includes@^3.1.8
1221 silly packumentCache full:https://registry.npmjs.org/array-includes cache-miss
1222 http fetch GET 200 https://registry.npmjs.org/eslint-module-utils 87ms (cache miss)
1223 silly packumentCache full:https://registry.npmjs.org/eslint-module-utils set size:undefined disposed:false
1224 silly fetch manifest array.prototype.flatmap@^1.3.2
1225 silly packumentCache full:https://registry.npmjs.org/array.prototype.flatmap cache-miss
1226 http fetch GET 200 https://registry.npmjs.org/object.groupby 64ms (cache miss)
1227 silly packumentCache full:https://registry.npmjs.org/object.groupby set size:undefined disposed:false
1228 silly fetch manifest ast-types-flow@^0.0.8
1229 silly packumentCache full:https://registry.npmjs.org/ast-types-flow cache-miss
1230 http cache https://registry.npmjs.org/array-includes 2ms (cache hit)
1231 silly packumentCache full:https://registry.npmjs.org/array-includes set size:77143 disposed:false
1232 silly fetch manifest axe-core@^4.10.0
1233 silly packumentCache full:https://registry.npmjs.org/axe-core cache-miss
1234 http cache https://registry.npmjs.org/array.prototype.flatmap 2ms (cache hit)
1235 silly packumentCache full:https://registry.npmjs.org/array.prototype.flatmap set size:51458 disposed:false
1236 silly fetch manifest axobject-query@^4.1.0
1237 silly packumentCache full:https://registry.npmjs.org/axobject-query cache-miss
1238 http fetch GET 200 https://registry.npmjs.org/ast-types-flow 69ms (cache miss)
1239 silly packumentCache full:https://registry.npmjs.org/ast-types-flow set size:undefined disposed:false
1240 silly fetch manifest damerau-levenshtein@^1.0.8
1241 silly packumentCache full:https://registry.npmjs.org/damerau-levenshtein cache-miss
1242 http fetch GET 200 https://registry.npmjs.org/string.prototype.trimend 84ms (cache miss)
1243 silly packumentCache full:https://registry.npmjs.org/string.prototype.trimend set size:undefined disposed:false
1244 silly fetch manifest emoji-regex@^9.2.2
1245 silly packumentCache full:https://registry.npmjs.org/emoji-regex cache-miss
1246 http fetch GET 200 https://registry.npmjs.org/semver 111ms (cache miss)
1247 silly packumentCache full:https://registry.npmjs.org/semver set size:undefined disposed:false
1248 silly fetch manifest jsx-ast-utils@^3.3.5
1249 silly packumentCache full:https://registry.npmjs.org/jsx-ast-utils cache-miss
1250 http fetch GET 200 https://registry.npmjs.org/axobject-query 97ms (cache miss)
1251 silly packumentCache full:https://registry.npmjs.org/axobject-query set size:undefined disposed:false
1252 silly fetch manifest language-tags@^1.0.9
1253 silly packumentCache full:https://registry.npmjs.org/language-tags cache-miss
1254 http fetch GET 200 https://registry.npmjs.org/aria-query 110ms (cache miss)
1255 silly packumentCache full:https://registry.npmjs.org/aria-query set size:undefined disposed:false
1256 silly fetch manifest safe-regex-test@^1.0.3
1257 silly packumentCache full:https://registry.npmjs.org/safe-regex-test cache-miss
1258 http fetch GET 200 https://registry.npmjs.org/damerau-levenshtein 74ms (cache miss)
1259 silly packumentCache full:https://registry.npmjs.org/damerau-levenshtein set size:undefined disposed:false
1260 silly fetch manifest string.prototype.includes@^2.0.1
1261 silly packumentCache full:https://registry.npmjs.org/string.prototype.includes cache-miss
1262 http fetch GET 200 https://registry.npmjs.org/@nolyfill%2fis-core-module 325ms (cache miss)
1263 silly packumentCache full:https://registry.npmjs.org/@nolyfill%2fis-core-module set size:undefined disposed:false
1264 silly fetch manifest array.prototype.findlast@^1.2.5
1265 silly packumentCache full:https://registry.npmjs.org/array.prototype.findlast cache-miss
1266 http fetch GET 200 https://registry.npmjs.org/jsx-ast-utils 58ms (cache miss)
1267 silly packumentCache full:https://registry.npmjs.org/jsx-ast-utils set size:undefined disposed:false
1268 silly fetch manifest array.prototype.tosorted@^1.1.4
1269 silly packumentCache full:https://registry.npmjs.org/array.prototype.tosorted cache-miss
1270 http fetch GET 200 https://registry.npmjs.org/emoji-regex 87ms (cache miss)
1271 silly packumentCache full:https://registry.npmjs.org/emoji-regex set size:undefined disposed:false
1272 silly fetch manifest doctrine@^2.1.0
1273 silly packumentCache full:https://registry.npmjs.org/doctrine cache-miss
1274 http fetch GET 200 https://registry.npmjs.org/language-tags 63ms (cache miss)
1275 silly packumentCache full:https://registry.npmjs.org/language-tags set size:undefined disposed:false
1276 silly fetch manifest es-iterator-helpers@^1.2.1
1277 silly packumentCache full:https://registry.npmjs.org/es-iterator-helpers cache-miss
1278 http fetch GET 200 https://registry.npmjs.org/safe-regex-test 65ms (cache miss)
1279 silly packumentCache full:https://registry.npmjs.org/safe-regex-test set size:undefined disposed:false
1280 silly fetch manifest estraverse@^5.3.0
1281 silly packumentCache full:https://registry.npmjs.org/estraverse cache-miss
1282 http cache https://registry.npmjs.org/estraverse 1ms (cache hit)
1283 silly packumentCache full:https://registry.npmjs.org/estraverse set size:62412 disposed:false
1284 silly fetch manifest jsx-ast-utils@^2.4.1 || ^3.0.0
1285 silly packumentCache full:https://registry.npmjs.org/jsx-ast-utils cache-miss
1286 http cache https://registry.npmjs.org/jsx-ast-utils 1ms (cache hit)
1287 silly packumentCache full:https://registry.npmjs.org/jsx-ast-utils set size:115998 disposed:false
1288 silly fetch manifest object.entries@^1.1.9
1289 silly packumentCache full:https://registry.npmjs.org/object.entries cache-miss
1290 http fetch GET 200 https://registry.npmjs.org/string.prototype.includes 46ms (cache miss)
1291 silly packumentCache full:https://registry.npmjs.org/string.prototype.includes set size:undefined disposed:false
1292 silly fetch manifest object.values@^1.2.1
1293 silly packumentCache full:https://registry.npmjs.org/object.values cache-miss
1294 http fetch GET 200 https://registry.npmjs.org/array.prototype.findlast 70ms (cache miss)
1295 silly packumentCache full:https://registry.npmjs.org/array.prototype.findlast set size:undefined disposed:false
1296 silly fetch manifest prop-types@^15.8.1
1297 silly packumentCache full:https://registry.npmjs.org/prop-types cache-miss
1298 http fetch GET 200 https://registry.npmjs.org/doctrine 307ms (cache miss)
1299 silly packumentCache full:https://registry.npmjs.org/doctrine set size:undefined disposed:false
1300 silly fetch manifest resolve@^2.0.0-next.5
1301 silly packumentCache full:https://registry.npmjs.org/resolve cache-miss
1302 http fetch GET 200 https://registry.npmjs.org/array.prototype.tosorted 64ms (cache miss)
1303 silly packumentCache full:https://registry.npmjs.org/array.prototype.tosorted set size:undefined disposed:false
1304 silly fetch manifest string.prototype.matchall@^4.0.12
1305 silly packumentCache full:https://registry.npmjs.org/string.prototype.matchall cache-miss
1306 http cache https://registry.npmjs.org/resolve 1ms (cache hit)
1307 silly packumentCache full:https://registry.npmjs.org/resolve set size:244568 disposed:false
1308 silly fetch manifest string.prototype.repeat@^1.0.0
1309 silly packumentCache full:https://registry.npmjs.org/string.prototype.repeat cache-miss
1310 http fetch GET 200 https://registry.npmjs.org/doctrine 63ms (cache miss)
1311 silly packumentCache full:https://registry.npmjs.org/doctrine set size:undefined disposed:false
1312 silly fetch manifest zod@^3.25.0 || ^4.0.0
1313 silly packumentCache full:https://registry.npmjs.org/zod cache-miss
1314 http cache https://registry.npmjs.org/zod 3ms (cache hit)
1315 silly packumentCache full:https://registry.npmjs.org/zod set size:3561428 disposed:false
1316 silly fetch manifest @babel/core@^7.24.4
1317 silly packumentCache full:https://registry.npmjs.org/@babel%2fcore cache-miss
1318 http cache https://registry.npmjs.org/@babel%2fcore 2ms (cache hit)
1319 silly packumentCache full:https://registry.npmjs.org/@babel%2fcore set size:788273 disposed:false
1320 silly fetch manifest @babel/parser@^7.24.4
1321 silly packumentCache full:https://registry.npmjs.org/@babel%2fparser cache-miss
1322 http fetch GET 200 https://registry.npmjs.org/object.entries 67ms (cache miss)
1323 silly packumentCache full:https://registry.npmjs.org/object.entries set size:undefined disposed:false
1324 silly fetch manifest hermes-parser@^0.25.1
1325 silly packumentCache full:https://registry.npmjs.org/hermes-parser cache-miss
1326 http fetch GET 200 https://registry.npmjs.org/es-iterator-helpers 73ms (cache miss)
1327 silly packumentCache full:https://registry.npmjs.org/es-iterator-helpers set size:undefined disposed:false
1328 silly fetch manifest zod-validation-error@^3.5.0 || ^4.0.0
1329 silly packumentCache full:https://registry.npmjs.org/zod-validation-error cache-miss
1330 http cache https://registry.npmjs.org/@babel%2fparser 2ms (cache hit)
1331 silly packumentCache full:https://registry.npmjs.org/@babel%2fparser set size:737961 disposed:false
1332 silly fetch manifest @typescript-eslint/utils@8.67.0
1333 silly packumentCache full:https://registry.npmjs.org/@typescript-eslint%2futils cache-miss
1334 http cache https://registry.npmjs.org/@typescript-eslint%2futils 7ms (cache hit)
1335 silly packumentCache full:https://registry.npmjs.org/@typescript-eslint%2futils set size:10665978 disposed:false
1336 silly fetch manifest @typescript-eslint/parser@8.67.0
1337 silly packumentCache full:https://registry.npmjs.org/@typescript-eslint%2fparser cache-miss
1338 http fetch GET 200 https://registry.npmjs.org/string.prototype.repeat 59ms (cache miss)
1339 silly packumentCache full:https://registry.npmjs.org/string.prototype.repeat set size:undefined disposed:false
1340 silly fetch manifest @typescript-eslint/eslint-plugin@8.67.0
1341 silly packumentCache full:https://registry.npmjs.org/@typescript-eslint%2feslint-plugin cache-miss
1342 http fetch GET 200 https://registry.npmjs.org/string.prototype.matchall 71ms (cache miss)
1343 silly packumentCache full:https://registry.npmjs.org/string.prototype.matchall set size:undefined disposed:false
1344 silly fetch manifest @typescript-eslint/typescript-estree@8.67.0
1345 silly packumentCache full:https://registry.npmjs.org/@typescript-eslint%2ftypescript-estree cache-miss
1346 http fetch GET 200 https://registry.npmjs.org/prop-types 76ms (cache miss)
1347 silly packumentCache full:https://registry.npmjs.org/prop-types set size:undefined disposed:false
1348 http fetch GET 200 https://registry.npmjs.org/object.values 309ms (cache miss)
1349 silly packumentCache full:https://registry.npmjs.org/object.values set size:undefined disposed:false
1350 http fetch GET 200 https://registry.npmjs.org/object.values 104ms (cache miss)
1351 silly packumentCache full:https://registry.npmjs.org/object.values set size:undefined disposed:false
1352 http fetch GET 200 https://registry.npmjs.org/hermes-parser 82ms (cache miss)
1353 silly packumentCache full:https://registry.npmjs.org/hermes-parser set size:undefined disposed:false
1354 http fetch GET 200 https://registry.npmjs.org/zod-validation-error 110ms (cache miss)
1355 silly packumentCache full:https://registry.npmjs.org/zod-validation-error set size:undefined disposed:false
1356 http fetch GET 200 https://registry.npmjs.org/@typescript-eslint%2ftypescript-estree 722ms (cache miss)
1357 silly packumentCache full:https://registry.npmjs.org/@typescript-eslint%2ftypescript-estree set size:undefined disposed:false
1358 http fetch GET 200 https://registry.npmjs.org/axe-core 1321ms (cache miss)
1359 silly packumentCache full:https://registry.npmjs.org/axe-core set size:undefined disposed:false
1360 http fetch GET 200 https://registry.npmjs.org/@typescript-eslint%2feslint-plugin 1692ms (cache miss)
1361 silly packumentCache full:https://registry.npmjs.org/@typescript-eslint%2feslint-plugin set size:undefined disposed:false
1362 http fetch GET 200 https://registry.npmjs.org/@typescript-eslint%2fparser 2621ms (cache miss)
1363 silly packumentCache full:https://registry.npmjs.org/@typescript-eslint%2fparser set size:undefined disposed:false
1364 silly placeDep ROOT fast-glob@3.3.1 OK for: @next/eslint-plugin-next@16.2.12 want: 3.3.1
1365 silly fetch manifest merge2@^1.3.0
1366 silly packumentCache full:https://registry.npmjs.org/merge2 cache-miss
1367 silly fetch manifest micromatch@^4.0.4
1368 silly packumentCache full:https://registry.npmjs.org/micromatch cache-miss
1369 silly fetch manifest glob-parent@^5.1.2
1370 silly packumentCache full:https://registry.npmjs.org/glob-parent cache-miss
1371 silly fetch manifest @nodelib/fs.stat@^2.0.2
1372 silly packumentCache full:https://registry.npmjs.org/@nodelib%2ffs.stat cache-miss
1373 silly fetch manifest @nodelib/fs.walk@^1.2.3
1374 silly packumentCache full:https://registry.npmjs.org/@nodelib%2ffs.walk cache-miss
1375 http cache https://registry.npmjs.org/glob-parent 3ms (cache hit)
1376 silly packumentCache full:https://registry.npmjs.org/glob-parent set size:42445 disposed:false
1377 http fetch GET 200 https://registry.npmjs.org/micromatch 118ms (cache miss)
1378 silly packumentCache full:https://registry.npmjs.org/micromatch set size:undefined disposed:false
1379 http fetch GET 200 https://registry.npmjs.org/merge2 121ms (cache miss)
1380 silly packumentCache full:https://registry.npmjs.org/merge2 set size:undefined disposed:false
1381 http fetch GET 200 https://registry.npmjs.org/@nodelib%2ffs.stat 123ms (cache miss)
1382 silly packumentCache full:https://registry.npmjs.org/@nodelib%2ffs.stat set size:undefined disposed:false
1383 http fetch GET 200 https://registry.npmjs.org/@nodelib%2ffs.walk 124ms (cache miss)
1384 silly packumentCache full:https://registry.npmjs.org/@nodelib%2ffs.walk set size:undefined disposed:false
1385 silly placeDep node_modules/eslint-import-resolver-node debug@3.2.7 OK for: eslint-import-resolver-node@0.3.10 want: ^3.2.7
1386 silly placeDep ROOT is-core-module@2.16.2 OK for: eslint-import-resolver-node@0.3.10 want: ^2.16.1
1387 silly placeDep ROOT resolve@2.0.0-next.7 OK for: eslint-import-resolver-node@0.3.10 want: ^2.0.0-next.6
1388 silly fetch manifest hasown@^2.0.3
1389 silly packumentCache full:https://registry.npmjs.org/hasown cache-miss
1390 silly fetch manifest es-errors@^1.3.0
1391 silly packumentCache full:https://registry.npmjs.org/es-errors cache-miss
1392 silly fetch manifest node-exports-info@^1.6.0
1393 silly packumentCache full:https://registry.npmjs.org/node-exports-info cache-miss
1394 silly fetch manifest object-keys@^1.1.1
1395 silly packumentCache full:https://registry.npmjs.org/object-keys cache-miss
1396 silly fetch manifest path-parse@^1.0.7
1397 silly packumentCache full:https://registry.npmjs.org/path-parse cache-miss
1398 silly fetch manifest supports-preserve-symlinks-flag@^1.0.0
1399 silly packumentCache full:https://registry.npmjs.org/supports-preserve-symlinks-flag cache-miss
1400 http cache https://registry.npmjs.org/hasown 2ms (cache hit)
1401 silly packumentCache full:https://registry.npmjs.org/hasown set size:18361 disposed:false
1402 http fetch GET 200 https://registry.npmjs.org/path-parse 72ms (cache miss)
1403 silly packumentCache full:https://registry.npmjs.org/path-parse set size:undefined disposed:false
1404 http fetch GET 200 https://registry.npmjs.org/supports-preserve-symlinks-flag 82ms (cache miss)
1405 silly packumentCache full:https://registry.npmjs.org/supports-preserve-symlinks-flag set size:undefined disposed:false
1406 http fetch GET 200 https://registry.npmjs.org/es-errors 83ms (cache miss)
1407 silly packumentCache full:https://registry.npmjs.org/es-errors set size:undefined disposed:false
1408 http fetch GET 200 https://registry.npmjs.org/object-keys 83ms (cache miss)
1409 silly packumentCache full:https://registry.npmjs.org/object-keys set size:undefined disposed:false
1410 http fetch GET 200 https://registry.npmjs.org/node-exports-info 85ms (cache miss)
1411 silly packumentCache full:https://registry.npmjs.org/node-exports-info set size:undefined disposed:false
1412 silly placeDep ROOT @nolyfill/is-core-module@1.0.39 OK for: eslint-import-resolver-typescript@3.10.1 want: 1.0.39
1413 silly placeDep ROOT get-tsconfig@4.14.1 OK for: eslint-import-resolver-typescript@3.10.1 want: ^4.10.0
1414 silly placeDep ROOT is-bun-module@2.0.0 OK for: eslint-import-resolver-typescript@3.10.1 want: ^2.0.0
1415 silly placeDep ROOT stable-hash@0.0.5 OK for: eslint-import-resolver-typescript@3.10.1 want: ^0.0.5
1416 silly placeDep ROOT tinyglobby@0.2.17 OK for: eslint-import-resolver-typescript@3.10.1 want: ^0.2.13
1417 silly placeDep ROOT unrs-resolver@1.12.2 OK for: eslint-import-resolver-typescript@3.10.1 want: ^1.6.2
1418 silly fetch manifest resolve-pkg-maps@^1.0.0
1419 silly packumentCache full:https://registry.npmjs.org/resolve-pkg-maps cache-miss
1420 silly fetch manifest semver@^7.7.1
1421 silly packumentCache full:https://registry.npmjs.org/semver cache-miss
1422 silly fetch manifest fdir@^6.5.0
1423 silly packumentCache full:https://registry.npmjs.org/fdir cache-miss
1424 silly fetch manifest picomatch@^4.0.4
1425 silly packumentCache full:https://registry.npmjs.org/picomatch cache-miss
1426 silly fetch manifest napi-postinstall@^0.3.4
1427 silly packumentCache full:https://registry.npmjs.org/napi-postinstall cache-miss
1428 silly fetch manifest @unrs/resolver-binding-darwin-arm64@1.12.2
1429 silly packumentCache full:https://registry.npmjs.org/@unrs%2fresolver-binding-darwin-arm64 cache-miss
1430 silly fetch manifest @unrs/resolver-binding-android-arm64@1.12.2
1431 silly packumentCache full:https://registry.npmjs.org/@unrs%2fresolver-binding-android-arm64 cache-miss
1432 silly fetch manifest @unrs/resolver-binding-win32-arm64-msvc@1.12.2
1433 silly packumentCache full:https://registry.npmjs.org/@unrs%2fresolver-binding-win32-arm64-msvc cache-miss
1434 silly fetch manifest @unrs/resolver-binding-linux-arm64-gnu@1.12.2
1435 silly packumentCache full:https://registry.npmjs.org/@unrs%2fresolver-binding-linux-arm64-gnu cache-miss
1436 http cache https://registry.npmjs.org/semver 3ms (cache hit)
1437 silly packumentCache full:https://registry.npmjs.org/semver set size:246069 disposed:false
1438 silly fetch manifest @unrs/resolver-binding-linux-arm64-musl@1.12.2
1439 silly packumentCache full:https://registry.npmjs.org/@unrs%2fresolver-binding-linux-arm64-musl cache-miss
1440 http fetch GET 200 https://registry.npmjs.org/resolve-pkg-maps 56ms (cache miss)
1441 silly packumentCache full:https://registry.npmjs.org/resolve-pkg-maps set size:undefined disposed:false
1442 silly fetch manifest @unrs/resolver-binding-openharmony-arm64@1.12.2
1443 silly packumentCache full:https://registry.npmjs.org/@unrs%2fresolver-binding-openharmony-arm64 cache-miss
1444 http fetch GET 200 https://registry.npmjs.org/napi-postinstall 55ms (cache miss)
1445 silly packumentCache full:https://registry.npmjs.org/napi-postinstall set size:undefined disposed:false
1446 silly fetch manifest @unrs/resolver-binding-android-arm-eabi@1.12.2
1447 silly packumentCache full:https://registry.npmjs.org/@unrs%2fresolver-binding-android-arm-eabi cache-miss
1448 http fetch GET 200 https://registry.npmjs.org/@unrs%2fresolver-binding-darwin-arm64 61ms (cache miss)
1449 silly packumentCache full:https://registry.npmjs.org/@unrs%2fresolver-binding-darwin-arm64 set size:undefined disposed:false
1450 silly fetch manifest @unrs/resolver-binding-linux-arm-gnueabihf@1.12.2
1451 silly packumentCache full:https://registry.npmjs.org/@unrs%2fresolver-binding-linux-arm-gnueabihf cache-miss
1452 http fetch GET 200 https://registry.npmjs.org/picomatch 64ms (cache miss)
1453 silly packumentCache full:https://registry.npmjs.org/picomatch set size:undefined disposed:false
1454 silly fetch manifest @unrs/resolver-binding-linux-arm-musleabihf@1.12.2
1455 silly packumentCache full:https://registry.npmjs.org/@unrs%2fresolver-binding-linux-arm-musleabihf cache-miss
1456 http fetch GET 200 https://registry.npmjs.org/@unrs%2fresolver-binding-android-arm64 68ms (cache miss)
1457 silly packumentCache full:https://registry.npmjs.org/@unrs%2fresolver-binding-android-arm64 set size:undefined disposed:false
1458 silly fetch manifest @unrs/resolver-binding-win32-ia32-msvc@1.12.2
1459 silly packumentCache full:https://registry.npmjs.org/@unrs%2fresolver-binding-win32-ia32-msvc cache-miss
1460 http fetch GET 200 https://registry.npmjs.org/fdir 69ms (cache miss)
1461 silly packumentCache full:https://registry.npmjs.org/fdir set size:undefined disposed:false
1462 silly fetch manifest @unrs/resolver-binding-linux-loong64-gnu@1.12.2
1463 silly packumentCache full:https://registry.npmjs.org/@unrs%2fresolver-binding-linux-loong64-gnu cache-miss
1464 http fetch GET 200 https://registry.npmjs.org/@unrs%2fresolver-binding-linux-arm64-musl 72ms (cache miss)
1465 silly packumentCache full:https://registry.npmjs.org/@unrs%2fresolver-binding-linux-arm64-musl set size:undefined disposed:false
1466 silly fetch manifest @unrs/resolver-binding-linux-loong64-musl@1.12.2
1467 silly packumentCache full:https://registry.npmjs.org/@unrs%2fresolver-binding-linux-loong64-musl cache-miss
1468 http fetch GET 200 https://registry.npmjs.org/@unrs%2fresolver-binding-openharmony-arm64 60ms (cache miss)
1469 silly packumentCache full:https://registry.npmjs.org/@unrs%2fresolver-binding-openharmony-arm64 set size:undefined disposed:false
1470 silly fetch manifest @unrs/resolver-binding-linux-ppc64-gnu@1.12.2
1471 silly packumentCache full:https://registry.npmjs.org/@unrs%2fresolver-binding-linux-ppc64-gnu cache-miss
1472 http fetch GET 200 https://registry.npmjs.org/@unrs%2fresolver-binding-linux-arm-gnueabihf 53ms (cache miss)
1473 silly packumentCache full:https://registry.npmjs.org/@unrs%2fresolver-binding-linux-arm-gnueabihf set size:undefined disposed:false
1474 silly fetch manifest @unrs/resolver-binding-linux-riscv64-gnu@1.12.2
1475 silly packumentCache full:https://registry.npmjs.org/@unrs%2fresolver-binding-linux-riscv64-gnu cache-miss
1476 http fetch GET 200 https://registry.npmjs.org/@unrs%2fresolver-binding-android-arm-eabi 64ms (cache miss)
1477 silly packumentCache full:https://registry.npmjs.org/@unrs%2fresolver-binding-android-arm-eabi set size:undefined disposed:false
1478 silly fetch manifest @unrs/resolver-binding-linux-riscv64-musl@1.12.2
1479 silly packumentCache full:https://registry.npmjs.org/@unrs%2fresolver-binding-linux-riscv64-musl cache-miss
1480 http fetch GET 200 https://registry.npmjs.org/@unrs%2fresolver-binding-linux-loong64-gnu 75ms (cache miss)
1481 silly packumentCache full:https://registry.npmjs.org/@unrs%2fresolver-binding-linux-loong64-gnu set size:undefined disposed:false
1482 silly fetch manifest @unrs/resolver-binding-linux-s390x-gnu@1.12.2
1483 silly packumentCache full:https://registry.npmjs.org/@unrs%2fresolver-binding-linux-s390x-gnu cache-miss
1484 http fetch GET 200 https://registry.npmjs.org/@unrs%2fresolver-binding-linux-loong64-musl 69ms (cache miss)
1485 silly packumentCache full:https://registry.npmjs.org/@unrs%2fresolver-binding-linux-loong64-musl set size:undefined disposed:false
1486 silly fetch manifest @unrs/resolver-binding-wasm32-wasi@1.12.2
1487 silly packumentCache full:https://registry.npmjs.org/@unrs%2fresolver-binding-wasm32-wasi cache-miss
1488 http fetch GET 200 https://registry.npmjs.org/@unrs%2fresolver-binding-win32-ia32-msvc 81ms (cache miss)
1489 silly packumentCache full:https://registry.npmjs.org/@unrs%2fresolver-binding-win32-ia32-msvc set size:undefined disposed:false
1490 silly fetch manifest @unrs/resolver-binding-darwin-x64@1.12.2
1491 silly packumentCache full:https://registry.npmjs.org/@unrs%2fresolver-binding-darwin-x64 cache-miss
1492 http fetch GET 200 https://registry.npmjs.org/@unrs%2fresolver-binding-linux-ppc64-gnu 55ms (cache miss)
1493 silly packumentCache full:https://registry.npmjs.org/@unrs%2fresolver-binding-linux-ppc64-gnu set size:undefined disposed:false
1494 silly fetch manifest @unrs/resolver-binding-win32-x64-msvc@1.12.2
1495 silly packumentCache full:https://registry.npmjs.org/@unrs%2fresolver-binding-win32-x64-msvc cache-miss
1496 http fetch GET 200 https://registry.npmjs.org/@unrs%2fresolver-binding-linux-riscv64-gnu 55ms (cache miss)
1497 silly packumentCache full:https://registry.npmjs.org/@unrs%2fresolver-binding-linux-riscv64-gnu set size:undefined disposed:false
1498 silly fetch manifest @unrs/resolver-binding-freebsd-x64@1.12.2
1499 silly packumentCache full:https://registry.npmjs.org/@unrs%2fresolver-binding-freebsd-x64 cache-miss
1500 http fetch GET 200 https://registry.npmjs.org/@unrs%2fresolver-binding-linux-riscv64-musl 55ms (cache miss)
1501 silly packumentCache full:https://registry.npmjs.org/@unrs%2fresolver-binding-linux-riscv64-musl set size:undefined disposed:false
1502 silly fetch manifest @unrs/resolver-binding-linux-x64-gnu@1.12.2
1503 silly packumentCache full:https://registry.npmjs.org/@unrs%2fresolver-binding-linux-x64-gnu cache-miss
1504 http fetch GET 200 https://registry.npmjs.org/@unrs%2fresolver-binding-win32-x64-msvc 52ms (cache miss)
1505 silly packumentCache full:https://registry.npmjs.org/@unrs%2fresolver-binding-win32-x64-msvc set size:undefined disposed:false
1506 silly fetch manifest @unrs/resolver-binding-linux-x64-musl@1.12.2
1507 silly packumentCache full:https://registry.npmjs.org/@unrs%2fresolver-binding-linux-x64-musl cache-miss
1508 http fetch GET 200 https://registry.npmjs.org/@unrs%2fresolver-binding-linux-x64-gnu 83ms (cache miss)
1509 silly packumentCache full:https://registry.npmjs.org/@unrs%2fresolver-binding-linux-x64-gnu set size:undefined disposed:false
1510 http fetch GET 200 https://registry.npmjs.org/@unrs%2fresolver-binding-freebsd-x64 88ms (cache miss)
1511 silly packumentCache full:https://registry.npmjs.org/@unrs%2fresolver-binding-freebsd-x64 set size:undefined disposed:false
1512 http fetch GET 200 https://registry.npmjs.org/@unrs%2fresolver-binding-win32-arm64-msvc 313ms (cache miss)
1513 silly packumentCache full:https://registry.npmjs.org/@unrs%2fresolver-binding-win32-arm64-msvc set size:undefined disposed:false
1514 http fetch GET 200 https://registry.npmjs.org/@unrs%2fresolver-binding-linux-arm64-gnu 330ms (cache miss)
1515 silly packumentCache full:https://registry.npmjs.org/@unrs%2fresolver-binding-linux-arm64-gnu set size:undefined disposed:false
1516 http fetch GET 200 https://registry.npmjs.org/@unrs%2fresolver-binding-linux-s390x-gnu 209ms (cache miss)
1517 silly packumentCache full:https://registry.npmjs.org/@unrs%2fresolver-binding-linux-s390x-gnu set size:undefined disposed:false
1518 http fetch GET 200 https://registry.npmjs.org/@unrs%2fresolver-binding-linux-arm-musleabihf 314ms (cache miss)
1519 silly packumentCache full:https://registry.npmjs.org/@unrs%2fresolver-binding-linux-arm-musleabihf set size:undefined disposed:false
1520 http fetch GET 200 https://registry.npmjs.org/@unrs%2fresolver-binding-darwin-x64 309ms (cache miss)
1521 silly packumentCache full:https://registry.npmjs.org/@unrs%2fresolver-binding-darwin-x64 set size:undefined disposed:false
1522 http fetch GET 200 https://registry.npmjs.org/@unrs%2fresolver-binding-linux-x64-musl 328ms (cache miss)
1523 silly packumentCache full:https://registry.npmjs.org/@unrs%2fresolver-binding-linux-x64-musl set size:undefined disposed:false
1524 http fetch GET 200 https://registry.npmjs.org/@unrs%2fresolver-binding-wasm32-wasi 710ms (cache miss)
1525 silly packumentCache full:https://registry.npmjs.org/@unrs%2fresolver-binding-wasm32-wasi set size:undefined disposed:false
1526 silly placeDep ROOT @rtsao/scc@1.1.0 OK for: eslint-plugin-import@2.32.0 want: ^1.1.0
1527 silly placeDep ROOT array-includes@3.1.9 OK for: eslint-plugin-import@2.32.0 want: ^3.1.9
1528 silly placeDep ROOT array.prototype.findlastindex@1.2.6 OK for: eslint-plugin-import@2.32.0 want: ^1.2.6
1529 silly placeDep ROOT array.prototype.flat@1.3.3 OK for: eslint-plugin-import@2.32.0 want: ^1.3.3
1530 silly placeDep ROOT array.prototype.flatmap@1.3.3 OK for: eslint-plugin-import@2.32.0 want: ^1.3.3
1531 silly placeDep node_modules/eslint-plugin-import debug@3.2.7 OK for: eslint-plugin-import@2.32.0 want: ^3.2.7
1532 silly placeDep ROOT doctrine@2.1.0 OK for: eslint-plugin-import@2.32.0 want: ^2.1.0
1533 silly placeDep ROOT eslint-module-utils@2.14.0 OK for: eslint-plugin-import@2.32.0 want: ^2.12.1
1534 silly placeDep ROOT hasown@2.0.4 OK for: eslint-plugin-import@2.32.0 want: ^2.0.2
1535 silly placeDep ROOT object.fromentries@2.0.8 OK for: eslint-plugin-import@2.32.0 want: ^2.0.8
1536 silly placeDep ROOT object.groupby@1.0.3 OK for: eslint-plugin-import@2.32.0 want: ^1.0.3
1537 silly placeDep ROOT object.values@1.2.1 OK for: eslint-plugin-import@2.32.0 want: ^1.2.1
1538 silly placeDep ROOT semver@6.3.1 OK for: eslint-plugin-import@2.32.0 want: ^6.3.1
1539 silly placeDep ROOT string.prototype.trimend@1.0.10 OK for: eslint-plugin-import@2.32.0 want: ^1.0.9
1540 silly placeDep ROOT tsconfig-paths@3.15.0 OK for: eslint-plugin-import@2.32.0 want: ^3.15.0
1541 silly fetch manifest call-bind@^1.0.8
1542 silly packumentCache full:https://registry.npmjs.org/call-bind cache-miss
1543 silly fetch manifest call-bound@^1.0.4
1544 silly packumentCache full:https://registry.npmjs.org/call-bound cache-miss
1545 silly fetch manifest define-properties@^1.2.1
1546 silly packumentCache full:https://registry.npmjs.org/define-properties cache-miss
1547 silly fetch manifest es-abstract@^1.24.0
1548 silly packumentCache full:https://registry.npmjs.org/es-abstract cache-miss
1549 silly fetch manifest es-object-atoms@^1.1.1
1550 silly packumentCache full:https://registry.npmjs.org/es-object-atoms cache-miss
1551 silly fetch manifest get-intrinsic@^1.3.0
1552 silly packumentCache full:https://registry.npmjs.org/get-intrinsic cache-miss
1553 silly fetch manifest is-string@^1.1.1
1554 silly packumentCache full:https://registry.npmjs.org/is-string cache-miss
1555 silly fetch manifest math-intrinsics@^1.1.0
1556 silly packumentCache full:https://registry.npmjs.org/math-intrinsics cache-miss
1557 silly fetch manifest call-bind@^1.0.8
1558 silly packumentCache full:https://registry.npmjs.org/call-bind cache-miss
1559 http fetch GET 200 https://registry.npmjs.org/math-intrinsics 59ms (cache miss)
1560 silly packumentCache full:https://registry.npmjs.org/math-intrinsics set size:undefined disposed:false
1561 silly fetch manifest call-bound@^1.0.4
1562 silly packumentCache full:https://registry.npmjs.org/call-bound cache-miss
1563 http fetch GET 200 https://registry.npmjs.org/call-bind 62ms (cache miss)
1564 silly packumentCache full:https://registry.npmjs.org/call-bind set size:undefined disposed:false
1565 silly fetch manifest define-properties@^1.2.1
1566 silly packumentCache full:https://registry.npmjs.org/define-properties cache-miss
1567 http fetch GET 200 https://registry.npmjs.org/call-bound 65ms (cache miss)
1568 silly packumentCache full:https://registry.npmjs.org/call-bound set size:undefined disposed:false
1569 silly fetch manifest es-abstract@^1.23.9
1570 silly packumentCache full:https://registry.npmjs.org/es-abstract cache-miss
1571 http fetch GET 200 https://registry.npmjs.org/get-intrinsic 65ms (cache miss)
1572 silly packumentCache full:https://registry.npmjs.org/get-intrinsic set size:undefined disposed:false
1573 silly fetch manifest es-object-atoms@^1.1.1
1574 silly packumentCache full:https://registry.npmjs.org/es-object-atoms cache-miss
1575 http fetch GET 200 https://registry.npmjs.org/es-object-atoms 67ms (cache miss)
1576 silly packumentCache full:https://registry.npmjs.org/es-object-atoms set size:undefined disposed:false
1577 silly fetch manifest es-shim-unscopables@^1.1.0
1578 silly packumentCache full:https://registry.npmjs.org/es-shim-unscopables cache-miss
1579 http fetch GET 200 https://registry.npmjs.org/call-bind 69ms (cache miss)
1580 silly packumentCache full:https://registry.npmjs.org/call-bind set size:undefined disposed:false
1581 silly fetch manifest define-properties@^1.2.1
1582 silly packumentCache full:https://registry.npmjs.org/define-properties cache-miss
1583 http fetch GET 200 https://registry.npmjs.org/is-string 70ms (cache miss)
1584 silly packumentCache full:https://registry.npmjs.org/is-string set size:undefined disposed:false
1585 silly fetch manifest es-abstract@^1.23.5
1586 silly packumentCache full:https://registry.npmjs.org/es-abstract cache-miss
1587 http fetch GET 200 https://registry.npmjs.org/define-properties 70ms (cache miss)
1588 silly packumentCache full:https://registry.npmjs.org/define-properties set size:undefined disposed:false
1589 silly fetch manifest es-shim-unscopables@^1.0.2
1590 silly packumentCache full:https://registry.npmjs.org/es-shim-unscopables cache-miss
1591 http fetch GET 200 https://registry.npmjs.org/call-bound 52ms (cache miss)
1592 silly packumentCache full:https://registry.npmjs.org/call-bound set size:undefined disposed:false
1593 silly fetch manifest es-abstract@^1.23.5
1594 silly packumentCache full:https://registry.npmjs.org/es-abstract cache-miss
1595 http fetch GET 200 https://registry.npmjs.org/es-object-atoms 51ms (cache miss)
1596 silly packumentCache full:https://registry.npmjs.org/es-object-atoms set size:undefined disposed:false
1597 silly fetch manifest es-shim-unscopables@^1.0.2
1598 silly packumentCache full:https://registry.npmjs.org/es-shim-unscopables cache-miss
1599 http fetch GET 200 https://registry.npmjs.org/define-properties 60ms (cache miss)
1600 silly packumentCache full:https://registry.npmjs.org/define-properties set size:undefined disposed:false
1601 silly fetch manifest function-bind@^1.1.2
1602 silly packumentCache full:https://registry.npmjs.org/function-bind cache-miss
1603 http fetch GET 200 https://registry.npmjs.org/define-properties 53ms (cache miss)
1604 silly packumentCache full:https://registry.npmjs.org/define-properties set size:undefined disposed:false
1605 silly fetch manifest call-bind@^1.0.7
1606 silly packumentCache full:https://registry.npmjs.org/call-bind cache-miss
1607 http fetch GET 200 https://registry.npmjs.org/es-shim-unscopables 56ms (cache miss)
1608 silly packumentCache full:https://registry.npmjs.org/es-shim-unscopables set size:undefined disposed:false
1609 silly fetch manifest es-abstract@^1.23.2
1610 silly packumentCache full:https://registry.npmjs.org/es-abstract cache-miss
1611 http cache https://registry.npmjs.org/call-bind 1ms (cache hit)
1612 silly packumentCache full:https://registry.npmjs.org/call-bind set size:32985 disposed:false
1613 silly fetch manifest es-object-atoms@^1.0.0
1614 silly packumentCache full:https://registry.npmjs.org/es-object-atoms cache-miss
1615 http cache https://registry.npmjs.org/es-object-atoms 1ms (cache hit)
1616 silly packumentCache full:https://registry.npmjs.org/es-object-atoms set size:18278 disposed:false
1617 silly fetch manifest es-abstract@^1.23.2
1618 silly packumentCache full:https://registry.npmjs.org/es-abstract cache-miss
1619 http fetch GET 200 https://registry.npmjs.org/es-shim-unscopables 57ms (cache miss)
1620 silly packumentCache full:https://registry.npmjs.org/es-shim-unscopables set size:undefined disposed:false
1621 silly fetch manifest call-bound@^1.0.3
1622 silly packumentCache full:https://registry.npmjs.org/call-bound cache-miss
1623 http fetch GET 200 https://registry.npmjs.org/es-abstract 128ms (cache miss)
1624 silly packumentCache full:https://registry.npmjs.org/es-abstract set size:undefined disposed:false
1625 silly fetch manifest call-bind@^1.0.9
1626 silly packumentCache full:https://registry.npmjs.org/call-bind cache-hit
1627 silly fetch manifest es-object-atoms@^1.1.2
1628 silly packumentCache full:https://registry.npmjs.org/es-object-atoms cache-hit
1629 silly fetch manifest json5@^1.0.2
1630 silly packumentCache full:https://registry.npmjs.org/json5 cache-miss
1631 http cache https://registry.npmjs.org/call-bound 2ms (cache hit)
1632 silly packumentCache full:https://registry.npmjs.org/call-bound set size:15317 disposed:false
1633 silly fetch manifest minimist@^1.2.6
1634 silly packumentCache full:https://registry.npmjs.org/minimist cache-miss
1635 http fetch GET 200 https://registry.npmjs.org/es-abstract 81ms (cache miss)
1636 silly packumentCache full:https://registry.npmjs.org/es-abstract set size:undefined disposed:false
1637 silly fetch manifest strip-bom@^3.0.0
1638 silly packumentCache full:https://registry.npmjs.org/strip-bom cache-miss
1639 http fetch GET 200 https://registry.npmjs.org/es-abstract 105ms (cache miss)
1640 silly packumentCache full:https://registry.npmjs.org/es-abstract set size:undefined disposed:false
1641 silly fetch manifest @types/json5@^0.0.29
1642 silly packumentCache full:https://registry.npmjs.org/@types%2fjson5 cache-miss
1643 http fetch GET 200 https://registry.npmjs.org/function-bind 56ms (cache miss)
1644 silly packumentCache full:https://registry.npmjs.org/function-bind set size:undefined disposed:false
1645 http fetch GET 200 https://registry.npmjs.org/es-shim-unscopables 66ms (cache miss)
1646 silly packumentCache full:https://registry.npmjs.org/es-shim-unscopables set size:undefined disposed:false
1647 http fetch GET 200 https://registry.npmjs.org/es-abstract 82ms (cache miss)
1648 silly packumentCache full:https://registry.npmjs.org/es-abstract set size:undefined disposed:false
1649 http fetch GET 200 https://registry.npmjs.org/es-abstract 95ms (cache miss)
1650 silly packumentCache full:https://registry.npmjs.org/es-abstract set size:undefined disposed:false
1651 http fetch GET 200 https://registry.npmjs.org/json5 80ms (cache miss)
1652 silly packumentCache full:https://registry.npmjs.org/json5 set size:undefined disposed:false
1653 http fetch GET 200 https://registry.npmjs.org/es-abstract 96ms (cache miss)
1654 silly packumentCache full:https://registry.npmjs.org/es-abstract set size:undefined disposed:false
1655 http fetch GET 200 https://registry.npmjs.org/strip-bom 73ms (cache miss)
1656 silly packumentCache full:https://registry.npmjs.org/strip-bom set size:undefined disposed:false
1657 http fetch GET 200 https://registry.npmjs.org/minimist 99ms (cache miss)
1658 silly packumentCache full:https://registry.npmjs.org/minimist set size:undefined disposed:false
1659 http fetch GET 200 https://registry.npmjs.org/@types%2fjson5 53ms (cache miss)
1660 silly packumentCache full:https://registry.npmjs.org/@types%2fjson5 set size:undefined disposed:false
1661 silly placeDep ROOT call-bind@1.0.9 OK for: array-includes@3.1.9 want: ^1.0.8
1662 silly placeDep ROOT call-bound@1.0.4 OK for: array-includes@3.1.9 want: ^1.0.4
1663 silly placeDep ROOT define-properties@1.2.1 OK for: array-includes@3.1.9 want: ^1.2.1
1664 silly placeDep ROOT es-abstract@1.24.2 OK for: array-includes@3.1.9 want: ^1.24.0
1665 silly placeDep ROOT es-object-atoms@1.1.2 OK for: array-includes@3.1.9 want: ^1.1.1
1666 silly placeDep ROOT get-intrinsic@1.3.0 OK for: array-includes@3.1.9 want: ^1.3.0
1667 silly placeDep ROOT is-string@1.1.1 OK for: array-includes@3.1.9 want: ^1.1.1
1668 silly placeDep ROOT math-intrinsics@1.1.0 OK for: array-includes@3.1.9 want: ^1.1.0
1669 silly fetch manifest call-bind-apply-helpers@^1.0.2
1670 silly packumentCache full:https://registry.npmjs.org/call-bind-apply-helpers cache-miss
1671 silly fetch manifest es-define-property@^1.0.1
1672 silly packumentCache full:https://registry.npmjs.org/es-define-property cache-miss
1673 silly fetch manifest set-function-length@^1.2.2
1674 silly packumentCache full:https://registry.npmjs.org/set-function-length cache-miss
1675 silly fetch manifest call-bind-apply-helpers@^1.0.2
1676 silly packumentCache full:https://registry.npmjs.org/call-bind-apply-helpers cache-miss
1677 silly fetch manifest define-data-property@^1.0.1
1678 silly packumentCache full:https://registry.npmjs.org/define-data-property cache-miss
1679 silly fetch manifest has-property-descriptors@^1.0.0
1680 silly packumentCache full:https://registry.npmjs.org/has-property-descriptors cache-miss
1681 silly fetch manifest array-buffer-byte-length@^1.0.2
1682 silly packumentCache full:https://registry.npmjs.org/array-buffer-byte-length cache-miss
1683 silly fetch manifest arraybuffer.prototype.slice@^1.0.4
1684 silly packumentCache full:https://registry.npmjs.org/arraybuffer.prototype.slice cache-miss
1685 silly fetch manifest available-typed-arrays@^1.0.7
1686 silly packumentCache full:https://registry.npmjs.org/available-typed-arrays cache-miss
1687 http fetch GET 200 https://registry.npmjs.org/has-property-descriptors 53ms (cache miss)
1688 silly packumentCache full:https://registry.npmjs.org/has-property-descriptors set size:undefined disposed:false
1689 silly fetch manifest data-view-buffer@^1.0.2
1690 silly packumentCache full:https://registry.npmjs.org/data-view-buffer cache-miss
1691 http fetch GET 200 https://registry.npmjs.org/define-data-property 53ms (cache miss)
1692 silly packumentCache full:https://registry.npmjs.org/define-data-property set size:undefined disposed:false
1693 silly fetch manifest data-view-byte-length@^1.0.2
1694 silly packumentCache full:https://registry.npmjs.org/data-view-byte-length cache-miss
1695 http fetch GET 200 https://registry.npmjs.org/es-define-property 55ms (cache miss)
1696 silly packumentCache full:https://registry.npmjs.org/es-define-property set size:undefined disposed:false
1697 silly fetch manifest data-view-byte-offset@^1.0.1
1698 silly packumentCache full:https://registry.npmjs.org/data-view-byte-offset cache-miss
1699 http fetch GET 200 https://registry.npmjs.org/arraybuffer.prototype.slice 55ms (cache miss)
1700 silly packumentCache full:https://registry.npmjs.org/arraybuffer.prototype.slice set size:undefined disposed:false
1701 silly fetch manifest es-set-tostringtag@^2.1.0
1702 silly packumentCache full:https://registry.npmjs.org/es-set-tostringtag cache-miss
1703 http fetch GET 200 https://registry.npmjs.org/array-buffer-byte-length 55ms (cache miss)
1704 silly packumentCache full:https://registry.npmjs.org/array-buffer-byte-length set size:undefined disposed:false
1705 silly fetch manifest es-to-primitive@^1.3.0
1706 silly packumentCache full:https://registry.npmjs.org/es-to-primitive cache-miss
1707 http fetch GET 200 https://registry.npmjs.org/call-bind-apply-helpers 57ms (cache miss)
1708 silly packumentCache full:https://registry.npmjs.org/call-bind-apply-helpers set size:undefined disposed:false
1709 silly fetch manifest function.prototype.name@^1.1.8
1710 silly packumentCache full:https://registry.npmjs.org/function.prototype.name cache-miss
1711 http fetch GET 200 https://registry.npmjs.org/call-bind-apply-helpers 61ms (cache miss)
1712 silly packumentCache full:https://registry.npmjs.org/call-bind-apply-helpers set size:undefined disposed:false
1713 silly fetch manifest get-proto@^1.0.1
1714 silly packumentCache full:https://registry.npmjs.org/get-proto cache-miss
1715 http fetch GET 200 https://registry.npmjs.org/set-function-length 63ms (cache miss)
1716 silly packumentCache full:https://registry.npmjs.org/set-function-length set size:undefined disposed:false
1717 silly fetch manifest get-symbol-description@^1.1.0
1718 silly packumentCache full:https://registry.npmjs.org/get-symbol-description cache-miss
1719 http fetch GET 200 https://registry.npmjs.org/available-typed-arrays 62ms (cache miss)
1720 silly packumentCache full:https://registry.npmjs.org/available-typed-arrays set size:undefined disposed:false
1721 silly fetch manifest globalthis@^1.0.4
1722 silly packumentCache full:https://registry.npmjs.org/globalthis cache-miss
1723 http fetch GET 200 https://registry.npmjs.org/data-view-buffer 48ms (cache miss)
1724 silly packumentCache full:https://registry.npmjs.org/data-view-buffer set size:undefined disposed:false
1725 silly fetch manifest gopd@^1.2.0
1726 silly packumentCache full:https://registry.npmjs.org/gopd cache-miss
1727 http fetch GET 200 https://registry.npmjs.org/data-view-byte-length 51ms (cache miss)
1728 silly packumentCache full:https://registry.npmjs.org/data-view-byte-length set size:undefined disposed:false
1729 silly fetch manifest has-property-descriptors@^1.0.2
1730 silly packumentCache full:https://registry.npmjs.org/has-property-descriptors cache-miss
1731 http cache https://registry.npmjs.org/has-property-descriptors 1ms (cache hit)
1732 silly packumentCache full:https://registry.npmjs.org/has-property-descriptors set size:12452 disposed:false
1733 silly fetch manifest has-proto@^1.2.0
1734 silly packumentCache full:https://registry.npmjs.org/has-proto cache-miss
1735 http fetch GET 200 https://registry.npmjs.org/data-view-byte-offset 53ms (cache miss)
1736 silly packumentCache full:https://registry.npmjs.org/data-view-byte-offset set size:undefined disposed:false
1737 silly fetch manifest has-symbols@^1.1.0
1738 silly packumentCache full:https://registry.npmjs.org/has-symbols cache-miss
1739 http fetch GET 200 https://registry.npmjs.org/get-proto 49ms (cache miss)
1740 silly packumentCache full:https://registry.npmjs.org/get-proto set size:undefined disposed:false
1741 silly fetch manifest internal-slot@^1.1.0
1742 silly packumentCache full:https://registry.npmjs.org/internal-slot cache-miss
1743 http fetch GET 200 https://registry.npmjs.org/es-set-tostringtag 58ms (cache miss)
1744 silly packumentCache full:https://registry.npmjs.org/es-set-tostringtag set size:undefined disposed:false
1745 silly fetch manifest is-array-buffer@^3.0.5
1746 silly packumentCache full:https://registry.npmjs.org/is-array-buffer cache-miss
1747 http fetch GET 200 https://registry.npmjs.org/es-to-primitive 57ms (cache miss)
1748 silly packumentCache full:https://registry.npmjs.org/es-to-primitive set size:undefined disposed:false
1749 silly fetch manifest is-callable@^1.2.7
1750 silly packumentCache full:https://registry.npmjs.org/is-callable cache-miss
1751 http fetch GET 200 https://registry.npmjs.org/function.prototype.name 58ms (cache miss)
1752 silly packumentCache full:https://registry.npmjs.org/function.prototype.name set size:undefined disposed:false
1753 silly fetch manifest is-data-view@^1.0.2
1754 silly packumentCache full:https://registry.npmjs.org/is-data-view cache-miss
1755 http fetch GET 200 https://registry.npmjs.org/get-symbol-description 53ms (cache miss)
1756 silly packumentCache full:https://registry.npmjs.org/get-symbol-description set size:undefined disposed:false
1757 silly fetch manifest is-negative-zero@^2.0.3
1758 silly packumentCache full:https://registry.npmjs.org/is-negative-zero cache-miss
1759 http fetch GET 200 https://registry.npmjs.org/globalthis 68ms (cache miss)
1760 silly packumentCache full:https://registry.npmjs.org/globalthis set size:undefined disposed:false
1761 silly fetch manifest is-regex@^1.2.1
1762 silly packumentCache full:https://registry.npmjs.org/is-regex cache-miss
1763 http fetch GET 200 https://registry.npmjs.org/gopd 44ms (cache miss)
1764 silly packumentCache full:https://registry.npmjs.org/gopd set size:undefined disposed:false
1765 silly fetch manifest is-set@^2.0.3
1766 silly packumentCache full:https://registry.npmjs.org/is-set cache-miss
1767 http fetch GET 200 https://registry.npmjs.org/is-data-view 86ms (cache miss)
1768 silly packumentCache full:https://registry.npmjs.org/is-data-view set size:undefined disposed:false
1769 silly fetch manifest is-shared-array-buffer@^1.0.4
1770 silly packumentCache full:https://registry.npmjs.org/is-shared-array-buffer cache-miss
1771 http fetch GET 200 https://registry.npmjs.org/has-proto 94ms (cache miss)
1772 silly packumentCache full:https://registry.npmjs.org/has-proto set size:undefined disposed:false
1773 silly fetch manifest is-typed-array@^1.1.15
1774 silly packumentCache full:https://registry.npmjs.org/is-typed-array cache-miss
1775 http fetch GET 200 https://registry.npmjs.org/is-array-buffer 88ms (cache miss)
1776 silly packumentCache full:https://registry.npmjs.org/is-array-buffer set size:undefined disposed:false
1777 silly fetch manifest is-weakref@^1.1.1
1778 silly packumentCache full:https://registry.npmjs.org/is-weakref cache-miss
1779 http fetch GET 200 https://registry.npmjs.org/has-symbols 94ms (cache miss)
1780 silly packumentCache full:https://registry.npmjs.org/has-symbols set size:undefined disposed:false
1781 silly fetch manifest object-inspect@^1.13.4
1782 silly packumentCache full:https://registry.npmjs.org/object-inspect cache-miss
1783 http fetch GET 200 https://registry.npmjs.org/internal-slot 91ms (cache miss)
1784 silly packumentCache full:https://registry.npmjs.org/internal-slot set size:undefined disposed:false
1785 silly fetch manifest object.assign@^4.1.7
1786 silly packumentCache full:https://registry.npmjs.org/object.assign cache-miss
1787 http fetch GET 200 https://registry.npmjs.org/is-negative-zero 87ms (cache miss)
1788 silly packumentCache full:https://registry.npmjs.org/is-negative-zero set size:undefined disposed:false
1789 silly fetch manifest own-keys@^1.0.1
1790 silly packumentCache full:https://registry.npmjs.org/own-keys cache-miss
1791 http fetch GET 200 https://registry.npmjs.org/is-set 59ms (cache miss)
1792 silly packumentCache full:https://registry.npmjs.org/is-set set size:undefined disposed:false
1793 silly fetch manifest regexp.prototype.flags@^1.5.4
1794 silly packumentCache full:https://registry.npmjs.org/regexp.prototype.flags cache-miss
1795 http fetch GET 200 https://registry.npmjs.org/is-regex 73ms (cache miss)
1796 silly packumentCache full:https://registry.npmjs.org/is-regex set size:undefined disposed:false
1797 silly fetch manifest safe-array-concat@^1.1.3
1798 silly packumentCache full:https://registry.npmjs.org/safe-array-concat cache-miss
1799 http fetch GET 200 https://registry.npmjs.org/is-callable 91ms (cache miss)
1800 silly packumentCache full:https://registry.npmjs.org/is-callable set size:undefined disposed:false
1801 silly fetch manifest safe-push-apply@^1.0.0
1802 silly packumentCache full:https://registry.npmjs.org/safe-push-apply cache-miss
1803 http fetch GET 200 https://registry.npmjs.org/safe-push-apply 85ms (cache miss)
1804 silly packumentCache full:https://registry.npmjs.org/safe-push-apply set size:undefined disposed:false
1805 silly fetch manifest safe-regex-test@^1.1.0
1806 silly packumentCache full:https://registry.npmjs.org/safe-regex-test cache-miss
1807 http fetch GET 200 https://registry.npmjs.org/is-shared-array-buffer 91ms (cache miss)
1808 silly packumentCache full:https://registry.npmjs.org/is-shared-array-buffer set size:undefined disposed:false
1809 silly fetch manifest set-proto@^1.0.0
1810 silly packumentCache full:https://registry.npmjs.org/set-proto cache-miss
1811 http fetch GET 200 https://registry.npmjs.org/is-weakref 91ms (cache miss)
1812 silly packumentCache full:https://registry.npmjs.org/is-weakref set size:undefined disposed:false
1813 silly fetch manifest stop-iteration-iterator@^1.1.0
1814 silly packumentCache full:https://registry.npmjs.org/stop-iteration-iterator cache-miss
1815 http fetch GET 200 https://registry.npmjs.org/safe-array-concat 89ms (cache miss)
1816 silly packumentCache full:https://registry.npmjs.org/safe-array-concat set size:undefined disposed:false
1817 silly fetch manifest string.prototype.trim@^1.2.10
1818 silly packumentCache full:https://registry.npmjs.org/string.prototype.trim cache-miss
1819 http fetch GET 200 https://registry.npmjs.org/object.assign 92ms (cache miss)
1820 silly packumentCache full:https://registry.npmjs.org/object.assign set size:undefined disposed:false
1821 silly fetch manifest string.prototype.trimstart@^1.0.8
1822 silly packumentCache full:https://registry.npmjs.org/string.prototype.trimstart cache-miss
1823 http cache https://registry.npmjs.org/safe-regex-test 5ms (cache hit)
1824 silly packumentCache full:https://registry.npmjs.org/safe-regex-test set size:17412 disposed:false
1825 silly fetch manifest typed-array-buffer@^1.0.3
1826 silly packumentCache full:https://registry.npmjs.org/typed-array-buffer cache-miss
1827 http fetch GET 200 https://registry.npmjs.org/is-typed-array 96ms (cache miss)
1828 silly packumentCache full:https://registry.npmjs.org/is-typed-array set size:undefined disposed:false
1829 silly fetch manifest typed-array-byte-length@^1.0.3
1830 silly packumentCache full:https://registry.npmjs.org/typed-array-byte-length cache-miss
1831 http fetch GET 200 https://registry.npmjs.org/regexp.prototype.flags 94ms (cache miss)
1832 silly packumentCache full:https://registry.npmjs.org/regexp.prototype.flags set size:undefined disposed:false
1833 silly fetch manifest typed-array-byte-offset@^1.0.4
1834 silly packumentCache full:https://registry.npmjs.org/typed-array-byte-offset cache-miss
1835 http fetch GET 200 https://registry.npmjs.org/object-inspect 97ms (cache miss)
1836 silly packumentCache full:https://registry.npmjs.org/object-inspect set size:undefined disposed:false
1837 silly fetch manifest typed-array-length@^1.0.7
1838 silly packumentCache full:https://registry.npmjs.org/typed-array-length cache-miss
1839 http fetch GET 200 https://registry.npmjs.org/set-proto 53ms (cache miss)
1840 silly packumentCache full:https://registry.npmjs.org/set-proto set size:undefined disposed:false
1841 silly fetch manifest unbox-primitive@^1.1.0
1842 silly packumentCache full:https://registry.npmjs.org/unbox-primitive cache-miss
1843 http fetch GET 200 https://registry.npmjs.org/typed-array-byte-length 64ms (cache miss)
1844 silly packumentCache full:https://registry.npmjs.org/typed-array-byte-length set size:undefined disposed:false
1845 silly fetch manifest which-typed-array@^1.1.19
1846 silly packumentCache full:https://registry.npmjs.org/which-typed-array cache-miss
1847 http fetch GET 200 https://registry.npmjs.org/stop-iteration-iterator 68ms (cache miss)
1848 silly packumentCache full:https://registry.npmjs.org/stop-iteration-iterator set size:undefined disposed:false
1849 silly fetch manifest has-tostringtag@^1.0.2
1850 silly packumentCache full:https://registry.npmjs.org/has-tostringtag cache-miss
1851 http fetch GET 200 https://registry.npmjs.org/string.prototype.trim 69ms (cache miss)
1852 silly packumentCache full:https://registry.npmjs.org/string.prototype.trim set size:undefined disposed:false
1853 http fetch GET 200 https://registry.npmjs.org/typed-array-buffer 67ms (cache miss)
1854 silly packumentCache full:https://registry.npmjs.org/typed-array-buffer set size:undefined disposed:false
1855 http fetch GET 200 https://registry.npmjs.org/typed-array-length 64ms (cache miss)
1856 silly packumentCache full:https://registry.npmjs.org/typed-array-length set size:undefined disposed:false
1857 http fetch GET 200 https://registry.npmjs.org/typed-array-byte-offset 66ms (cache miss)
1858 silly packumentCache full:https://registry.npmjs.org/typed-array-byte-offset set size:undefined disposed:false
1859 http fetch GET 200 https://registry.npmjs.org/string.prototype.trimstart 70ms (cache miss)
1860 silly packumentCache full:https://registry.npmjs.org/string.prototype.trimstart set size:undefined disposed:false
1861 http fetch GET 200 https://registry.npmjs.org/has-tostringtag 43ms (cache miss)
1862 silly packumentCache full:https://registry.npmjs.org/has-tostringtag set size:undefined disposed:false
1863 http fetch GET 200 https://registry.npmjs.org/unbox-primitive 60ms (cache miss)
1864 silly packumentCache full:https://registry.npmjs.org/unbox-primitive set size:undefined disposed:false
1865 http fetch GET 200 https://registry.npmjs.org/which-typed-array 61ms (cache miss)
1866 silly packumentCache full:https://registry.npmjs.org/which-typed-array set size:undefined disposed:false
1867 http fetch GET 200 https://registry.npmjs.org/own-keys 274ms (cache miss)
1868 silly packumentCache full:https://registry.npmjs.org/own-keys set size:undefined disposed:false
1869 silly placeDep ROOT es-errors@1.3.0 OK for: array.prototype.findlastindex@1.2.6 want: ^1.3.0
1870 silly placeDep ROOT es-shim-unscopables@1.1.0 OK for: array.prototype.findlastindex@1.2.6 want: ^1.1.0
1871 silly placeDep ROOT call-bind-apply-helpers@1.0.2 OK for: call-bind@1.0.9 want: ^1.0.2
1872 silly placeDep ROOT es-define-property@1.0.1 OK for: call-bind@1.0.9 want: ^1.0.1
1873 silly placeDep ROOT set-function-length@1.2.2 OK for: call-bind@1.0.9 want: ^1.2.2
1874 silly fetch manifest define-data-property@^1.1.4
1875 silly packumentCache full:https://registry.npmjs.org/define-data-property cache-miss
1876 silly fetch manifest gopd@^1.0.1
1877 silly packumentCache full:https://registry.npmjs.org/gopd cache-miss
1878 http cache https://registry.npmjs.org/define-data-property 1ms (cache hit)
1879 silly packumentCache full:https://registry.npmjs.org/define-data-property set size:28048 disposed:false
1880 http cache https://registry.npmjs.org/gopd 1ms (cache hit)
1881 silly packumentCache full:https://registry.npmjs.org/gopd set size:11483 disposed:false
1882 silly placeDep ROOT function-bind@1.1.2 OK for: call-bind-apply-helpers@1.0.2 want: ^1.1.2
1883 silly placeDep ROOT define-data-property@1.1.4 OK for: define-properties@1.2.1 want: ^1.0.1
1884 silly placeDep ROOT has-property-descriptors@1.0.2 OK for: define-properties@1.2.1 want: ^1.0.0
1885 silly placeDep ROOT object-keys@1.1.1 OK for: define-properties@1.2.1 want: ^1.1.1
1886 silly placeDep ROOT gopd@1.2.0 OK for: define-data-property@1.1.4 want: ^1.0.1
1887 silly placeDep ROOT array-buffer-byte-length@1.0.2 OK for: es-abstract@1.24.2 want: ^1.0.2
1888 silly placeDep ROOT arraybuffer.prototype.slice@1.0.4 OK for: es-abstract@1.24.2 want: ^1.0.4
1889 silly placeDep ROOT available-typed-arrays@1.0.7 OK for: es-abstract@1.24.2 want: ^1.0.7
1890 silly placeDep ROOT data-view-buffer@1.0.2 OK for: es-abstract@1.24.2 want: ^1.0.2
1891 silly placeDep ROOT data-view-byte-length@1.0.2 OK for: es-abstract@1.24.2 want: ^1.0.2
1892 silly placeDep ROOT data-view-byte-offset@1.0.1 OK for: es-abstract@1.24.2 want: ^1.0.1
1893 silly placeDep ROOT es-set-tostringtag@2.1.0 OK for: es-abstract@1.24.2 want: ^2.1.0
1894 silly placeDep ROOT es-to-primitive@1.3.4 OK for: es-abstract@1.24.2 want: ^1.3.0
1895 silly placeDep ROOT function.prototype.name@1.2.0 OK for: es-abstract@1.24.2 want: ^1.1.8
1896 silly placeDep ROOT get-proto@1.0.1 OK for: es-abstract@1.24.2 want: ^1.0.1
1897 silly placeDep ROOT get-symbol-description@1.1.0 OK for: es-abstract@1.24.2 want: ^1.1.0
1898 silly placeDep ROOT globalthis@1.0.4 OK for: es-abstract@1.24.2 want: ^1.0.4
1899 silly placeDep ROOT has-proto@1.2.0 OK for: es-abstract@1.24.2 want: ^1.2.0
1900 silly placeDep ROOT has-symbols@1.1.0 OK for: es-abstract@1.24.2 want: ^1.1.0
1901 silly placeDep ROOT internal-slot@1.1.0 OK for: es-abstract@1.24.2 want: ^1.1.0
1902 silly placeDep ROOT is-array-buffer@3.0.5 OK for: es-abstract@1.24.2 want: ^3.0.5
1903 silly placeDep ROOT is-callable@1.2.7 OK for: es-abstract@1.24.2 want: ^1.2.7
1904 silly placeDep ROOT is-data-view@1.0.2 OK for: es-abstract@1.24.2 want: ^1.0.2
1905 silly placeDep ROOT is-negative-zero@2.0.3 OK for: es-abstract@1.24.2 want: ^2.0.3
1906 silly placeDep ROOT is-regex@1.2.1 OK for: es-abstract@1.24.2 want: ^1.2.1
1907 silly placeDep ROOT is-set@2.0.3 OK for: es-abstract@1.24.2 want: ^2.0.3
1908 silly placeDep ROOT is-shared-array-buffer@1.0.4 OK for: es-abstract@1.24.2 want: ^1.0.4
1909 silly placeDep ROOT is-typed-array@1.1.15 OK for: es-abstract@1.24.2 want: ^1.1.15
1910 silly placeDep ROOT is-weakref@1.1.1 OK for: es-abstract@1.24.2 want: ^1.1.1
1911 silly placeDep ROOT object-inspect@1.13.4 OK for: es-abstract@1.24.2 want: ^1.13.4
1912 silly placeDep ROOT object.assign@4.1.7 OK for: es-abstract@1.24.2 want: ^4.1.7
1913 silly placeDep ROOT own-keys@1.0.2 OK for: es-abstract@1.24.2 want: ^1.0.1
1914 silly placeDep ROOT regexp.prototype.flags@1.5.4 OK for: es-abstract@1.24.2 want: ^1.5.4
1915 silly placeDep ROOT safe-array-concat@1.1.4 OK for: es-abstract@1.24.2 want: ^1.1.3
1916 silly placeDep ROOT safe-push-apply@1.0.0 OK for: es-abstract@1.24.2 want: ^1.0.0
1917 silly placeDep ROOT safe-regex-test@1.1.0 OK for: es-abstract@1.24.2 want: ^1.1.0
1918 silly placeDep ROOT set-proto@1.0.0 OK for: es-abstract@1.24.2 want: ^1.0.0
1919 silly placeDep ROOT stop-iteration-iterator@1.1.0 OK for: es-abstract@1.24.2 want: ^1.1.0
1920 silly placeDep ROOT string.prototype.trim@1.2.11 OK for: es-abstract@1.24.2 want: ^1.2.10
1921 silly placeDep ROOT string.prototype.trimstart@1.0.8 OK for: es-abstract@1.24.2 want: ^1.0.8
1922 silly placeDep ROOT typed-array-buffer@1.0.3 OK for: es-abstract@1.24.2 want: ^1.0.3
1923 silly placeDep ROOT typed-array-byte-length@1.0.3 OK for: es-abstract@1.24.2 want: ^1.0.3
1924 silly placeDep ROOT typed-array-byte-offset@1.0.4 OK for: es-abstract@1.24.2 want: ^1.0.4
1925 silly placeDep ROOT typed-array-length@1.0.8 OK for: es-abstract@1.24.2 want: ^1.0.7
1926 silly placeDep ROOT unbox-primitive@1.1.0 OK for: es-abstract@1.24.2 want: ^1.1.0
1927 silly placeDep ROOT which-typed-array@1.1.22 OK for: es-abstract@1.24.2 want: ^1.1.19
1928 silly fetch manifest is-array-buffer@^3.0.4
1929 silly packumentCache full:https://registry.npmjs.org/is-array-buffer cache-miss
1930 silly fetch manifest possible-typed-array-names@^1.0.0
1931 silly packumentCache full:https://registry.npmjs.org/possible-typed-array-names cache-miss
1932 silly fetch manifest is-data-view@^1.0.1
1933 silly packumentCache full:https://registry.npmjs.org/is-data-view cache-miss
1934 silly fetch manifest is-symbol@^1.1.1
1935 silly packumentCache full:https://registry.npmjs.org/is-symbol cache-miss
1936 silly fetch manifest is-date-object@^1.1.0
1937 silly packumentCache full:https://registry.npmjs.org/is-date-object cache-miss
1938 silly fetch manifest es-abstract-get@^1.0.0
1939 silly packumentCache full:https://registry.npmjs.org/es-abstract-get cache-miss
1940 silly fetch manifest is-document.all@^1.0.0
1941 silly packumentCache full:https://registry.npmjs.org/is-document.all cache-miss
1942 silly fetch manifest functions-have-names@^1.2.3
1943 silly packumentCache full:https://registry.npmjs.org/functions-have-names cache-miss
1944 silly fetch manifest dunder-proto@^1.0.1
1945 silly packumentCache full:https://registry.npmjs.org/dunder-proto cache-miss
1946 http cache https://registry.npmjs.org/is-array-buffer 2ms (cache hit)
1947 silly packumentCache full:https://registry.npmjs.org/is-array-buffer set size:33562 disposed:false
1948 silly fetch manifest dunder-proto@^1.0.0
1949 silly packumentCache full:https://registry.npmjs.org/dunder-proto cache-miss
1950 http cache https://registry.npmjs.org/is-data-view 2ms (cache hit)
1951 silly packumentCache full:https://registry.npmjs.org/is-data-view set size:13756 disposed:false
1952 silly fetch manifest side-channel@^1.1.0
1953 silly packumentCache full:https://registry.npmjs.org/side-channel cache-miss
1954 http fetch GET 200 https://registry.npmjs.org/dunder-proto 43ms (cache miss)
1955 silly packumentCache full:https://registry.npmjs.org/dunder-proto set size:undefined disposed:false
1956 silly fetch manifest is-typed-array@^1.1.13
1957 silly packumentCache full:https://registry.npmjs.org/is-typed-array cache-miss
1958 http cache https://registry.npmjs.org/is-typed-array 1ms (cache hit)
1959 silly packumentCache full:https://registry.npmjs.org/is-typed-array set size:79965 disposed:false
1960 silly fetch manifest which-typed-array@^1.1.16
1961 silly packumentCache full:https://registry.npmjs.org/which-typed-array cache-miss
1962 http cache https://registry.npmjs.org/which-typed-array 1ms (cache hit)
1963 silly packumentCache full:https://registry.npmjs.org/which-typed-array set size:101551 disposed:false
1964 silly fetch manifest set-function-name@^2.0.2
1965 silly packumentCache full:https://registry.npmjs.org/set-function-name cache-miss
1966 http fetch GET 200 https://registry.npmjs.org/functions-have-names 49ms (cache miss)
1967 silly packumentCache full:https://registry.npmjs.org/functions-have-names set size:undefined disposed:false
1968 silly fetch manifest isarray@^2.0.5
1969 silly packumentCache full:https://registry.npmjs.org/isarray cache-miss
1970 http fetch GET 200 https://registry.npmjs.org/possible-typed-array-names 49ms (cache miss)
1971 silly packumentCache full:https://registry.npmjs.org/possible-typed-array-names set size:undefined disposed:false
1972 silly fetch manifest isarray@^2.0.5
1973 silly packumentCache full:https://registry.npmjs.org/isarray cache-miss
1974 http fetch GET 200 https://registry.npmjs.org/dunder-proto 49ms (cache miss)
1975 silly packumentCache full:https://registry.npmjs.org/dunder-proto set size:undefined disposed:false
1976 silly fetch manifest for-each@^0.3.3
1977 silly packumentCache full:https://registry.npmjs.org/for-each cache-miss
1978 http fetch GET 200 https://registry.npmjs.org/es-abstract-get 67ms (cache miss)
1979 silly packumentCache full:https://registry.npmjs.org/es-abstract-get set size:undefined disposed:false
1980 silly fetch manifest for-each@^0.3.3
1981 silly packumentCache full:https://registry.npmjs.org/for-each cache-miss
1982 http fetch GET 200 https://registry.npmjs.org/is-document.all 68ms (cache miss)
1983 silly packumentCache full:https://registry.npmjs.org/is-document.all set size:undefined disposed:false
1984 silly fetch manifest reflect.getprototypeof@^1.0.9
1985 silly packumentCache full:https://registry.npmjs.org/reflect.getprototypeof cache-miss
1986 http fetch GET 200 https://registry.npmjs.org/is-symbol 68ms (cache miss)
1987 silly packumentCache full:https://registry.npmjs.org/is-symbol set size:undefined disposed:false
1988 silly fetch manifest for-each@^0.3.5
1989 silly packumentCache full:https://registry.npmjs.org/for-each cache-miss
1990 http fetch GET 200 https://registry.npmjs.org/side-channel 67ms (cache miss)
1991 silly packumentCache full:https://registry.npmjs.org/side-channel set size:undefined disposed:false
1992 silly fetch manifest possible-typed-array-names@^1.1.0
1993 silly packumentCache full:https://registry.npmjs.org/possible-typed-array-names cache-miss
1994 http cache https://registry.npmjs.org/possible-typed-array-names 0ms (cache hit)
1995 silly packumentCache full:https://registry.npmjs.org/possible-typed-array-names set size:9167 disposed:false
1996 silly fetch manifest reflect.getprototypeof@^1.0.10
1997 silly packumentCache full:https://registry.npmjs.org/reflect.getprototypeof cache-miss
1998 http fetch GET 200 https://registry.npmjs.org/set-function-name 46ms (cache miss)
1999 silly packumentCache full:https://registry.npmjs.org/set-function-name set size:undefined disposed:false
2000 silly fetch manifest has-bigints@^1.0.2
2001 silly packumentCache full:https://registry.npmjs.org/has-bigints cache-miss
2002 http fetch GET 200 https://registry.npmjs.org/isarray 42ms (cache miss)
2003 silly packumentCache full:https://registry.npmjs.org/isarray set size:undefined disposed:false
2004 silly fetch manifest which-boxed-primitive@^1.1.1
2005 silly packumentCache full:https://registry.npmjs.org/which-boxed-primitive cache-miss
2006 http fetch GET 200 https://registry.npmjs.org/isarray 47ms (cache miss)
2007 silly packumentCache full:https://registry.npmjs.org/isarray set size:undefined disposed:false
2008 silly fetch manifest for-each@^0.3.5
2009 silly packumentCache full:https://registry.npmjs.org/for-each cache-miss
2010 http fetch GET 200 https://registry.npmjs.org/for-each 46ms (cache miss)
2011 silly packumentCache full:https://registry.npmjs.org/for-each set size:undefined disposed:false
2012 http fetch GET 200 https://registry.npmjs.org/for-each 46ms (cache miss)
2013 silly packumentCache full:https://registry.npmjs.org/for-each set size:undefined disposed:false
2014 http fetch GET 200 https://registry.npmjs.org/for-each 54ms (cache miss)
2015 silly packumentCache full:https://registry.npmjs.org/for-each set size:undefined disposed:false
2016 http fetch GET 200 https://registry.npmjs.org/reflect.getprototypeof 52ms (cache miss)
2017 silly packumentCache full:https://registry.npmjs.org/reflect.getprototypeof set size:undefined disposed:false
2018 http fetch GET 200 https://registry.npmjs.org/reflect.getprototypeof 57ms (cache miss)
2019 silly packumentCache full:https://registry.npmjs.org/reflect.getprototypeof set size:undefined disposed:false
2020 http fetch GET 200 https://registry.npmjs.org/for-each 42ms (cache miss)
2021 silly packumentCache full:https://registry.npmjs.org/for-each set size:undefined disposed:false
2022 http fetch GET 200 https://registry.npmjs.org/has-bigints 46ms (cache miss)
2023 silly packumentCache full:https://registry.npmjs.org/has-bigints set size:undefined disposed:false
2024 http fetch GET 200 https://registry.npmjs.org/which-boxed-primitive 47ms (cache miss)
2025 silly packumentCache full:https://registry.npmjs.org/which-boxed-primitive set size:undefined disposed:false
2026 http fetch GET 200 https://registry.npmjs.org/is-date-object 354ms (cache miss)
2027 silly packumentCache full:https://registry.npmjs.org/is-date-object set size:undefined disposed:false
2028 silly placeDep ROOT possible-typed-array-names@1.1.0 OK for: available-typed-arrays@1.0.7 want: ^1.0.0
2029 silly placeDep ROOT has-tostringtag@1.0.2 OK for: es-set-tostringtag@2.1.0 want: ^1.0.2
2030 silly placeDep ROOT es-abstract-get@1.0.0 OK for: es-to-primitive@1.3.4 want: ^1.0.0
2031 silly placeDep ROOT is-date-object@1.1.0 OK for: es-to-primitive@1.3.4 want: ^1.1.0
2032 silly placeDep ROOT is-symbol@1.1.1 OK for: es-to-primitive@1.3.4 want: ^1.1.1
2033 silly placeDep node_modules/eslint-module-utils debug@3.2.7 OK for: eslint-module-utils@2.14.0 want: ^3.2.7
2034 silly placeDep ROOT aria-query@5.3.2 OK for: eslint-plugin-jsx-a11y@6.10.2 want: ^5.3.2
2035 silly placeDep ROOT ast-types-flow@0.0.8 OK for: eslint-plugin-jsx-a11y@6.10.2 want: ^0.0.8
2036 silly placeDep ROOT axe-core@4.13.0 OK for: eslint-plugin-jsx-a11y@6.10.2 want: ^4.10.0
2037 silly placeDep ROOT axobject-query@4.1.0 OK for: eslint-plugin-jsx-a11y@6.10.2 want: ^4.1.0
2038 silly placeDep ROOT damerau-levenshtein@1.0.8 OK for: eslint-plugin-jsx-a11y@6.10.2 want: ^1.0.8
2039 silly placeDep ROOT emoji-regex@9.2.2 OK for: eslint-plugin-jsx-a11y@6.10.2 want: ^9.2.2
2040 silly placeDep ROOT jsx-ast-utils@3.3.5 OK for: eslint-plugin-jsx-a11y@6.10.2 want: ^3.3.5
2041 silly placeDep ROOT language-tags@1.0.9 OK for: eslint-plugin-jsx-a11y@6.10.2 want: ^1.0.9
2042 silly placeDep ROOT string.prototype.includes@2.0.1 OK for: eslint-plugin-jsx-a11y@6.10.2 want: ^2.0.1
2043 silly fetch manifest language-subtag-registry@^0.3.20
2044 silly packumentCache full:https://registry.npmjs.org/language-subtag-registry cache-miss
2045 http fetch GET 200 https://registry.npmjs.org/language-subtag-registry 41ms (cache miss)
2046 silly packumentCache full:https://registry.npmjs.org/language-subtag-registry set size:undefined disposed:false
2047 silly placeDep ROOT array.prototype.findlast@1.2.5 OK for: eslint-plugin-react@7.37.5 want: ^1.2.5
2048 silly placeDep ROOT array.prototype.tosorted@1.1.4 OK for: eslint-plugin-react@7.37.5 want: ^1.1.4
2049 silly placeDep ROOT es-iterator-helpers@1.4.0 OK for: eslint-plugin-react@7.37.5 want: ^1.2.1
2050 silly placeDep ROOT estraverse@5.3.0 OK for: eslint-plugin-react@7.37.5 want: ^5.3.0
2051 silly placeDep ROOT object.entries@1.1.9 OK for: eslint-plugin-react@7.37.5 want: ^1.1.9
2052 silly placeDep ROOT prop-types@15.8.1 OK for: eslint-plugin-react@7.37.5 want: ^15.8.1
2053 silly placeDep ROOT string.prototype.matchall@4.0.12 OK for: eslint-plugin-react@7.37.5 want: ^4.0.12
2054 silly placeDep ROOT string.prototype.repeat@1.0.0 OK for: eslint-plugin-react@7.37.5 want: ^1.0.0
2055 silly fetch manifest iterator.prototype@^1.1.5
2056 silly packumentCache full:https://registry.npmjs.org/iterator.prototype cache-miss
2057 silly fetch manifest loose-envify@^1.4.0
2058 silly packumentCache full:https://registry.npmjs.org/loose-envify cache-miss
2059 silly fetch manifest object-assign@^4.1.1
2060 silly packumentCache full:https://registry.npmjs.org/object-assign cache-miss
2061 silly fetch manifest react-is@^16.13.1
2062 silly packumentCache full:https://registry.npmjs.org/react-is cache-miss
2063 http cache https://registry.npmjs.org/react-is 5ms (cache hit)
2064 silly packumentCache full:https://registry.npmjs.org/react-is set size:5565836 disposed:false
2065 http fetch GET 200 https://registry.npmjs.org/object-assign 83ms (cache miss)
2066 silly packumentCache full:https://registry.npmjs.org/object-assign set size:undefined disposed:false
2067 http fetch GET 200 https://registry.npmjs.org/loose-envify 83ms (cache miss)
2068 silly packumentCache full:https://registry.npmjs.org/loose-envify set size:undefined disposed:false
2069 http fetch GET 200 https://registry.npmjs.org/iterator.prototype 119ms (cache miss)
2070 silly packumentCache full:https://registry.npmjs.org/iterator.prototype set size:undefined disposed:false
2071 silly placeDep ROOT iterator.prototype@1.1.5 OK for: es-iterator-helpers@1.4.0 want: ^1.1.5
2072 silly placeDep ROOT @babel/core@7.29.7 OK for: eslint-plugin-react-hooks@7.1.1 want: ^7.24.4
2073 silly placeDep ROOT @babel/parser@7.29.8 OK for: eslint-plugin-react-hooks@7.1.1 want: ^7.24.4
2074 silly placeDep ROOT hermes-parser@0.25.1 OK for: eslint-plugin-react-hooks@7.1.1 want: ^0.25.1
2075 silly placeDep ROOT zod@4.4.3 OK for: eslint-plugin-react-hooks@7.1.1 want: ^3.25.0 || ^4.0.0
2076 silly placeDep ROOT zod-validation-error@4.0.2 OK for: eslint-plugin-react-hooks@7.1.1 want: ^3.5.0 || ^4.0.0
2077 silly fetch manifest json5@^2.2.3
2078 silly packumentCache full:https://registry.npmjs.org/json5 cache-miss
2079 silly fetch manifest gensync@^1.0.0-beta.2
2080 silly packumentCache full:https://registry.npmjs.org/gensync cache-miss
2081 silly fetch manifest @babel/types@^7.29.7
2082 silly packumentCache full:https://registry.npmjs.org/@babel%2ftypes cache-miss
2083 silly fetch manifest @babel/parser@^7.29.7
2084 silly packumentCache full:https://registry.npmjs.org/@babel%2fparser cache-hit
2085 silly fetch manifest @babel/helpers@^7.29.7
2086 silly packumentCache full:https://registry.npmjs.org/@babel%2fhelpers cache-miss
2087 silly fetch manifest @babel/template@^7.29.7
2088 silly packumentCache full:https://registry.npmjs.org/@babel%2ftemplate cache-miss
2089 silly fetch manifest @babel/traverse@^7.29.7
2090 silly packumentCache full:https://registry.npmjs.org/@babel%2ftraverse cache-miss
2091 silly fetch manifest @babel/generator@^7.29.7
2092 silly packumentCache full:https://registry.npmjs.org/@babel%2fgenerator cache-miss
2093 silly fetch manifest @babel/code-frame@^7.29.7
2094 silly packumentCache full:https://registry.npmjs.org/@babel%2fcode-frame cache-miss
2095 silly fetch manifest convert-source-map@^2.0.0
2096 silly packumentCache full:https://registry.npmjs.org/convert-source-map cache-miss
2097 http cache https://registry.npmjs.org/json5 3ms (cache hit)
2098 silly packumentCache full:https://registry.npmjs.org/json5 set size:86136 disposed:false
2099 silly fetch manifest @babel/helper-module-transforms@^7.29.7
2100 silly packumentCache full:https://registry.npmjs.org/@babel%2fhelper-module-transforms cache-miss
2101 http fetch GET 200 https://registry.npmjs.org/gensync 73ms (cache miss)
2102 silly packumentCache full:https://registry.npmjs.org/gensync set size:undefined disposed:false
2103 silly fetch manifest @babel/helper-compilation-targets@^7.29.7
2104 silly packumentCache full:https://registry.npmjs.org/@babel%2fhelper-compilation-targets cache-miss
2105 http fetch GET 200 https://registry.npmjs.org/convert-source-map 75ms (cache miss)
2106 silly packumentCache full:https://registry.npmjs.org/convert-source-map set size:undefined disposed:false
2107 silly fetch manifest @babel/types@^7.29.8
2108 silly packumentCache full:https://registry.npmjs.org/@babel%2ftypes cache-miss
2109 http fetch GET 200 https://registry.npmjs.org/@babel%2fgenerator 112ms (cache miss)
2110 silly packumentCache full:https://registry.npmjs.org/@babel%2fgenerator set size:undefined disposed:false
2111 silly fetch manifest hermes-estree@0.25.1
2112 silly packumentCache full:https://registry.npmjs.org/hermes-estree cache-miss
2113 http fetch GET 200 https://registry.npmjs.org/@babel%2ftraverse 127ms (cache miss)
2114 silly packumentCache full:https://registry.npmjs.org/@babel%2ftraverse set size:undefined disposed:false
2115 http fetch GET 200 https://registry.npmjs.org/@babel%2fcode-frame 147ms (cache miss)
2116 silly packumentCache full:https://registry.npmjs.org/@babel%2fcode-frame set size:undefined disposed:false
2117 http fetch GET 200 https://registry.npmjs.org/@babel%2ftemplate 150ms (cache miss)
2118 silly packumentCache full:https://registry.npmjs.org/@babel%2ftemplate set size:undefined disposed:false
2119 http fetch GET 200 https://registry.npmjs.org/@babel%2ftypes 152ms (cache miss)
2120 silly packumentCache full:https://registry.npmjs.org/@babel%2ftypes set size:undefined disposed:false
2121 http fetch GET 200 https://registry.npmjs.org/@babel%2fhelpers 192ms (cache miss)
2122 silly packumentCache full:https://registry.npmjs.org/@babel%2fhelpers set size:undefined disposed:false
2123 http fetch GET 200 https://registry.npmjs.org/@babel%2fhelper-module-transforms 190ms (cache miss)
2124 silly packumentCache full:https://registry.npmjs.org/@babel%2fhelper-module-transforms set size:undefined disposed:false
2125 http fetch GET 200 https://registry.npmjs.org/hermes-estree 90ms (cache miss)
2126 silly packumentCache full:https://registry.npmjs.org/hermes-estree set size:undefined disposed:false
2127 http fetch GET 200 https://registry.npmjs.org/@babel%2fhelper-compilation-targets 187ms (cache miss)
2128 silly packumentCache full:https://registry.npmjs.org/@babel%2fhelper-compilation-targets set size:undefined disposed:false
2129 http fetch GET 200 https://registry.npmjs.org/@babel%2ftypes 653ms (cache miss)
2130 silly packumentCache full:https://registry.npmjs.org/@babel%2ftypes set size:undefined disposed:false
2131 silly fetch manifest @babel/core@^7.0.0
2132 silly packumentCache full:https://registry.npmjs.org/@babel%2fcore cache-hit
2133 silly placeDep ROOT @babel/code-frame@7.29.7 OK for: @babel/core@7.29.7 want: ^7.29.7
2134 silly placeDep ROOT @babel/generator@7.29.8 OK for: @babel/core@7.29.7 want: ^7.29.7
2135 silly placeDep ROOT @babel/helper-compilation-targets@7.29.7 OK for: @babel/core@7.29.7 want: ^7.29.7
2136 silly placeDep ROOT @babel/helper-module-transforms@7.29.7 OK for: @babel/core@7.29.7 want: ^7.29.7
2137 silly placeDep ROOT @babel/helpers@7.29.7 OK for: @babel/core@7.29.7 want: ^7.29.7
2138 silly placeDep ROOT @babel/template@7.29.7 OK for: @babel/core@7.29.7 want: ^7.29.7
2139 silly placeDep ROOT @babel/traverse@7.29.8 OK for: @babel/core@7.29.7 want: ^7.29.7
2140 silly placeDep ROOT @babel/types@7.29.8 OK for: @babel/core@7.29.7 want: ^7.29.7
2141 silly placeDep ROOT convert-source-map@2.0.0 OK for: @babel/core@7.29.7 want: ^2.0.0
2142 silly placeDep ROOT gensync@1.0.0-beta.2 OK for: @babel/core@7.29.7 want: ^1.0.0-beta.2
2143 silly placeDep ROOT json5@2.2.3 OK for: @babel/core@7.29.7 want: ^2.2.3
2144 silly fetch manifest js-tokens@^4.0.0
2145 silly packumentCache full:https://registry.npmjs.org/js-tokens cache-miss
2146 silly fetch manifest @babel/helper-validator-identifier@^7.29.7
2147 silly packumentCache full:https://registry.npmjs.org/@babel%2fhelper-validator-identifier cache-miss
2148 silly fetch manifest jsesc@^3.0.2
2149 silly packumentCache full:https://registry.npmjs.org/jsesc cache-miss
2150 silly fetch manifest lru-cache@^5.1.1
2151 silly packumentCache full:https://registry.npmjs.org/lru-cache cache-miss
2152 silly fetch manifest browserslist@^4.24.0
2153 silly packumentCache full:https://registry.npmjs.org/browserslist cache-miss
2154 silly fetch manifest @babel/compat-data@^7.29.7
2155 silly packumentCache full:https://registry.npmjs.org/@babel%2fcompat-data cache-miss
2156 silly fetch manifest @babel/helper-validator-option@^7.29.7
2157 silly packumentCache full:https://registry.npmjs.org/@babel%2fhelper-validator-option cache-miss
2158 silly fetch manifest @babel/helper-module-imports@^7.29.7
2159 silly packumentCache full:https://registry.npmjs.org/@babel%2fhelper-module-imports cache-miss
2160 silly fetch manifest @babel/helper-validator-identifier@^7.29.7
2161 silly packumentCache full:https://registry.npmjs.org/@babel%2fhelper-validator-identifier cache-miss
2162 http cache https://registry.npmjs.org/browserslist 3ms (cache hit)
2163 silly packumentCache full:https://registry.npmjs.org/browserslist set size:518659 disposed:false
2164 silly fetch manifest @babel/helper-globals@^7.29.7
2165 silly packumentCache full:https://registry.npmjs.org/@babel%2fhelper-globals cache-miss
2166 http fetch GET 200 https://registry.npmjs.org/js-tokens 60ms (cache miss)
2167 silly packumentCache full:https://registry.npmjs.org/js-tokens set size:undefined disposed:false
2168 silly fetch manifest @babel/helper-string-parser@^7.29.7
2169 silly packumentCache full:https://registry.npmjs.org/@babel%2fhelper-string-parser cache-miss
2170 http fetch GET 200 https://registry.npmjs.org/jsesc 61ms (cache miss)
2171 silly packumentCache full:https://registry.npmjs.org/jsesc set size:undefined disposed:false
2172 silly fetch manifest @babel/helper-validator-identifier@^7.29.7
2173 silly packumentCache full:https://registry.npmjs.org/@babel%2fhelper-validator-identifier cache-miss
2174 http fetch GET 200 https://registry.npmjs.org/@babel%2fhelper-module-imports 73ms (cache miss)
2175 silly packumentCache full:https://registry.npmjs.org/@babel%2fhelper-module-imports set size:undefined disposed:false
2176 http fetch GET 200 https://registry.npmjs.org/@babel%2fhelper-globals 76ms (cache miss)
2177 silly packumentCache full:https://registry.npmjs.org/@babel%2fhelper-globals set size:undefined disposed:false
2178 http fetch GET 200 https://registry.npmjs.org/@babel%2fhelper-validator-identifier 85ms (cache miss)
2179 silly packumentCache full:https://registry.npmjs.org/@babel%2fhelper-validator-identifier set size:undefined disposed:false
2180 http fetch GET 200 https://registry.npmjs.org/@babel%2fhelper-validator-option 94ms (cache miss)
2181 silly packumentCache full:https://registry.npmjs.org/@babel%2fhelper-validator-option set size:undefined disposed:false
2182 http fetch GET 200 https://registry.npmjs.org/@babel%2fhelper-validator-identifier 110ms (cache miss)
2183 silly packumentCache full:https://registry.npmjs.org/@babel%2fhelper-validator-identifier set size:undefined disposed:false
2184 http fetch GET 200 https://registry.npmjs.org/@babel%2fhelper-validator-identifier 72ms (cache miss)
2185 silly packumentCache full:https://registry.npmjs.org/@babel%2fhelper-validator-identifier set size:undefined disposed:false
2186 http fetch GET 200 https://registry.npmjs.org/@babel%2fhelper-string-parser 74ms (cache miss)
2187 silly packumentCache full:https://registry.npmjs.org/@babel%2fhelper-string-parser set size:undefined disposed:false
2188 http fetch GET 200 https://registry.npmjs.org/lru-cache 157ms (cache miss)
2189 silly packumentCache full:https://registry.npmjs.org/lru-cache set size:undefined disposed:false
2190 http fetch GET 200 https://registry.npmjs.org/@babel%2fcompat-data 175ms (cache miss)
2191 silly packumentCache full:https://registry.npmjs.org/@babel%2fcompat-data set size:undefined disposed:false
2192 silly placeDep ROOT @babel/helper-validator-identifier@7.29.7 OK for: @babel/code-frame@7.29.7 want: ^7.29.7
2193 silly placeDep ROOT js-tokens@4.0.0 OK for: @babel/code-frame@7.29.7 want: ^4.0.0
2194 silly placeDep ROOT picocolors@1.1.1 OK for: @babel/code-frame@7.29.7 want: ^1.1.1
2195 silly placeDep ROOT jsesc@3.1.0 OK for: @babel/generator@7.29.8 want: ^3.0.2
2196 silly placeDep ROOT @babel/compat-data@7.29.7 OK for: @babel/helper-compilation-targets@7.29.7 want: ^7.29.7
2197 silly placeDep ROOT @babel/helper-validator-option@7.29.7 OK for: @babel/helper-compilation-targets@7.29.7 want: ^7.29.7
2198 silly placeDep ROOT browserslist@4.28.8 OK for: @babel/helper-compilation-targets@7.29.7 want: ^4.24.0
2199 silly placeDep ROOT lru-cache@5.1.1 OK for: @babel/helper-compilation-targets@7.29.7 want: ^5.1.1
2200 silly fetch manifest caniuse-lite@^1.0.30001809
2201 silly packumentCache full:https://registry.npmjs.org/caniuse-lite cache-miss
2202 silly fetch manifest node-releases@^2.0.53
2203 silly packumentCache full:https://registry.npmjs.org/node-releases cache-miss
2204 silly fetch manifest electron-to-chromium@^1.5.402
2205 silly packumentCache full:https://registry.npmjs.org/electron-to-chromium cache-miss
2206 silly fetch manifest update-browserslist-db@^1.3.0
2207 silly packumentCache full:https://registry.npmjs.org/update-browserslist-db cache-miss
2208 silly fetch manifest baseline-browser-mapping@^2.11.12
2209 silly packumentCache full:https://registry.npmjs.org/baseline-browser-mapping cache-miss
2210 silly fetch manifest yallist@^3.0.2
2211 silly packumentCache full:https://registry.npmjs.org/yallist cache-miss
2212 http cache https://registry.npmjs.org/baseline-browser-mapping 4ms (cache hit)
2213 silly packumentCache full:https://registry.npmjs.org/baseline-browser-mapping set size:593061 disposed:false
2214 http cache https://registry.npmjs.org/caniuse-lite 7ms (cache hit)
2215 silly packumentCache full:https://registry.npmjs.org/caniuse-lite set size:2311190 disposed:false
2216 http fetch GET 200 https://registry.npmjs.org/node-releases 74ms (cache miss)
2217 silly packumentCache full:https://registry.npmjs.org/node-releases set size:undefined disposed:false
2218 http fetch GET 200 https://registry.npmjs.org/update-browserslist-db 77ms (cache miss)
2219 silly packumentCache full:https://registry.npmjs.org/update-browserslist-db set size:undefined disposed:false
2220 http fetch GET 200 https://registry.npmjs.org/yallist 77ms (cache miss)
2221 silly packumentCache full:https://registry.npmjs.org/yallist set size:undefined disposed:false
2222 http fetch GET 200 https://registry.npmjs.org/electron-to-chromium 2139ms (cache miss)
2223 silly packumentCache full:https://registry.npmjs.org/electron-to-chromium set size:undefined disposed:false
2224 silly placeDep ROOT @babel/helper-module-imports@7.29.7 OK for: @babel/helper-module-transforms@7.29.7 want: ^7.29.7
2225 silly placeDep ROOT @babel/helper-globals@7.29.7 OK for: @babel/traverse@7.29.8 want: ^7.29.7
2226 silly placeDep ROOT @babel/helper-string-parser@7.29.7 OK for: @babel/types@7.29.8 want: ^7.29.7
2227 silly fetch manifest browserslist@>= 4.21.0
2228 silly packumentCache full:https://registry.npmjs.org/browserslist cache-hit
2229 silly placeDep ROOT baseline-browser-mapping@2.11.13 OK for: browserslist@4.28.8 want: ^2.11.12
2230 silly placeDep ROOT caniuse-lite@1.0.30001809 OK for: browserslist@4.28.8 want: ^1.0.30001809
2231 silly placeDep ROOT electron-to-chromium@1.5.404 OK for: browserslist@4.28.8 want: ^1.5.402
2232 silly placeDep ROOT node-releases@2.0.53 OK for: browserslist@4.28.8 want: ^2.0.53
2233 silly placeDep ROOT update-browserslist-db@1.3.1 OK for: browserslist@4.28.8 want: ^1.3.0
2234 silly fetch manifest escalade@^3.2.0
2235 silly packumentCache full:https://registry.npmjs.org/escalade cache-miss
2236 http fetch GET 200 https://registry.npmjs.org/escalade 62ms (cache miss)
2237 silly packumentCache full:https://registry.npmjs.org/escalade set size:undefined disposed:false
2238 silly placeDep ROOT esrecurse@4.3.0 OK for: eslint-scope@8.4.0 want: ^4.3.0
2239 silly placeDep ROOT acorn@8.18.0 OK for: espree@10.4.0 want: ^8.15.0
2240 silly placeDep ROOT acorn-jsx@5.3.2 OK for: espree@10.4.0 want: ^5.3.2
2241 silly placeDep ROOT @nodelib/fs.stat@2.0.5 OK for: fast-glob@3.3.1 want: ^2.0.2
2242 silly placeDep ROOT @nodelib/fs.walk@1.2.8 OK for: fast-glob@3.3.1 want: ^1.2.3
2243 silly placeDep node_modules/fast-glob glob-parent@5.1.2 OK for: fast-glob@3.3.1 want: ^5.1.2
2244 silly placeDep ROOT merge2@1.4.1 OK for: fast-glob@3.3.1 want: ^1.3.0
2245 silly placeDep ROOT micromatch@4.0.8 OK for: fast-glob@3.3.1 want: ^4.0.4
2246 silly fetch manifest fastq@^1.6.0
2247 silly packumentCache full:https://registry.npmjs.org/fastq cache-miss
2248 silly fetch manifest @nodelib/fs.scandir@2.1.5
2249 silly packumentCache full:https://registry.npmjs.org/@nodelib%2ffs.scandir cache-miss
2250 silly fetch manifest braces@^3.0.3
2251 silly packumentCache full:https://registry.npmjs.org/braces cache-miss
2252 silly fetch manifest picomatch@^2.3.1
2253 silly packumentCache full:https://registry.npmjs.org/picomatch cache-miss
2254 http cache https://registry.npmjs.org/picomatch 2ms (cache hit)
2255 silly packumentCache full:https://registry.npmjs.org/picomatch set size:128942 disposed:false
2256 http fetch GET 200 https://registry.npmjs.org/fastq 57ms (cache miss)
2257 silly packumentCache full:https://registry.npmjs.org/fastq set size:undefined disposed:false
2258 http fetch GET 200 https://registry.npmjs.org/@nodelib%2ffs.scandir 68ms (cache miss)
2259 silly packumentCache full:https://registry.npmjs.org/@nodelib%2ffs.scandir set size:undefined disposed:false
2260 http fetch GET 200 https://registry.npmjs.org/braces 70ms (cache miss)
2261 silly packumentCache full:https://registry.npmjs.org/braces set size:undefined disposed:false
2262 silly placeDep ROOT @nodelib/fs.scandir@2.1.5 OK for: @nodelib/fs.walk@1.2.8 want: 2.1.5
2263 silly placeDep ROOT fastq@1.20.1 OK for: @nodelib/fs.walk@1.2.8 want: ^1.6.0
2264 silly fetch manifest run-parallel@^1.1.9
2265 silly packumentCache full:https://registry.npmjs.org/run-parallel cache-miss
2266 silly fetch manifest reusify@^1.0.4
2267 silly packumentCache full:https://registry.npmjs.org/reusify cache-miss
2268 http fetch GET 200 https://registry.npmjs.org/reusify 47ms (cache miss)
2269 silly packumentCache full:https://registry.npmjs.org/reusify set size:undefined disposed:false
2270 http fetch GET 200 https://registry.npmjs.org/run-parallel 56ms (cache miss)
2271 silly packumentCache full:https://registry.npmjs.org/run-parallel set size:undefined disposed:false
2272 silly placeDep ROOT run-parallel@1.2.0 OK for: @nodelib/fs.scandir@2.1.5 want: ^1.1.9
2273 silly fetch manifest queue-microtask@^1.2.2
2274 silly packumentCache full:https://registry.npmjs.org/queue-microtask cache-miss
2275 http fetch GET 200 https://registry.npmjs.org/queue-microtask 46ms (cache miss)
2276 silly packumentCache full:https://registry.npmjs.org/queue-microtask set size:undefined disposed:false
2277 silly placeDep ROOT reusify@1.1.0 OK for: fastq@1.20.1 want: ^1.0.4
2278 silly placeDep ROOT flat-cache@4.0.1 OK for: file-entry-cache@8.0.0 want: ^4.0.0
2279 silly fetch manifest keyv@^4.5.4
2280 silly packumentCache full:https://registry.npmjs.org/keyv cache-miss
2281 silly fetch manifest flatted@^3.2.9
2282 silly packumentCache full:https://registry.npmjs.org/flatted cache-miss
2283 http fetch GET 200 https://registry.npmjs.org/flatted 93ms (cache miss)
2284 silly packumentCache full:https://registry.npmjs.org/flatted set size:undefined disposed:false
2285 http fetch GET 200 https://registry.npmjs.org/keyv 98ms (cache miss)
2286 silly packumentCache full:https://registry.npmjs.org/keyv set size:undefined disposed:false
2287 silly placeDep ROOT locate-path@6.0.0 OK for: find-up@5.0.0 want: ^6.0.0
2288 silly placeDep ROOT path-exists@4.0.0 OK for: find-up@5.0.0 want: ^4.0.0
2289 silly fetch manifest p-locate@^5.0.0
2290 silly packumentCache full:https://registry.npmjs.org/p-locate cache-miss
2291 http fetch GET 200 https://registry.npmjs.org/p-locate 60ms (cache miss)
2292 silly packumentCache full:https://registry.npmjs.org/p-locate set size:undefined disposed:false
2293 silly placeDep ROOT flatted@3.4.4 OK for: flat-cache@4.0.1 want: ^3.2.9
2294 silly placeDep ROOT keyv@4.5.4 OK for: flat-cache@4.0.1 want: ^4.5.4
2295 silly fetch manifest json-buffer@3.0.1
2296 silly packumentCache full:https://registry.npmjs.org/json-buffer cache-miss
2297 http fetch GET 200 https://registry.npmjs.org/json-buffer 96ms (cache miss)
2298 silly packumentCache full:https://registry.npmjs.org/json-buffer set size:undefined disposed:false
2299 silly placeDep ROOT motion-dom@12.43.0 OK for: framer-motion@12.43.0 want: ^12.43.0
2300 silly placeDep ROOT motion-utils@12.39.0 OK for: framer-motion@12.43.0 want: ^12.39.0
2301 silly placeDep ROOT tslib@2.8.1 OK for: framer-motion@12.43.0 want: ^2.4.0
2302 silly placeDep ROOT functions-have-names@1.2.3 OK for: function.prototype.name@1.2.0 want: ^1.2.3
2303 silly placeDep ROOT is-document.all@1.0.0 OK for: function.prototype.name@1.2.0 want: ^1.0.0
2304 silly placeDep ROOT dunder-proto@1.0.1 OK for: get-proto@1.0.1 want: ^1.0.1
2305 silly placeDep ROOT resolve-pkg-maps@1.0.0 OK for: get-tsconfig@4.14.1 want: ^1.0.0
2306 silly placeDep ROOT hermes-estree@0.25.1 OK for: hermes-parser@0.25.1 want: 0.25.1
2307 silly placeDep ROOT parent-module@1.0.1 OK for: import-fresh@3.3.1 want: ^1.0.0
2308 silly placeDep ROOT resolve-from@4.0.0 OK for: import-fresh@3.3.1 want: ^4.0.0
2309 silly fetch manifest callsites@^3.0.0
2310 silly packumentCache full:https://registry.npmjs.org/callsites cache-miss
2311 http fetch GET 200 https://registry.npmjs.org/callsites 82ms (cache miss)
2312 silly packumentCache full:https://registry.npmjs.org/callsites set size:undefined disposed:false
2313 silly placeDep ROOT side-channel@1.1.1 OK for: internal-slot@1.1.0 want: ^1.1.0
2314 silly fetch manifest side-channel-list@^1.0.1
2315 silly packumentCache full:https://registry.npmjs.org/side-channel-list cache-miss
2316 silly fetch manifest side-channel-map@^1.0.1
2317 silly packumentCache full:https://registry.npmjs.org/side-channel-map cache-miss
2318 silly fetch manifest side-channel-weakmap@^1.0.2
2319 silly packumentCache full:https://registry.npmjs.org/side-channel-weakmap cache-miss
2320 http fetch GET 200 https://registry.npmjs.org/side-channel-list 49ms (cache miss)
2321 silly packumentCache full:https://registry.npmjs.org/side-channel-list set size:undefined disposed:false
2322 http fetch GET 200 https://registry.npmjs.org/side-channel-map 52ms (cache miss)
2323 silly packumentCache full:https://registry.npmjs.org/side-channel-map set size:undefined disposed:false
2324 http fetch GET 200 https://registry.npmjs.org/side-channel-weakmap 54ms (cache miss)
2325 silly packumentCache full:https://registry.npmjs.org/side-channel-weakmap set size:undefined disposed:false
2326 silly placeDep node_modules/is-bun-module semver@7.8.5 OK for: is-bun-module@2.0.0 want: ^7.7.1
2327 silly placeDep ROOT is-extglob@2.1.1 OK for: is-glob@4.0.3 want: ^2.1.1
2328 silly placeDep ROOT set-function-name@2.0.2 OK for: iterator.prototype@1.1.5 want: ^2.0.2
2329 silly placeDep ROOT argparse@2.0.1 OK for: js-yaml@4.3.1 want: ^2.0.1
2330 silly placeDep ROOT json-buffer@3.0.1 OK for: keyv@4.5.4 want: 3.0.1
2331 silly placeDep ROOT language-subtag-registry@0.3.23 OK for: language-tags@1.0.9 want: ^0.3.20
2332 silly placeDep ROOT prelude-ls@1.2.1 OK for: levn@0.4.1 want: ^1.2.1
2333 silly placeDep ROOT type-check@0.4.0 OK for: levn@0.4.1 want: ~0.4.0
2334 silly placeDep ROOT detect-libc@2.1.2 OK for: lightningcss@1.32.0 want: ^2.0.3
2335 silly placeDep ROOT lightningcss-android-arm64@1.32.0 OK for: lightningcss@1.32.0 want: 1.32.0
2336 silly placeDep ROOT lightningcss-darwin-arm64@1.32.0 OK for: lightningcss@1.32.0 want: 1.32.0
2337 silly placeDep ROOT lightningcss-darwin-x64@1.32.0 OK for: lightningcss@1.32.0 want: 1.32.0
2338 silly placeDep ROOT lightningcss-freebsd-x64@1.32.0 OK for: lightningcss@1.32.0 want: 1.32.0
2339 silly placeDep ROOT lightningcss-linux-arm-gnueabihf@1.32.0 OK for: lightningcss@1.32.0 want: 1.32.0
2340 silly placeDep ROOT lightningcss-linux-arm64-gnu@1.32.0 OK for: lightningcss@1.32.0 want: 1.32.0
2341 silly placeDep ROOT lightningcss-linux-arm64-musl@1.32.0 OK for: lightningcss@1.32.0 want: 1.32.0
2342 silly placeDep ROOT lightningcss-linux-x64-gnu@1.32.0 OK for: lightningcss@1.32.0 want: 1.32.0
2343 silly placeDep ROOT lightningcss-linux-x64-musl@1.32.0 OK for: lightningcss@1.32.0 want: 1.32.0
2344 silly placeDep ROOT lightningcss-win32-arm64-msvc@1.32.0 OK for: lightningcss@1.32.0 want: 1.32.0
2345 silly placeDep ROOT lightningcss-win32-x64-msvc@1.32.0 OK for: lightningcss@1.32.0 want: 1.32.0
2346 silly placeDep ROOT p-locate@5.0.0 OK for: locate-path@6.0.0 want: ^5.0.0
2347 silly fetch manifest p-limit@^3.0.2
2348 silly packumentCache full:https://registry.npmjs.org/p-limit cache-miss
2349 http fetch GET 200 https://registry.npmjs.org/p-limit 81ms (cache miss)
2350 silly packumentCache full:https://registry.npmjs.org/p-limit set size:undefined disposed:false
2351 silly placeDep ROOT yallist@3.1.1 OK for: lru-cache@5.1.1 want: ^3.0.2
2352 silly placeDep ROOT braces@3.0.3 OK for: micromatch@4.0.8 want: ^3.0.3
2353 silly placeDep ROOT picomatch@2.3.2 OK for: micromatch@4.0.8 want: ^2.3.1
2354 silly fetch manifest fill-range@^7.1.1
2355 silly packumentCache full:https://registry.npmjs.org/fill-range cache-miss
2356 http fetch GET 200 https://registry.npmjs.org/fill-range 83ms (cache miss)
2357 silly packumentCache full:https://registry.npmjs.org/fill-range set size:undefined disposed:false
2358 silly placeDep ROOT fill-range@7.1.1 OK for: braces@3.0.3 want: ^7.1.1
2359 silly fetch manifest to-regex-range@^5.0.1
2360 silly packumentCache full:https://registry.npmjs.org/to-regex-range cache-miss
2361 http fetch GET 200 https://registry.npmjs.org/to-regex-range 66ms (cache miss)
2362 silly packumentCache full:https://registry.npmjs.org/to-regex-range set size:undefined disposed:false
2363 silly placeDep ROOT to-regex-range@5.0.1 OK for: fill-range@7.1.1 want: ^5.0.1
2364 silly fetch manifest is-number@^7.0.0
2365 silly packumentCache full:https://registry.npmjs.org/is-number cache-miss
2366 http fetch GET 200 https://registry.npmjs.org/is-number 75ms (cache miss)
2367 silly packumentCache full:https://registry.npmjs.org/is-number set size:undefined disposed:false
2368 silly placeDep ROOT brace-expansion@1.1.18 OK for: minimatch@3.1.5 want: ^1.1.7
2369 silly fetch manifest concat-map@0.0.1
2370 silly packumentCache full:https://registry.npmjs.org/concat-map cache-miss
2371 silly fetch manifest balanced-match@^1.0.0
2372 silly packumentCache full:https://registry.npmjs.org/balanced-match cache-miss
2373 http fetch GET 200 https://registry.npmjs.org/balanced-match 46ms (cache miss)
2374 silly packumentCache full:https://registry.npmjs.org/balanced-match set size:undefined disposed:false
2375 http fetch GET 200 https://registry.npmjs.org/concat-map 47ms (cache miss)
2376 silly packumentCache full:https://registry.npmjs.org/concat-map set size:undefined disposed:false
2377 silly placeDep ROOT balanced-match@1.0.2 OK for: brace-expansion@1.1.18 want: ^1.0.0
2378 silly placeDep ROOT concat-map@0.0.1 OK for: brace-expansion@1.1.18 want: 0.0.1
2379 silly fetch manifest react@^18.2.0 || 19.0.0-rc-de68d2f4-20241204 || ^19.0.0
2380 silly packumentCache full:https://registry.npmjs.org/react cache-miss
2381 http cache https://registry.npmjs.org/react 5ms (cache hit)
2382 silly packumentCache full:https://registry.npmjs.org/react set size:6878486 disposed:false
2383 silly placeDep ROOT @next/env@16.2.12 OK for: next@16.2.12 want: 16.2.12
2384 silly placeDep ROOT @next/swc-darwin-arm64@16.2.12 OK for: next@16.2.12 want: 16.2.12
2385 silly placeDep ROOT @next/swc-darwin-x64@16.2.12 OK for: next@16.2.12 want: 16.2.12
2386 silly placeDep ROOT @next/swc-linux-arm64-gnu@16.2.12 OK for: next@16.2.12 want: 16.2.12
2387 silly placeDep ROOT @next/swc-linux-arm64-musl@16.2.12 OK for: next@16.2.12 want: 16.2.12
2388 silly placeDep ROOT @next/swc-linux-x64-gnu@16.2.12 OK for: next@16.2.12 want: 16.2.12
2389 silly placeDep ROOT @next/swc-linux-x64-musl@16.2.12 OK for: next@16.2.12 want: 16.2.12
2390 silly placeDep ROOT @next/swc-win32-arm64-msvc@16.2.12 OK for: next@16.2.12 want: 16.2.12
2391 silly placeDep ROOT @next/swc-win32-x64-msvc@16.2.12 OK for: next@16.2.12 want: 16.2.12
2392 silly placeDep ROOT @swc/helpers@0.5.15 OK for: next@16.2.12 want: 0.5.15
2393 silly placeDep node_modules/next postcss@8.4.31 OK for: next@16.2.12 want: 8.4.31
2394 silly placeDep ROOT sharp@0.34.5 OK for: next@16.2.12 want: ^0.34.5
2395 silly placeDep ROOT styled-jsx@5.1.6 OK for: next@16.2.12 want: 5.1.6
2396 silly fetch manifest nanoid@^3.3.6
2397 silly packumentCache full:https://registry.npmjs.org/nanoid cache-miss
2398 silly fetch manifest semver@^7.7.3
2399 silly packumentCache full:https://registry.npmjs.org/semver cache-hit
2400 silly fetch manifest @img/colour@^1.0.0
2401 silly packumentCache full:https://registry.npmjs.org/@img%2fcolour cache-miss
2402 silly fetch manifest @img/sharp-wasm32@0.34.5
2403 silly packumentCache full:https://registry.npmjs.org/@img%2fsharp-wasm32 cache-miss
2404 silly fetch manifest @img/sharp-linux-arm@0.34.5
2405 silly packumentCache full:https://registry.npmjs.org/@img%2fsharp-linux-arm cache-miss
2406 silly fetch manifest @img/sharp-linux-x64@0.34.5
2407 silly packumentCache full:https://registry.npmjs.org/@img%2fsharp-linux-x64 cache-miss
2408 silly fetch manifest @img/sharp-win32-x64@0.34.5
2409 silly packumentCache full:https://registry.npmjs.org/@img%2fsharp-win32-x64 cache-miss
2410 silly fetch manifest @img/sharp-darwin-x64@0.34.5
2411 silly packumentCache full:https://registry.npmjs.org/@img%2fsharp-darwin-x64 cache-miss
2412 silly fetch manifest @img/sharp-win32-ia32@0.34.5
2413 silly packumentCache full:https://registry.npmjs.org/@img%2fsharp-win32-ia32 cache-miss
2414 silly fetch manifest @img/sharp-linux-arm64@0.34.5
2415 silly packumentCache full:https://registry.npmjs.org/@img%2fsharp-linux-arm64 cache-miss
2416 http cache https://registry.npmjs.org/nanoid 4ms (cache hit)
2417 silly packumentCache full:https://registry.npmjs.org/nanoid set size:342705 disposed:false
2418 silly fetch manifest @img/sharp-linux-ppc64@0.34.5
2419 silly packumentCache full:https://registry.npmjs.org/@img%2fsharp-linux-ppc64 cache-miss
2420 http fetch GET 200 https://registry.npmjs.org/@img%2fcolour 73ms (cache miss)
2421 silly packumentCache full:https://registry.npmjs.org/@img%2fcolour set size:undefined disposed:false
2422 silly fetch manifest @img/sharp-linux-s390x@0.34.5
2423 silly packumentCache full:https://registry.npmjs.org/@img%2fsharp-linux-s390x cache-miss
2424 http fetch GET 200 https://registry.npmjs.org/@img%2fsharp-linux-arm64 72ms (cache miss)
2425 silly packumentCache full:https://registry.npmjs.org/@img%2fsharp-linux-arm64 set size:undefined disposed:false
2426 silly fetch manifest @img/sharp-win32-arm64@0.34.5
2427 silly packumentCache full:https://registry.npmjs.org/@img%2fsharp-win32-arm64 cache-miss
2428 http fetch GET 200 https://registry.npmjs.org/@img%2fsharp-wasm32 78ms (cache miss)
2429 silly packumentCache full:https://registry.npmjs.org/@img%2fsharp-wasm32 set size:undefined disposed:false
2430 silly fetch manifest @img/sharp-darwin-arm64@0.34.5
2431 silly packumentCache full:https://registry.npmjs.org/@img%2fsharp-darwin-arm64 cache-miss
2432 http fetch GET 200 https://registry.npmjs.org/@img%2fsharp-linux-x64 79ms (cache miss)
2433 silly packumentCache full:https://registry.npmjs.org/@img%2fsharp-linux-x64 set size:undefined disposed:false
2434 silly fetch manifest @img/sharp-linux-riscv64@0.34.5
2435 silly packumentCache full:https://registry.npmjs.org/@img%2fsharp-linux-riscv64 cache-miss
2436 http fetch GET 200 https://registry.npmjs.org/@img%2fsharp-darwin-x64 79ms (cache miss)
2437 silly packumentCache full:https://registry.npmjs.org/@img%2fsharp-darwin-x64 set size:undefined disposed:false
2438 silly fetch manifest @img/sharp-linuxmusl-x64@0.34.5
2439 silly packumentCache full:https://registry.npmjs.org/@img%2fsharp-linuxmusl-x64 cache-miss
2440 http fetch GET 200 https://registry.npmjs.org/@img%2fsharp-linux-ppc64 77ms (cache miss)
2441 silly packumentCache full:https://registry.npmjs.org/@img%2fsharp-linux-ppc64 set size:undefined disposed:false
2442 silly fetch manifest @img/sharp-linuxmusl-arm64@0.34.5
2443 silly packumentCache full:https://registry.npmjs.org/@img%2fsharp-linuxmusl-arm64 cache-miss
2444 http fetch GET 200 https://registry.npmjs.org/@img%2fsharp-win32-x64 89ms (cache miss)
2445 silly packumentCache full:https://registry.npmjs.org/@img%2fsharp-win32-x64 set size:undefined disposed:false
2446 silly fetch manifest @img/sharp-libvips-linux-arm@1.2.4
2447 silly packumentCache full:https://registry.npmjs.org/@img%2fsharp-libvips-linux-arm cache-miss
2448 http fetch GET 200 https://registry.npmjs.org/@img%2fsharp-win32-ia32 91ms (cache miss)
2449 silly packumentCache full:https://registry.npmjs.org/@img%2fsharp-win32-ia32 set size:undefined disposed:false
2450 silly fetch manifest @img/sharp-libvips-linux-x64@1.2.4
2451 silly packumentCache full:https://registry.npmjs.org/@img%2fsharp-libvips-linux-x64 cache-miss
2452 http fetch GET 200 https://registry.npmjs.org/@img%2fsharp-linux-arm 97ms (cache miss)
2453 silly packumentCache full:https://registry.npmjs.org/@img%2fsharp-linux-arm set size:undefined disposed:false
2454 silly fetch manifest @img/sharp-libvips-darwin-x64@1.2.4
2455 silly packumentCache full:https://registry.npmjs.org/@img%2fsharp-libvips-darwin-x64 cache-miss
2456 http fetch GET 200 https://registry.npmjs.org/@img%2fsharp-linux-s390x 72ms (cache miss)
2457 silly packumentCache full:https://registry.npmjs.org/@img%2fsharp-linux-s390x set size:undefined disposed:false
2458 silly fetch manifest @img/sharp-libvips-linux-arm64@1.2.4
2459 silly packumentCache full:https://registry.npmjs.org/@img%2fsharp-libvips-linux-arm64 cache-miss
2460 http fetch GET 200 https://registry.npmjs.org/@img%2fsharp-darwin-arm64 73ms (cache miss)
2461 silly packumentCache full:https://registry.npmjs.org/@img%2fsharp-darwin-arm64 set size:undefined disposed:false
2462 silly fetch manifest @img/sharp-libvips-linux-ppc64@1.2.4
2463 silly packumentCache full:https://registry.npmjs.org/@img%2fsharp-libvips-linux-ppc64 cache-miss
2464 http fetch GET 200 https://registry.npmjs.org/@img%2fsharp-win32-arm64 86ms (cache miss)
2465 silly packumentCache full:https://registry.npmjs.org/@img%2fsharp-win32-arm64 set size:undefined disposed:false
2466 silly fetch manifest @img/sharp-libvips-linux-s390x@1.2.4
2467 silly packumentCache full:https://registry.npmjs.org/@img%2fsharp-libvips-linux-s390x cache-miss
2468 http fetch GET 200 https://registry.npmjs.org/@img%2fsharp-linuxmusl-x64 80ms (cache miss)
2469 silly packumentCache full:https://registry.npmjs.org/@img%2fsharp-linuxmusl-x64 set size:undefined disposed:false
2470 silly fetch manifest @img/sharp-libvips-darwin-arm64@1.2.4
2471 silly packumentCache full:https://registry.npmjs.org/@img%2fsharp-libvips-darwin-arm64 cache-miss
2472 http fetch GET 200 https://registry.npmjs.org/@img%2fsharp-libvips-linux-x64 112ms (cache miss)
2473 silly packumentCache full:https://registry.npmjs.org/@img%2fsharp-libvips-linux-x64 set size:undefined disposed:false
2474 silly fetch manifest @img/sharp-libvips-linux-riscv64@1.2.4
2475 silly packumentCache full:https://registry.npmjs.org/@img%2fsharp-libvips-linux-riscv64 cache-miss
2476 http fetch GET 200 https://registry.npmjs.org/@img%2fsharp-libvips-darwin-x64 108ms (cache miss)
2477 silly packumentCache full:https://registry.npmjs.org/@img%2fsharp-libvips-darwin-x64 set size:undefined disposed:false
2478 silly fetch manifest @img/sharp-libvips-linuxmusl-x64@1.2.4
2479 silly packumentCache full:https://registry.npmjs.org/@img%2fsharp-libvips-linuxmusl-x64 cache-miss
2480 http fetch GET 200 https://registry.npmjs.org/@img%2fsharp-libvips-linux-arm64 61ms (cache miss)
2481 silly packumentCache full:https://registry.npmjs.org/@img%2fsharp-libvips-linux-arm64 set size:undefined disposed:false
2482 silly fetch manifest @img/sharp-libvips-linuxmusl-arm64@1.2.4
2483 silly packumentCache full:https://registry.npmjs.org/@img%2fsharp-libvips-linuxmusl-arm64 cache-miss
2484 http fetch GET 200 https://registry.npmjs.org/@img%2fsharp-libvips-linux-ppc64 138ms (cache miss)
2485 silly packumentCache full:https://registry.npmjs.org/@img%2fsharp-libvips-linux-ppc64 set size:undefined disposed:false
2486 silly fetch manifest client-only@0.0.1
2487 silly packumentCache full:https://registry.npmjs.org/client-only cache-miss
2488 http fetch GET 200 https://registry.npmjs.org/@img%2fsharp-libvips-darwin-arm64 129ms (cache miss)
2489 silly packumentCache full:https://registry.npmjs.org/@img%2fsharp-libvips-darwin-arm64 set size:undefined disposed:false
2490 http fetch GET 200 https://registry.npmjs.org/@img%2fsharp-libvips-linux-riscv64 95ms (cache miss)
2491 silly packumentCache full:https://registry.npmjs.org/@img%2fsharp-libvips-linux-riscv64 set size:undefined disposed:false
2492 http fetch GET 200 https://registry.npmjs.org/@img%2fsharp-libvips-linuxmusl-x64 94ms (cache miss)
2493 silly packumentCache full:https://registry.npmjs.org/@img%2fsharp-libvips-linuxmusl-x64 set size:undefined disposed:false
2494 http fetch GET 200 https://registry.npmjs.org/@img%2fsharp-libvips-linux-s390x 139ms (cache miss)
2495 silly packumentCache full:https://registry.npmjs.org/@img%2fsharp-libvips-linux-s390x set size:undefined disposed:false
2496 http fetch GET 200 https://registry.npmjs.org/@img%2fsharp-linux-riscv64 220ms (cache miss)
2497 silly packumentCache full:https://registry.npmjs.org/@img%2fsharp-linux-riscv64 set size:undefined disposed:false
2498 http fetch GET 200 https://registry.npmjs.org/client-only 52ms (cache miss)
2499 silly packumentCache full:https://registry.npmjs.org/client-only set size:undefined disposed:false
2500 http fetch GET 200 https://registry.npmjs.org/@img%2fsharp-linuxmusl-arm64 301ms (cache miss)
2501 silly packumentCache full:https://registry.npmjs.org/@img%2fsharp-linuxmusl-arm64 set size:undefined disposed:false
2502 http fetch GET 200 https://registry.npmjs.org/@img%2fsharp-libvips-linux-arm 322ms (cache miss)
2503 silly packumentCache full:https://registry.npmjs.org/@img%2fsharp-libvips-linux-arm set size:undefined disposed:false
2504 http fetch GET 200 https://registry.npmjs.org/@img%2fsharp-libvips-linuxmusl-arm64 480ms (cache miss)
2505 silly packumentCache full:https://registry.npmjs.org/@img%2fsharp-libvips-linuxmusl-arm64 set size:undefined disposed:false
2506 silly placeDep ROOT deep-is@0.1.4 OK for: optionator@0.9.4 want: ^0.1.3
2507 silly placeDep ROOT fast-levenshtein@2.0.6 OK for: optionator@0.9.4 want: ^2.0.6
2508 silly placeDep ROOT word-wrap@1.2.5 OK for: optionator@0.9.4 want: ^1.2.5
2509 silly placeDep ROOT p-limit@3.1.0 OK for: p-locate@5.0.0 want: ^3.0.2
2510 silly fetch manifest yocto-queue@^0.1.0
2511 silly packumentCache full:https://registry.npmjs.org/yocto-queue cache-miss
2512 http fetch GET 200 https://registry.npmjs.org/yocto-queue 49ms (cache miss)
2513 silly packumentCache full:https://registry.npmjs.org/yocto-queue set size:undefined disposed:false
2514 silly placeDep ROOT yocto-queue@0.1.0 OK for: p-limit@3.1.0 want: ^0.1.0
2515 silly placeDep ROOT callsites@3.1.0 OK for: parent-module@1.0.1 want: ^3.0.0
2516 silly placeDep ROOT nanoid@3.3.18 OK for: postcss@8.5.26 want: ^3.3.17
2517 silly placeDep ROOT loose-envify@1.4.0 OK for: prop-types@15.8.1 want: ^1.4.0
2518 silly placeDep ROOT object-assign@4.1.1 OK for: prop-types@15.8.1 want: ^4.1.1
2519 silly placeDep node_modules/prop-types react-is@16.13.1 OK for: prop-types@15.8.1 want: ^16.13.1
2520 silly placeDep ROOT scheduler@0.27.0 OK for: react-dom@19.2.4 want: ^0.27.0
2521 silly fetch manifest @types/react@^18.2.25 || ^19
2522 silly packumentCache full:https://registry.npmjs.org/@types%2freact cache-miss
2523 http cache https://registry.npmjs.org/@types%2freact 2ms (cache hit)
2524 silly packumentCache full:https://registry.npmjs.org/@types%2freact set size:2637439 disposed:false
2525 silly fetch manifest react@^16.8.0 || ^17.0.0 || ^18.0.0 || ^19.0.0
2526 silly packumentCache full:https://registry.npmjs.org/react cache-miss
2527 http cache https://registry.npmjs.org/react 5ms (cache hit)
2528 silly packumentCache full:https://registry.npmjs.org/react set size:6878486 disposed:false
2529 silly fetch manifest redux@^5.0.0
2530 silly packumentCache full:https://registry.npmjs.org/redux cache-miss
2531 http fetch GET 200 https://registry.npmjs.org/redux 179ms (cache miss)
2532 silly packumentCache full:https://registry.npmjs.org/redux set size:undefined disposed:false
2533 silly placeDep ROOT @reduxjs/toolkit@2.12.0 OK for: recharts@3.10.1 want: ^1.9.0 || 2.x.x
2534 silly placeDep ROOT decimal.js-light@2.5.1 OK for: recharts@3.10.1 want: ^2.5.1
2535 silly placeDep ROOT es-toolkit@1.50.0 OK for: recharts@3.10.1 want: ^1.39.3
2536 silly placeDep ROOT eventemitter3@5.0.4 OK for: recharts@3.10.1 want: ^5.0.1
2537 silly placeDep ROOT immer@11.1.16 OK for: recharts@3.10.1 want: ^11.1.8
2538 silly placeDep ROOT react-redux@9.3.0 OK for: recharts@3.10.1 want: 8.x.x || 9.x.x
2539 silly placeDep ROOT tiny-invariant@1.3.3 OK for: recharts@3.10.1 want: ^1.3.3
2540 silly placeDep ROOT victory-vendor@37.3.6 OK for: recharts@3.10.1 want: ^37.0.2
2541 silly fetch manifest @standard-schema/spec@^1.0.0
2542 silly packumentCache full:https://registry.npmjs.org/@standard-schema%2fspec cache-miss
2543 silly fetch manifest @standard-schema/utils@^0.3.0
2544 silly packumentCache full:https://registry.npmjs.org/@standard-schema%2futils cache-miss
2545 silly fetch manifest immer@^11.0.0
2546 silly packumentCache full:https://registry.npmjs.org/immer cache-miss
2547 silly fetch manifest redux@^5.0.1
2548 silly packumentCache full:https://registry.npmjs.org/redux cache-miss
2549 silly fetch manifest redux-thunk@^3.1.0
2550 silly packumentCache full:https://registry.npmjs.org/redux-thunk cache-miss
2551 silly fetch manifest @types/use-sync-external-store@^0.0.6
2552 silly packumentCache full:https://registry.npmjs.org/@types%2fuse-sync-external-store cache-miss
2553 silly fetch manifest d3-ease@^3.0.1
2554 silly packumentCache full:https://registry.npmjs.org/d3-ease cache-miss
2555 silly fetch manifest d3-time@^3.0.0
2556 silly packumentCache full:https://registry.npmjs.org/d3-time cache-miss
2557 silly fetch manifest d3-array@^3.1.6
2558 silly packumentCache full:https://registry.npmjs.org/d3-array cache-miss
2559 http cache https://registry.npmjs.org/redux 4ms (cache hit)
2560 silly packumentCache full:https://registry.npmjs.org/redux set size:553833 disposed:false
2561 silly fetch manifest d3-scale@^4.0.2
2562 silly packumentCache full:https://registry.npmjs.org/d3-scale cache-miss
2563 http cache https://registry.npmjs.org/immer 7ms (cache hit)
2564 silly packumentCache full:https://registry.npmjs.org/immer set size:791044 disposed:false
2565 silly fetch manifest d3-shape@^3.1.0
2566 silly packumentCache full:https://registry.npmjs.org/d3-shape cache-miss
2567 http fetch GET 200 https://registry.npmjs.org/@standard-schema%2futils 77ms (cache miss)
2568 silly packumentCache full:https://registry.npmjs.org/@standard-schema%2futils set size:undefined disposed:false
2569 silly fetch manifest d3-timer@^3.0.1
2570 silly packumentCache full:https://registry.npmjs.org/d3-timer cache-miss
2571 http fetch GET 200 https://registry.npmjs.org/d3-ease 77ms (cache miss)
2572 silly packumentCache full:https://registry.npmjs.org/d3-ease set size:undefined disposed:false
2573 silly fetch manifest @types/d3-ease@^3.0.0
2574 silly packumentCache full:https://registry.npmjs.org/@types%2fd3-ease cache-miss
2575 http fetch GET 200 https://registry.npmjs.org/@types%2fuse-sync-external-store 79ms (cache miss)
2576 silly packumentCache full:https://registry.npmjs.org/@types%2fuse-sync-external-store set size:undefined disposed:false
2577 silly fetch manifest @types/d3-time@^3.0.0
2578 silly packumentCache full:https://registry.npmjs.org/@types%2fd3-time cache-miss
2579 http fetch GET 200 https://registry.npmjs.org/redux-thunk 81ms (cache miss)
2580 silly packumentCache full:https://registry.npmjs.org/redux-thunk set size:undefined disposed:false
2581 silly fetch manifest d3-interpolate@^3.0.1
2582 silly packumentCache full:https://registry.npmjs.org/d3-interpolate cache-miss
2583 http fetch GET 200 https://registry.npmjs.org/@standard-schema%2fspec 95ms (cache miss)
2584 silly packumentCache full:https://registry.npmjs.org/@standard-schema%2fspec set size:undefined disposed:false
2585 silly fetch manifest @types/d3-array@^3.0.3
2586 silly packumentCache full:https://registry.npmjs.org/@types%2fd3-array cache-miss
2587 http fetch GET 200 https://registry.npmjs.org/d3-array 96ms (cache miss)
2588 silly packumentCache full:https://registry.npmjs.org/d3-array set size:undefined disposed:false
2589 silly fetch manifest @types/d3-scale@^4.0.2
2590 silly packumentCache full:https://registry.npmjs.org/@types%2fd3-scale cache-miss
2591 http fetch GET 200 https://registry.npmjs.org/d3-scale 93ms (cache miss)
2592 silly packumentCache full:https://registry.npmjs.org/d3-scale set size:undefined disposed:false
2593 silly fetch manifest @types/d3-shape@^3.1.0
2594 silly packumentCache full:https://registry.npmjs.org/@types%2fd3-shape cache-miss
2595 http fetch GET 200 https://registry.npmjs.org/d3-time 101ms (cache miss)
2596 silly packumentCache full:https://registry.npmjs.org/d3-time set size:undefined disposed:false
2597 silly fetch manifest @types/d3-timer@^3.0.0
2598 silly packumentCache full:https://registry.npmjs.org/@types%2fd3-timer cache-miss
2599 http fetch GET 200 https://registry.npmjs.org/d3-shape 137ms (cache miss)
2600 silly packumentCache full:https://registry.npmjs.org/d3-shape set size:undefined disposed:false
2601 silly fetch manifest @types/d3-interpolate@^3.0.1
2602 silly packumentCache full:https://registry.npmjs.org/@types%2fd3-interpolate cache-miss
2603 http fetch GET 200 https://registry.npmjs.org/d3-timer 96ms (cache miss)
2604 silly packumentCache full:https://registry.npmjs.org/d3-timer set size:undefined disposed:false
2605 http fetch GET 200 https://registry.npmjs.org/@types%2fd3-shape 88ms (cache miss)
2606 silly packumentCache full:https://registry.npmjs.org/@types%2fd3-shape set size:undefined disposed:false
2607 http fetch GET 200 https://registry.npmjs.org/@types%2fd3-time 112ms (cache miss)
2608 silly packumentCache full:https://registry.npmjs.org/@types%2fd3-time set size:undefined disposed:false
2609 http fetch GET 200 https://registry.npmjs.org/@types%2fd3-timer 90ms (cache miss)
2610 silly packumentCache full:https://registry.npmjs.org/@types%2fd3-timer set size:undefined disposed:false
2611 http fetch GET 200 https://registry.npmjs.org/@types%2fd3-scale 98ms (cache miss)
2612 silly packumentCache full:https://registry.npmjs.org/@types%2fd3-scale set size:undefined disposed:false
2613 http fetch GET 200 https://registry.npmjs.org/@types%2fd3-array 132ms (cache miss)
2614 silly packumentCache full:https://registry.npmjs.org/@types%2fd3-array set size:undefined disposed:false
2615 http fetch GET 200 https://registry.npmjs.org/@types%2fd3-interpolate 97ms (cache miss)
2616 silly packumentCache full:https://registry.npmjs.org/@types%2fd3-interpolate set size:undefined disposed:false
2617 http fetch GET 200 https://registry.npmjs.org/@types%2fd3-ease 328ms (cache miss)
2618 silly packumentCache full:https://registry.npmjs.org/@types%2fd3-ease set size:undefined disposed:false
2619 http fetch GET 200 https://registry.npmjs.org/d3-interpolate 356ms (cache miss)
2620 silly packumentCache full:https://registry.npmjs.org/d3-interpolate set size:undefined disposed:false
2621 silly placeDep ROOT @standard-schema/spec@1.1.0 OK for: @reduxjs/toolkit@2.12.0 want: ^1.0.0
2622 silly placeDep ROOT @standard-schema/utils@0.3.0 OK for: @reduxjs/toolkit@2.12.0 want: ^0.3.0
2623 silly placeDep ROOT redux@5.0.1 OK for: @reduxjs/toolkit@2.12.0 want: ^5.0.1
2624 silly placeDep ROOT redux-thunk@3.1.0 OK for: @reduxjs/toolkit@2.12.0 want: ^3.1.0
2625 silly placeDep ROOT @types/use-sync-external-store@0.0.6 OK for: react-redux@9.3.0 want: ^0.0.6
2626 silly placeDep ROOT node-exports-info@1.6.2 OK for: resolve@2.0.0-next.7 want: ^1.6.0
2627 silly placeDep ROOT path-parse@1.0.7 OK for: resolve@2.0.0-next.7 want: ^1.0.7
2628 silly placeDep ROOT supports-preserve-symlinks-flag@1.0.0 OK for: resolve@2.0.0-next.7 want: ^1.0.0
2629 silly placeDep ROOT queue-microtask@1.2.3 OK for: run-parallel@1.2.0 want: ^1.2.2
2630 silly placeDep ROOT isarray@2.0.5 OK for: safe-array-concat@1.1.4 want: ^2.0.5
2631 silly fetch manifest babel-plugin-macros@^3.1.0
2632 silly packumentCache full:https://registry.npmjs.org/babel-plugin-macros cache-miss
2633 http fetch GET 200 https://registry.npmjs.org/babel-plugin-macros 67ms (cache miss)
2634 silly packumentCache full:https://registry.npmjs.org/babel-plugin-macros set size:undefined disposed:false
2635 silly fetch manifest typescript@>=4.9.5
2636 silly packumentCache full:https://registry.npmjs.org/typescript cache-miss
2637 http cache https://registry.npmjs.org/typescript 10ms (cache hit)
2638 silly packumentCache full:https://registry.npmjs.org/typescript set size:15539069 disposed:false
2639 silly fetch manifest @cfworker/json-schema@^4.1.1
2640 silly packumentCache full:https://registry.npmjs.org/@cfworker%2fjson-schema cache-miss
2641 http fetch GET 200 https://registry.npmjs.org/@cfworker%2fjson-schema 84ms (cache miss)
2642 silly packumentCache full:https://registry.npmjs.org/@cfworker%2fjson-schema set size:undefined disposed:false
2643 silly placeDep ROOT @babel/plugin-transform-typescript@7.29.7 OK for: shadcn@4.16.2 want: ^7.28.0
2644 silly placeDep ROOT @babel/preset-typescript@7.29.7 OK for: shadcn@4.16.2 want: ^7.27.1
2645 silly placeDep ROOT @dotenvx/dotenvx@1.75.1 OK for: shadcn@4.16.2 want: ^1.48.4
2646 silly placeDep ROOT @modelcontextprotocol/sdk@1.30.0 OK for: shadcn@4.16.2 want: ^1.26.0
2647 silly placeDep ROOT @types/validate-npm-package-name@4.0.2 OK for: shadcn@4.16.2 want: ^4.0.2
2648 silly placeDep ROOT commander@14.0.3 OK for: shadcn@4.16.2 want: ^14.0.0
2649 silly placeDep ROOT cosmiconfig@9.0.2 OK for: shadcn@4.16.2 want: ^9.0.0
2650 silly placeDep ROOT dedent@1.7.2 OK for: shadcn@4.16.2 want: ^1.6.0
2651 silly placeDep ROOT deepmerge@4.3.1 OK for: shadcn@4.16.2 want: ^4.3.1
2652 silly placeDep ROOT diff@8.0.4 OK for: shadcn@4.16.2 want: ^8.0.2
2653 silly placeDep ROOT execa@9.6.1 OK for: shadcn@4.16.2 want: ^9.6.0
2654 silly placeDep node_modules/shadcn fast-glob@3.3.3 OK for: shadcn@4.16.2 want: ^3.3.3
2655 silly placeDep ROOT fs-extra@11.4.0 OK for: shadcn@4.16.2 want: ^11.3.1
2656 silly placeDep ROOT fuzzysort@3.1.0 OK for: shadcn@4.16.2 want: ^3.1.0
2657 silly placeDep ROOT kleur@4.1.5 OK for: shadcn@4.16.2 want: ^4.1.5
2658 silly placeDep ROOT open@11.0.0 OK for: shadcn@4.16.2 want: ^11.0.0
2659 silly placeDep ROOT ora@8.2.0 OK for: shadcn@4.16.2 want: ^8.2.0
2660 silly placeDep ROOT postcss-selector-parser@7.1.5 OK for: shadcn@4.16.2 want: ^7.1.0
2661 silly placeDep ROOT prompts@2.4.2 OK for: shadcn@4.16.2 want: ^2.4.2
2662 silly placeDep ROOT recast@0.23.21 OK for: shadcn@4.16.2 want: ^0.23.11
2663 silly placeDep ROOT stringify-object@5.0.0 OK for: shadcn@4.16.2 want: ^5.0.0
2664 silly placeDep ROOT ts-morph@26.0.0 OK for: shadcn@4.16.2 want: ^26.0.0
2665 silly placeDep node_modules/shadcn tsconfig-paths@4.2.0 OK for: shadcn@4.16.2 want: ^4.2.0
2666 silly placeDep ROOT undici@7.29.0 OK for: shadcn@4.16.2 want: ^7.27.2
2667 silly placeDep ROOT validate-npm-package-name@7.0.2 OK for: shadcn@4.16.2 want: ^7.0.1
2668 silly placeDep node_modules/shadcn zod@3.25.76 OK for: shadcn@4.16.2 want: ^3.24.1
2669 silly placeDep ROOT zod-to-json-schema@3.25.2 OK for: shadcn@4.16.2 want: ^3.24.6
2670 silly fetch manifest @babel/helper-plugin-utils@^7.29.7
2671 silly packumentCache full:https://registry.npmjs.org/@babel%2fhelper-plugin-utils cache-miss
2672 silly fetch manifest @babel/helper-annotate-as-pure@^7.29.7
2673 silly packumentCache full:https://registry.npmjs.org/@babel%2fhelper-annotate-as-pure cache-miss
2674 silly fetch manifest @babel/plugin-syntax-typescript@^7.29.7
2675 silly packumentCache full:https://registry.npmjs.org/@babel%2fplugin-syntax-typescript cache-miss
2676 silly fetch manifest @babel/helper-create-class-features-plugin@^7.29.7
2677 silly packumentCache full:https://registry.npmjs.org/@babel%2fhelper-create-class-features-plugin cache-miss
2678 silly fetch manifest @babel/helper-skip-transparent-expression-wrappers@^7.29.7
2679 silly packumentCache full:https://registry.npmjs.org/@babel%2fhelper-skip-transparent-expression-wrappers cache-miss
2680 silly fetch manifest @babel/plugin-syntax-jsx@^7.29.7
2681 silly packumentCache full:https://registry.npmjs.org/@babel%2fplugin-syntax-jsx cache-miss
2682 silly fetch manifest @babel/helper-plugin-utils@^7.29.7
2683 silly packumentCache full:https://registry.npmjs.org/@babel%2fhelper-plugin-utils cache-miss
2684 silly fetch manifest @babel/plugin-transform-modules-commonjs@^7.29.7
2685 silly packumentCache full:https://registry.npmjs.org/@babel%2fplugin-transform-modules-commonjs cache-miss
2686 silly fetch manifest conf@^10.2.0
2687 silly packumentCache full:https://registry.npmjs.org/conf cache-miss
2688 http fetch GET 200 https://registry.npmjs.org/@babel%2fplugin-transform-modules-commonjs 109ms (cache miss)
2689 silly packumentCache full:https://registry.npmjs.org/@babel%2fplugin-transform-modules-commonjs set size:undefined disposed:false
2690 silly fetch manifest fdir@^6.2.0
2691 silly packumentCache full:https://registry.npmjs.org/fdir cache-miss
2692 http fetch GET 200 https://registry.npmjs.org/@babel%2fplugin-syntax-typescript 113ms (cache miss)
2693 silly packumentCache full:https://registry.npmjs.org/@babel%2fplugin-syntax-typescript set size:undefined disposed:false
2694 silly fetch manifest open@^8.4.2
2695 silly packumentCache full:https://registry.npmjs.org/open cache-miss
2696 http fetch GET 200 https://registry.npmjs.org/@babel%2fhelper-plugin-utils 115ms (cache miss)
2697 silly packumentCache full:https://registry.npmjs.org/@babel%2fhelper-plugin-utils set size:undefined disposed:false
2698 silly fetch manifest execa@^5.1.1
2699 silly packumentCache full:https://registry.npmjs.org/execa cache-miss
2700 http cache https://registry.npmjs.org/fdir 6ms (cache hit)
2701 silly packumentCache full:https://registry.npmjs.org/fdir set size:136182 disposed:false
2702 silly fetch manifest which@^4.0.0
2703 silly packumentCache full:https://registry.npmjs.org/which cache-miss
2704 http cache https://registry.npmjs.org/open 4ms (cache hit)
2705 silly packumentCache full:https://registry.npmjs.org/open set size:136392 disposed:false
2706 silly fetch manifest dotenv@^17.2.1
2707 silly packumentCache full:https://registry.npmjs.org/dotenv cache-miss
2708 http cache https://registry.npmjs.org/execa 5ms (cache hit)
2709 silly packumentCache full:https://registry.npmjs.org/execa set size:188760 disposed:false
2710 silly fetch manifest undici@^7.11.0
2711 silly packumentCache full:https://registry.npmjs.org/undici cache-miss
2712 http cache https://registry.npmjs.org/which 4ms (cache hit)
2713 silly packumentCache full:https://registry.npmjs.org/which set size:70087 disposed:false
2714 silly fetch manifest enquirer@^2.4.1
2715 silly packumentCache full:https://registry.npmjs.org/enquirer cache-miss
2716 http cache https://registry.npmjs.org/undici 4ms (cache hit)
2717 silly packumentCache full:https://registry.npmjs.org/undici set size:1531430 disposed:false
2718 silly fetch manifest commander@^11.1.0
2719 silly packumentCache full:https://registry.npmjs.org/commander cache-miss
2720 http fetch GET 200 https://registry.npmjs.org/@babel%2fhelper-plugin-utils 133ms (cache miss)
2721 silly packumentCache full:https://registry.npmjs.org/@babel%2fhelper-plugin-utils set size:undefined disposed:false
2722 silly fetch manifest env-paths@^2.2.1
2723 silly packumentCache full:https://registry.npmjs.org/env-paths cache-miss
2724 http fetch GET 200 https://registry.npmjs.org/@babel%2fhelper-skip-transparent-expression-wrappers 136ms (cache miss)
2725 silly packumentCache full:https://registry.npmjs.org/@babel%2fhelper-skip-transparent-expression-wrappers set size:undefined disposed:false
2726 silly fetch manifest yocto-spinner@^1.1.0
2727 silly packumentCache full:https://registry.npmjs.org/yocto-spinner cache-miss
2728 http cache https://registry.npmjs.org/commander 9ms (cache hit)
2729 silly packumentCache full:https://registry.npmjs.org/commander set size:353115 disposed:false
2730 silly fetch manifest object-treeify@1.1.33
2731 silly packumentCache full:https://registry.npmjs.org/object-treeify cache-miss
2732 http fetch GET 200 https://registry.npmjs.org/@babel%2fhelper-annotate-as-pure 142ms (cache miss)
2733 silly packumentCache full:https://registry.npmjs.org/@babel%2fhelper-annotate-as-pure set size:undefined disposed:false
2734 silly fetch manifest systeminformation@^5.22.11
2735 silly packumentCache full:https://registry.npmjs.org/systeminformation cache-miss
2736 http fetch GET 200 https://registry.npmjs.org/@babel%2fplugin-syntax-jsx 143ms (cache miss)
2737 silly packumentCache full:https://registry.npmjs.org/@babel%2fplugin-syntax-jsx set size:undefined disposed:false
2738 silly fetch manifest @dotenvx/primitives@^0.8.0
2739 silly packumentCache full:https://registry.npmjs.org/@dotenvx%2fprimitives cache-miss
2740 http fetch GET 200 https://registry.npmjs.org/@babel%2fhelper-create-class-features-plugin 185ms (cache miss)
2741 silly packumentCache full:https://registry.npmjs.org/@babel%2fhelper-create-class-features-plugin set size:undefined disposed:false
2742 silly fetch manifest ajv@^8.17.1
2743 silly packumentCache full:https://registry.npmjs.org/ajv cache-miss
2744 http cache https://registry.npmjs.org/ajv 2ms (cache hit)
2745 silly packumentCache full:https://registry.npmjs.org/ajv set size:1142658 disposed:false
2746 silly fetch manifest cors@^2.8.5
2747 silly packumentCache full:https://registry.npmjs.org/cors cache-miss
2748 http fetch GET 200 https://registry.npmjs.org/dotenv 81ms (cache miss)
2749 silly packumentCache full:https://registry.npmjs.org/dotenv set size:undefined disposed:false
2750 silly fetch manifest hono@^4.11.4
2751 silly packumentCache full:https://registry.npmjs.org/hono cache-miss
2752 http fetch GET 200 https://registry.npmjs.org/env-paths 92ms (cache miss)
2753 silly packumentCache full:https://registry.npmjs.org/env-paths set size:undefined disposed:false
2754 silly fetch manifest jose@^6.1.3
2755 silly packumentCache full:https://registry.npmjs.org/jose cache-miss
2756 http fetch GET 200 https://registry.npmjs.org/cors 87ms (cache miss)
2757 silly packumentCache full:https://registry.npmjs.org/cors set size:undefined disposed:false
2758 silly fetch manifest express@^5.2.1
2759 silly packumentCache full:https://registry.npmjs.org/express cache-miss
2760 http fetch GET 200 https://registry.npmjs.org/object-treeify 166ms (cache miss)
2761 silly packumentCache full:https://registry.npmjs.org/object-treeify set size:undefined disposed:false
2762 silly fetch manifest raw-body@^3.0.0
2763 silly packumentCache full:https://registry.npmjs.org/raw-body cache-miss
2764 http fetch GET 200 https://registry.npmjs.org/conf 338ms (cache miss)
2765 silly packumentCache full:https://registry.npmjs.org/conf set size:undefined disposed:false
2766 silly fetch manifest ajv-formats@^3.0.1
2767 silly packumentCache full:https://registry.npmjs.org/ajv-formats cache-miss
2768 http fetch GET 200 https://registry.npmjs.org/hono 184ms (cache miss)
2769 silly packumentCache full:https://registry.npmjs.org/hono set size:undefined disposed:false
2770 silly fetch manifest eventsource@^3.0.2
2771 silly packumentCache full:https://registry.npmjs.org/eventsource cache-miss
2772 http fetch GET 200 https://registry.npmjs.org/raw-body 103ms (cache miss)
2773 silly packumentCache full:https://registry.npmjs.org/raw-body set size:undefined disposed:false
2774 silly fetch manifest content-type@^1.0.5
2775 silly packumentCache full:https://registry.npmjs.org/content-type cache-miss
2776 http fetch GET 200 https://registry.npmjs.org/ajv-formats 91ms (cache miss)
2777 silly packumentCache full:https://registry.npmjs.org/ajv-formats set size:undefined disposed:false
2778 silly fetch manifest pkce-challenge@^5.0.0
2779 silly packumentCache full:https://registry.npmjs.org/pkce-challenge cache-miss
2780 http fetch GET 200 https://registry.npmjs.org/jose 206ms (cache miss)
2781 silly packumentCache full:https://registry.npmjs.org/jose set size:undefined disposed:false
2782 silly fetch manifest @hono/node-server@^1.19.9 || ^2.0.5
2783 silly packumentCache full:https://registry.npmjs.org/@hono%2fnode-server cache-miss
2784 http fetch GET 200 https://registry.npmjs.org/enquirer 316ms (cache miss)
2785 silly packumentCache full:https://registry.npmjs.org/enquirer set size:undefined disposed:false
2786 silly fetch manifest json-schema-typed@^8.0.2
2787 silly packumentCache full:https://registry.npmjs.org/json-schema-typed cache-miss
2788 http fetch GET 200 https://registry.npmjs.org/yocto-spinner 331ms (cache miss)
2789 silly packumentCache full:https://registry.npmjs.org/yocto-spinner set size:undefined disposed:false
2790 silly fetch manifest eventsource-parser@^3.0.0
2791 silly packumentCache full:https://registry.npmjs.org/eventsource-parser cache-miss
2792 http fetch GET 200 https://registry.npmjs.org/express 197ms (cache miss)
2793 silly packumentCache full:https://registry.npmjs.org/express set size:undefined disposed:false
2794 silly fetch manifest express-rate-limit@^8.2.1
2795 silly packumentCache full:https://registry.npmjs.org/express-rate-limit cache-miss
2796 http fetch GET 200 https://registry.npmjs.org/content-type 68ms (cache miss)
2797 silly packumentCache full:https://registry.npmjs.org/content-type set size:undefined disposed:false
2798 silly fetch manifest zod-to-json-schema@^3.25.1
2799 silly packumentCache full:https://registry.npmjs.org/zod-to-json-schema cache-miss
2800 http cache https://registry.npmjs.org/zod-to-json-schema 2ms (cache hit)
2801 silly packumentCache full:https://registry.npmjs.org/zod-to-json-schema set size:309584 disposed:false
2802 silly fetch manifest parse-json@^5.2.0
2803 silly packumentCache full:https://registry.npmjs.org/parse-json cache-miss
2804 http fetch GET 200 https://registry.npmjs.org/pkce-challenge 74ms (cache miss)
2805 silly packumentCache full:https://registry.npmjs.org/pkce-challenge set size:undefined disposed:false
2806 silly fetch manifest figures@^6.1.0
2807 silly packumentCache full:https://registry.npmjs.org/figures cache-miss
2808 http fetch GET 200 https://registry.npmjs.org/json-schema-typed 92ms (cache miss)
2809 silly packumentCache full:https://registry.npmjs.org/json-schema-typed set size:undefined disposed:false
2810 silly fetch manifest is-stream@^4.0.1
2811 silly packumentCache full:https://registry.npmjs.org/is-stream cache-miss
2812 http fetch GET 200 https://registry.npmjs.org/eventsource-parser 67ms (cache miss)
2813 silly packumentCache full:https://registry.npmjs.org/eventsource-parser set size:undefined disposed:false
2814 silly fetch manifest pretty-ms@^9.2.0
2815 silly packumentCache full:https://registry.npmjs.org/pretty-ms cache-miss
2816 http fetch GET 200 https://registry.npmjs.org/@hono%2fnode-server 106ms (cache miss)
2817 silly packumentCache full:https://registry.npmjs.org/@hono%2fnode-server set size:undefined disposed:false
2818 silly fetch manifest get-stream@^9.0.0
2819 silly packumentCache full:https://registry.npmjs.org/get-stream cache-miss
2820 http fetch GET 200 https://registry.npmjs.org/figures 49ms (cache miss)
2821 silly packumentCache full:https://registry.npmjs.org/figures set size:undefined disposed:false
2822 silly fetch manifest signal-exit@^4.1.0
2823 silly packumentCache full:https://registry.npmjs.org/signal-exit cache-miss
2824 http fetch GET 200 https://registry.npmjs.org/parse-json 77ms (cache miss)
2825 silly packumentCache full:https://registry.npmjs.org/parse-json set size:undefined disposed:false
2826 silly fetch manifest yoctocolors@^2.1.1
2827 silly packumentCache full:https://registry.npmjs.org/yoctocolors cache-miss
2828 http fetch GET 200 https://registry.npmjs.org/is-stream 63ms (cache miss)
2829 silly packumentCache full:https://registry.npmjs.org/is-stream set size:undefined disposed:false
2830 silly fetch manifest is-plain-obj@^4.1.0
2831 silly packumentCache full:https://registry.npmjs.org/is-plain-obj cache-miss
2832 http fetch GET 200 https://registry.npmjs.org/pretty-ms 62ms (cache miss)
2833 silly packumentCache full:https://registry.npmjs.org/pretty-ms set size:undefined disposed:false
2834 silly fetch manifest npm-run-path@^6.0.0
2835 silly packumentCache full:https://registry.npmjs.org/npm-run-path cache-miss
2836 http fetch GET 200 https://registry.npmjs.org/get-stream 64ms (cache miss)
2837 silly packumentCache full:https://registry.npmjs.org/get-stream set size:undefined disposed:false
2838 silly fetch manifest human-signals@^8.0.1
2839 silly packumentCache full:https://registry.npmjs.org/human-signals cache-miss
2840 http fetch GET 200 https://registry.npmjs.org/signal-exit 68ms (cache miss)
2841 silly packumentCache full:https://registry.npmjs.org/signal-exit set size:undefined disposed:false
2842 silly fetch manifest strip-final-newline@^4.0.0
2843 silly packumentCache full:https://registry.npmjs.org/strip-final-newline cache-miss
2844 http fetch GET 200 https://registry.npmjs.org/express-rate-limit 157ms (cache miss)
2845 silly packumentCache full:https://registry.npmjs.org/express-rate-limit set size:undefined disposed:false
2846 silly fetch manifest @sindresorhus/merge-streams@^4.0.0
2847 silly packumentCache full:https://registry.npmjs.org/@sindresorhus%2fmerge-streams cache-miss
2848 http fetch GET 200 https://registry.npmjs.org/yoctocolors 77ms (cache miss)
2849 silly packumentCache full:https://registry.npmjs.org/yoctocolors set size:undefined disposed:false
2850 silly fetch manifest jsonfile@^6.0.1
2851 silly packumentCache full:https://registry.npmjs.org/jsonfile cache-miss
2852 http fetch GET 200 https://registry.npmjs.org/is-plain-obj 61ms (cache miss)
2853 silly packumentCache full:https://registry.npmjs.org/is-plain-obj set size:undefined disposed:false
2854 silly fetch manifest universalify@^2.0.0
2855 silly packumentCache full:https://registry.npmjs.org/universalify cache-miss
2856 http fetch GET 200 https://registry.npmjs.org/npm-run-path 62ms (cache miss)
2857 silly packumentCache full:https://registry.npmjs.org/npm-run-path set size:undefined disposed:false
2858 silly fetch manifest default-browser@^5.4.0
2859 silly packumentCache full:https://registry.npmjs.org/default-browser cache-miss
2860 http fetch GET 200 https://registry.npmjs.org/strip-final-newline 55ms (cache miss)
2861 silly packumentCache full:https://registry.npmjs.org/strip-final-newline set size:undefined disposed:false
2862 silly fetch manifest define-lazy-prop@^3.0.0
2863 silly packumentCache full:https://registry.npmjs.org/define-lazy-prop cache-miss
2864 http fetch GET 200 https://registry.npmjs.org/human-signals 74ms (cache miss)
2865 silly packumentCache full:https://registry.npmjs.org/human-signals set size:undefined disposed:false
2866 silly fetch manifest is-in-ssh@^1.0.0
2867 silly packumentCache full:https://registry.npmjs.org/is-in-ssh cache-miss
2868 http fetch GET 200 https://registry.npmjs.org/jsonfile 75ms (cache miss)
2869 silly packumentCache full:https://registry.npmjs.org/jsonfile set size:undefined disposed:false
2870 silly fetch manifest is-inside-container@^1.0.0
2871 silly packumentCache full:https://registry.npmjs.org/is-inside-container cache-miss
2872 http fetch GET 200 https://registry.npmjs.org/eventsource 316ms (cache miss)
2873 silly packumentCache full:https://registry.npmjs.org/eventsource set size:undefined disposed:false
2874 silly fetch manifest powershell-utils@^0.1.0
2875 silly packumentCache full:https://registry.npmjs.org/powershell-utils cache-miss
2876 http fetch GET 200 https://registry.npmjs.org/default-browser 55ms (cache miss)
2877 silly packumentCache full:https://registry.npmjs.org/default-browser set size:undefined disposed:false
2878 silly fetch manifest wsl-utils@^0.3.0
2879 silly packumentCache full:https://registry.npmjs.org/wsl-utils cache-miss
2880 http fetch GET 200 https://registry.npmjs.org/universalify 59ms (cache miss)
2881 silly packumentCache full:https://registry.npmjs.org/universalify set size:undefined disposed:false
2882 silly fetch manifest chalk@^5.3.0
2883 silly packumentCache full:https://registry.npmjs.org/chalk cache-miss
2884 http cache https://registry.npmjs.org/chalk 1ms (cache hit)
2885 silly packumentCache full:https://registry.npmjs.org/chalk set size:134775 disposed:false
2886 silly fetch manifest cli-cursor@^5.0.0
2887 silly packumentCache full:https://registry.npmjs.org/cli-cursor cache-miss
2888 http fetch GET 200 https://registry.npmjs.org/define-lazy-prop 58ms (cache miss)
2889 silly packumentCache full:https://registry.npmjs.org/define-lazy-prop set size:undefined disposed:false
2890 silly fetch manifest strip-ansi@^7.1.0
2891 silly packumentCache full:https://registry.npmjs.org/strip-ansi cache-miss
2892 http fetch GET 200 https://registry.npmjs.org/systeminformation 610ms (cache miss)
2893 silly packumentCache full:https://registry.npmjs.org/systeminformation set size:undefined disposed:false
2894 silly fetch manifest log-symbols@^6.0.0
2895 silly packumentCache full:https://registry.npmjs.org/log-symbols cache-miss
2896 http fetch GET 200 https://registry.npmjs.org/@dotenvx%2fprimitives 613ms (cache miss)
2897 silly packumentCache full:https://registry.npmjs.org/@dotenvx%2fprimitives set size:undefined disposed:false
2898 silly fetch manifest cli-spinners@^2.9.2
2899 silly packumentCache full:https://registry.npmjs.org/cli-spinners cache-miss
2900 http fetch GET 200 https://registry.npmjs.org/powershell-utils 49ms (cache miss)
2901 silly packumentCache full:https://registry.npmjs.org/powershell-utils set size:undefined disposed:false
2902 silly fetch manifest string-width@^7.2.0
2903 silly packumentCache full:https://registry.npmjs.org/string-width cache-miss
2904 http fetch GET 200 https://registry.npmjs.org/wsl-utils 50ms (cache miss)
2905 silly packumentCache full:https://registry.npmjs.org/wsl-utils set size:undefined disposed:false
2906 silly fetch manifest is-interactive@^2.0.0
2907 silly packumentCache full:https://registry.npmjs.org/is-interactive cache-miss
2908 http fetch GET 200 https://registry.npmjs.org/is-inside-container 55ms (cache miss)
2909 silly packumentCache full:https://registry.npmjs.org/is-inside-container set size:undefined disposed:false
2910 silly fetch manifest stdin-discarder@^0.2.2
2911 silly packumentCache full:https://registry.npmjs.org/stdin-discarder cache-miss
2912 http fetch GET 200 https://registry.npmjs.org/cli-cursor 58ms (cache miss)
2913 silly packumentCache full:https://registry.npmjs.org/cli-cursor set size:undefined disposed:false
2914 silly fetch manifest is-unicode-supported@^2.0.0
2915 silly packumentCache full:https://registry.npmjs.org/is-unicode-supported cache-miss
2916 http fetch GET 200 https://registry.npmjs.org/strip-ansi 87ms (cache miss)
2917 silly packumentCache full:https://registry.npmjs.org/strip-ansi set size:undefined disposed:false
2918 silly fetch manifest cssesc@^3.0.0
2919 silly packumentCache full:https://registry.npmjs.org/cssesc cache-miss
2920 http fetch GET 200 https://registry.npmjs.org/log-symbols 67ms (cache miss)
2921 silly packumentCache full:https://registry.npmjs.org/log-symbols set size:undefined disposed:false
2922 silly fetch manifest util-deprecate@^1.0.2
2923 silly packumentCache full:https://registry.npmjs.org/util-deprecate cache-miss
2924 http fetch GET 200 https://registry.npmjs.org/string-width 63ms (cache miss)
2925 silly packumentCache full:https://registry.npmjs.org/string-width set size:undefined disposed:false
2926 silly fetch manifest kleur@^3.0.3
2927 silly packumentCache full:https://registry.npmjs.org/kleur cache-miss
2928 http fetch GET 200 https://registry.npmjs.org/is-interactive 65ms (cache miss)
2929 silly packumentCache full:https://registry.npmjs.org/is-interactive set size:undefined disposed:false
2930 silly fetch manifest sisteransi@^1.0.5
2931 silly packumentCache full:https://registry.npmjs.org/sisteransi cache-miss
2932 http cache https://registry.npmjs.org/kleur 3ms (cache hit)
2933 silly packumentCache full:https://registry.npmjs.org/kleur set size:61853 disposed:false
2934 silly fetch manifest esprima@~4.0.0
2935 silly packumentCache full:https://registry.npmjs.org/esprima cache-miss
2936 http fetch GET 200 https://registry.npmjs.org/stdin-discarder 66ms (cache miss)
2937 silly packumentCache full:https://registry.npmjs.org/stdin-discarder set size:undefined disposed:false
2938 silly fetch manifest ast-types@^0.16.1
2939 silly packumentCache full:https://registry.npmjs.org/ast-types cache-miss
2940 http fetch GET 200 https://registry.npmjs.org/cli-spinners 76ms (cache miss)
2941 silly packumentCache full:https://registry.npmjs.org/cli-spinners set size:undefined disposed:false
2942 silly fetch manifest source-map@~0.6.1
2943 silly packumentCache full:https://registry.npmjs.org/source-map cache-miss
2944 http fetch GET 200 https://registry.npmjs.org/is-unicode-supported 58ms (cache miss)
2945 silly packumentCache full:https://registry.npmjs.org/is-unicode-supported set size:undefined disposed:false
2946 silly fetch manifest is-obj@^3.0.0
2947 silly packumentCache full:https://registry.npmjs.org/is-obj cache-miss
2948 http fetch GET 200 https://registry.npmjs.org/util-deprecate 94ms (cache miss)
2949 silly packumentCache full:https://registry.npmjs.org/util-deprecate set size:undefined disposed:false
2950 silly fetch manifest is-regexp@^3.1.0
2951 silly packumentCache full:https://registry.npmjs.org/is-regexp cache-miss
2952 http fetch GET 200 https://registry.npmjs.org/sisteransi 88ms (cache miss)
2953 silly packumentCache full:https://registry.npmjs.org/sisteransi set size:undefined disposed:false
2954 silly fetch manifest get-own-enumerable-keys@^1.0.0
2955 silly packumentCache full:https://registry.npmjs.org/get-own-enumerable-keys cache-miss
2956 http fetch GET 200 https://registry.npmjs.org/cssesc 98ms (cache miss)
2957 silly packumentCache full:https://registry.npmjs.org/cssesc set size:undefined disposed:false
2958 silly fetch manifest @ts-morph/common@~0.27.0
2959 silly packumentCache full:https://registry.npmjs.org/@ts-morph%2fcommon cache-miss
2960 http fetch GET 200 https://registry.npmjs.org/is-obj 86ms (cache miss)
2961 silly packumentCache full:https://registry.npmjs.org/is-obj set size:undefined disposed:false
2962 silly fetch manifest code-block-writer@^13.0.3
2963 silly packumentCache full:https://registry.npmjs.org/code-block-writer cache-miss
2964 http fetch GET 200 https://registry.npmjs.org/esprima 90ms (cache miss)
2965 silly packumentCache full:https://registry.npmjs.org/esprima set size:undefined disposed:false
2966 http fetch GET 200 https://registry.npmjs.org/source-map 100ms (cache miss)
2967 silly packumentCache full:https://registry.npmjs.org/source-map set size:undefined disposed:false
2968 http fetch GET 200 https://registry.npmjs.org/ast-types 125ms (cache miss)
2969 silly packumentCache full:https://registry.npmjs.org/ast-types set size:undefined disposed:false
2970 http fetch GET 200 https://registry.npmjs.org/is-regexp 54ms (cache miss)
2971 silly packumentCache full:https://registry.npmjs.org/is-regexp set size:undefined disposed:false
2972 http fetch GET 200 https://registry.npmjs.org/is-in-ssh 297ms (cache miss)
2973 silly packumentCache full:https://registry.npmjs.org/is-in-ssh set size:undefined disposed:false
2974 http fetch GET 200 https://registry.npmjs.org/code-block-writer 155ms (cache miss)
2975 silly packumentCache full:https://registry.npmjs.org/code-block-writer set size:undefined disposed:false
2976 http fetch GET 200 https://registry.npmjs.org/@sindresorhus%2fmerge-streams 504ms (cache miss)
2977 silly packumentCache full:https://registry.npmjs.org/@sindresorhus%2fmerge-streams set size:undefined disposed:false
2978 http fetch GET 200 https://registry.npmjs.org/get-own-enumerable-keys 297ms (cache miss)
2979 silly packumentCache full:https://registry.npmjs.org/get-own-enumerable-keys set size:undefined disposed:false
2980 http fetch GET 200 https://registry.npmjs.org/@ts-morph%2fcommon 696ms (cache miss)
2981 silly packumentCache full:https://registry.npmjs.org/@ts-morph%2fcommon set size:undefined disposed:false
2982 silly fetch manifest @babel/core@^7.0.0-0
2983 silly packumentCache full:https://registry.npmjs.org/@babel%2fcore cache-hit
2984 silly placeDep ROOT @babel/helper-annotate-as-pure@7.29.7 OK for: @babel/plugin-transform-typescript@7.29.7 want: ^7.29.7
2985 silly placeDep ROOT @babel/helper-create-class-features-plugin@7.29.7 OK for: @babel/plugin-transform-typescript@7.29.7 want: ^7.29.7
2986 silly placeDep ROOT @babel/helper-plugin-utils@7.29.7 OK for: @babel/plugin-transform-typescript@7.29.7 want: ^7.29.7
2987 silly placeDep ROOT @babel/helper-skip-transparent-expression-wrappers@7.29.7 OK for: @babel/plugin-transform-typescript@7.29.7 want: ^7.29.7
2988 silly placeDep ROOT @babel/plugin-syntax-typescript@7.29.7 OK for: @babel/plugin-transform-typescript@7.29.7 want: ^7.29.7
2989 silly fetch manifest @babel/helper-replace-supers@^7.29.7
2990 silly packumentCache full:https://registry.npmjs.org/@babel%2fhelper-replace-supers cache-miss
2991 silly fetch manifest @babel/helper-optimise-call-expression@^7.29.7
2992 silly packumentCache full:https://registry.npmjs.org/@babel%2fhelper-optimise-call-expression cache-miss
2993 silly fetch manifest @babel/helper-member-expression-to-functions@^7.29.7
2994 silly packumentCache full:https://registry.npmjs.org/@babel%2fhelper-member-expression-to-functions cache-miss
2995 http fetch GET 200 https://registry.npmjs.org/@babel%2fhelper-replace-supers 75ms (cache miss)
2996 silly packumentCache full:https://registry.npmjs.org/@babel%2fhelper-replace-supers set size:undefined disposed:false
2997 http fetch GET 200 https://registry.npmjs.org/@babel%2fhelper-member-expression-to-functions 111ms (cache miss)
2998 silly packumentCache full:https://registry.npmjs.org/@babel%2fhelper-member-expression-to-functions set size:undefined disposed:false
2999 http fetch GET 200 https://registry.npmjs.org/@babel%2fhelper-optimise-call-expression 133ms (cache miss)
3000 silly packumentCache full:https://registry.npmjs.org/@babel%2fhelper-optimise-call-expression set size:undefined disposed:false
3001 silly placeDep ROOT @babel/helper-member-expression-to-functions@7.29.7 OK for: @babel/helper-create-class-features-plugin@7.29.7 want: ^7.29.7
3002 silly placeDep ROOT @babel/helper-optimise-call-expression@7.29.7 OK for: @babel/helper-create-class-features-plugin@7.29.7 want: ^7.29.7
3003 silly placeDep ROOT @babel/helper-replace-supers@7.29.7 OK for: @babel/helper-create-class-features-plugin@7.29.7 want: ^7.29.7
3004 silly placeDep ROOT @babel/plugin-syntax-jsx@7.29.7 OK for: @babel/preset-typescript@7.29.7 want: ^7.29.7
3005 silly placeDep ROOT @babel/plugin-transform-modules-commonjs@7.29.7 OK for: @babel/preset-typescript@7.29.7 want: ^7.29.7
3006 silly placeDep ROOT @dotenvx/primitives@0.8.0 OK for: @dotenvx/dotenvx@1.75.1 want: ^0.8.0
3007 silly placeDep node_modules/@dotenvx/dotenvx commander@11.1.0 OK for: @dotenvx/dotenvx@1.75.1 want: ^11.1.0
3008 silly placeDep ROOT conf@10.2.0 OK for: @dotenvx/dotenvx@1.75.1 want: ^10.2.0
3009 silly placeDep ROOT dotenv@17.4.2 OK for: @dotenvx/dotenvx@1.75.1 want: ^17.2.1
3010 silly placeDep ROOT enquirer@2.4.1 OK for: @dotenvx/dotenvx@1.75.1 want: ^2.4.1
3011 silly placeDep ROOT env-paths@2.2.1 OK for: @dotenvx/dotenvx@1.75.1 want: ^2.2.1
3012 silly placeDep node_modules/@dotenvx/dotenvx execa@5.1.1 OK for: @dotenvx/dotenvx@1.75.1 want: ^5.1.1
3013 silly placeDep node_modules/@dotenvx/dotenvx fdir@6.5.0 OK for: @dotenvx/dotenvx@1.75.1 want: ^6.2.0
3014 silly placeDep node_modules/@dotenvx/dotenvx picomatch@4.0.5 OK for: fdir@6.5.0 want: ^3 || ^4
3015 silly placeDep ROOT object-treeify@1.1.33 OK for: @dotenvx/dotenvx@1.75.1 want: 1.1.33
3016 silly placeDep node_modules/@dotenvx/dotenvx open@8.4.2 OK for: @dotenvx/dotenvx@1.75.1 want: ^8.4.2
3017 silly placeDep ROOT systeminformation@5.33.1 OK for: @dotenvx/dotenvx@1.75.1 want: ^5.22.11
3018 silly placeDep node_modules/@dotenvx/dotenvx which@4.0.0 OK for: @dotenvx/dotenvx@1.75.1 want: ^4.0.0
3019 silly placeDep ROOT yocto-spinner@1.2.2 OK for: @dotenvx/dotenvx@1.75.1 want: ^1.1.0
3020 silly fetch manifest ajv@^8.6.3
3021 silly packumentCache full:https://registry.npmjs.org/ajv cache-miss
3022 silly fetch manifest pkg-up@^3.1.0
3023 silly packumentCache full:https://registry.npmjs.org/pkg-up cache-miss
3024 silly fetch manifest semver@^7.3.5
3025 silly packumentCache full:https://registry.npmjs.org/semver cache-hit
3026 silly fetch manifest onetime@^5.1.2
3027 silly packumentCache full:https://registry.npmjs.org/onetime cache-miss
3028 silly fetch manifest dot-prop@^6.0.1
3029 silly packumentCache full:https://registry.npmjs.org/dot-prop cache-miss
3030 silly fetch manifest atomically@^1.7.0
3031 silly packumentCache full:https://registry.npmjs.org/atomically cache-miss
3032 silly fetch manifest ajv-formats@^2.1.1
3033 silly packumentCache full:https://registry.npmjs.org/ajv-formats cache-miss
3034 silly fetch manifest debounce-fn@^4.0.0
3035 silly packumentCache full:https://registry.npmjs.org/debounce-fn cache-miss
3036 silly fetch manifest json-schema-typed@^7.0.3
3037 silly packumentCache full:https://registry.npmjs.org/json-schema-typed cache-miss
3038 silly fetch manifest ansi-colors@^4.1.1
3039 silly packumentCache full:https://registry.npmjs.org/ansi-colors cache-miss
3040 http cache https://registry.npmjs.org/ajv 3ms (cache hit)
3041 silly packumentCache full:https://registry.npmjs.org/ajv set size:1142658 disposed:false
3042 silly fetch manifest strip-ansi@^6.0.1
3043 silly packumentCache full:https://registry.npmjs.org/strip-ansi cache-miss
3044 http cache https://registry.npmjs.org/json-schema-typed 4ms (cache hit)
3045 silly packumentCache full:https://registry.npmjs.org/json-schema-typed set size:26165 disposed:false
3046 silly fetch manifest onetime@^5.1.2
3047 silly packumentCache full:https://registry.npmjs.org/onetime cache-miss
3048 http cache https://registry.npmjs.org/ajv-formats 5ms (cache hit)
3049 silly packumentCache full:https://registry.npmjs.org/ajv-formats set size:141264 disposed:false
3050 silly fetch manifest is-stream@^2.0.0
3051 silly packumentCache full:https://registry.npmjs.org/is-stream cache-miss
3052 http cache https://registry.npmjs.org/strip-ansi 3ms (cache hit)
3053 silly packumentCache full:https://registry.npmjs.org/strip-ansi set size:44998 disposed:false
3054 silly fetch manifest get-stream@^6.0.0
3055 silly packumentCache full:https://registry.npmjs.org/get-stream cache-miss
3056 http cache https://registry.npmjs.org/is-stream 3ms (cache hit)
3057 silly packumentCache full:https://registry.npmjs.org/is-stream set size:18582 disposed:false
3058 silly fetch manifest signal-exit@^3.0.3
3059 silly packumentCache full:https://registry.npmjs.org/signal-exit cache-miss
3060 http cache https://registry.npmjs.org/get-stream 2ms (cache hit)
3061 silly packumentCache full:https://registry.npmjs.org/get-stream set size:57536 disposed:false
3062 silly fetch manifest merge-stream@^2.0.0
3063 silly packumentCache full:https://registry.npmjs.org/merge-stream cache-miss
3064 http cache https://registry.npmjs.org/signal-exit 4ms (cache hit)
3065 silly packumentCache full:https://registry.npmjs.org/signal-exit set size:53489 disposed:false
3066 silly fetch manifest npm-run-path@^4.0.1
3067 silly packumentCache full:https://registry.npmjs.org/npm-run-path cache-miss
3068 http cache https://registry.npmjs.org/npm-run-path 1ms (cache hit)
3069 silly packumentCache full:https://registry.npmjs.org/npm-run-path set size:33596 disposed:false
3070 silly fetch manifest human-signals@^2.1.0
3071 silly packumentCache full:https://registry.npmjs.org/human-signals cache-miss
3072 http cache https://registry.npmjs.org/human-signals 0ms (cache hit)
3073 silly packumentCache full:https://registry.npmjs.org/human-signals set size:47322 disposed:false
3074 silly fetch manifest strip-final-newline@^2.0.0
3075 silly packumentCache full:https://registry.npmjs.org/strip-final-newline cache-miss
3076 http cache https://registry.npmjs.org/strip-final-newline 0ms (cache hit)
3077 silly packumentCache full:https://registry.npmjs.org/strip-final-newline set size:9328 disposed:false
3078 silly fetch manifest is-wsl@^2.2.0
3079 silly packumentCache full:https://registry.npmjs.org/is-wsl cache-miss
3080 http fetch GET 200 https://registry.npmjs.org/pkg-up 55ms (cache miss)
3081 silly packumentCache full:https://registry.npmjs.org/pkg-up set size:undefined disposed:false
3082 silly fetch manifest is-docker@^2.1.1
3083 silly packumentCache full:https://registry.npmjs.org/is-docker cache-miss
3084 http fetch GET 200 https://registry.npmjs.org/onetime 60ms (cache miss)
3085 silly packumentCache full:https://registry.npmjs.org/onetime set size:undefined disposed:false
3086 silly fetch manifest define-lazy-prop@^2.0.0
3087 silly packumentCache full:https://registry.npmjs.org/define-lazy-prop cache-miss
3088 http cache https://registry.npmjs.org/define-lazy-prop 1ms (cache hit)
3089 silly packumentCache full:https://registry.npmjs.org/define-lazy-prop set size:9337 disposed:false
3090 silly fetch manifest isexe@^3.1.1
3091 silly packumentCache full:https://registry.npmjs.org/isexe cache-miss
3092 http fetch GET 200 https://registry.npmjs.org/onetime 57ms (cache miss)
3093 silly packumentCache full:https://registry.npmjs.org/onetime set size:undefined disposed:false
3094 http cache https://registry.npmjs.org/isexe 2ms (cache hit)
3095 silly packumentCache full:https://registry.npmjs.org/isexe set size:31756 disposed:false
3096 http fetch GET 200 https://registry.npmjs.org/debounce-fn 62ms (cache miss)
3097 silly packumentCache full:https://registry.npmjs.org/debounce-fn set size:undefined disposed:false
3098 http fetch GET 200 https://registry.npmjs.org/is-wsl 49ms (cache miss)
3099 silly packumentCache full:https://registry.npmjs.org/is-wsl set size:undefined disposed:false
3100 http fetch GET 200 https://registry.npmjs.org/dot-prop 69ms (cache miss)
3101 silly packumentCache full:https://registry.npmjs.org/dot-prop set size:undefined disposed:false
3102 http fetch GET 200 https://registry.npmjs.org/merge-stream 58ms (cache miss)
3103 silly packumentCache full:https://registry.npmjs.org/merge-stream set size:undefined disposed:false
3104 http fetch GET 200 https://registry.npmjs.org/ansi-colors 69ms (cache miss)
3105 silly packumentCache full:https://registry.npmjs.org/ansi-colors set size:undefined disposed:false
3106 http fetch GET 200 https://registry.npmjs.org/atomically 71ms (cache miss)
3107 silly packumentCache full:https://registry.npmjs.org/atomically set size:undefined disposed:false
3108 http fetch GET 200 https://registry.npmjs.org/is-docker 53ms (cache miss)
3109 silly packumentCache full:https://registry.npmjs.org/is-docker set size:undefined disposed:false
3110 silly placeDep ROOT @hono/node-server@2.1.0 OK for: @modelcontextprotocol/sdk@1.30.0 want: ^1.19.9 || ^2.0.5
3111 silly placeDep ROOT hono@4.13.1 OK for: @hono/node-server@2.1.0 want: ^4
3112 silly placeDep node_modules/@modelcontextprotocol/sdk ajv@8.20.0 OK for: @modelcontextprotocol/sdk@1.30.0 want: ^8.17.1
3113 silly placeDep ROOT ajv-formats@3.0.1 OK for: @modelcontextprotocol/sdk@1.30.0 want: ^3.0.1
3114 silly placeDep ROOT content-type@1.0.5 OK for: @modelcontextprotocol/sdk@1.30.0 want: ^1.0.5
3115 silly placeDep ROOT cors@2.8.6 OK for: @modelcontextprotocol/sdk@1.30.0 want: ^2.8.5
3116 silly placeDep ROOT eventsource@3.0.7 OK for: @modelcontextprotocol/sdk@1.30.0 want: ^3.0.2
3117 silly placeDep ROOT eventsource-parser@3.1.1 OK for: @modelcontextprotocol/sdk@1.30.0 want: ^3.0.0
3118 silly placeDep ROOT express@5.2.1 OK for: @modelcontextprotocol/sdk@1.30.0 want: ^5.2.1
3119 silly placeDep ROOT express-rate-limit@8.6.2 OK for: @modelcontextprotocol/sdk@1.30.0 want: ^8.2.1
3120 silly placeDep ROOT jose@6.2.8 OK for: @modelcontextprotocol/sdk@1.30.0 want: ^6.1.3
3121 silly placeDep ROOT json-schema-typed@8.0.2 OK for: @modelcontextprotocol/sdk@1.30.0 want: ^8.0.2
3122 silly placeDep ROOT pkce-challenge@5.0.1 OK for: @modelcontextprotocol/sdk@1.30.0 want: ^5.0.0
3123 silly placeDep ROOT raw-body@3.0.2 OK for: @modelcontextprotocol/sdk@1.30.0 want: ^3.0.0
3124 silly fetch manifest fast-uri@^3.0.1
3125 silly packumentCache full:https://registry.npmjs.org/fast-uri cache-miss
3126 silly fetch manifest json-schema-traverse@^1.0.0
3127 silly packumentCache full:https://registry.npmjs.org/json-schema-traverse cache-miss
3128 silly fetch manifest require-from-string@^2.0.2
3129 silly packumentCache full:https://registry.npmjs.org/require-from-string cache-miss
3130 silly fetch manifest ajv@^8.0.0
3131 silly packumentCache full:https://registry.npmjs.org/ajv cache-miss
3132 silly fetch manifest vary@^1
3133 silly packumentCache full:https://registry.npmjs.org/vary cache-miss
3134 silly fetch manifest eventsource-parser@^3.0.1
3135 silly packumentCache full:https://registry.npmjs.org/eventsource-parser cache-miss
3136 silly fetch manifest qs@^6.14.0
3137 silly packumentCache full:https://registry.npmjs.org/qs cache-miss
3138 silly fetch manifest depd@^2.0.0
3139 silly packumentCache full:https://registry.npmjs.org/depd cache-miss
3140 silly fetch manifest etag@^1.8.1
3141 silly packumentCache full:https://registry.npmjs.org/etag cache-miss
3142 http cache https://registry.npmjs.org/ajv 3ms (cache hit)
3143 silly packumentCache full:https://registry.npmjs.org/ajv set size:1142658 disposed:false
3144 silly fetch manifest once@^1.4.0
3145 silly packumentCache full:https://registry.npmjs.org/once cache-miss
3146 http cache https://registry.npmjs.org/eventsource-parser 6ms (cache hit)
3147 silly packumentCache full:https://registry.npmjs.org/eventsource-parser set size:85515 disposed:false
3148 silly fetch manifest send@^1.1.0
3149 silly packumentCache full:https://registry.npmjs.org/send cache-miss
3150 http cache https://registry.npmjs.org/json-schema-traverse 7ms (cache hit)
3151 silly packumentCache full:https://registry.npmjs.org/json-schema-traverse set size:23537 disposed:false
3152 silly fetch manifest vary@^1.1.2
3153 silly packumentCache full:https://registry.npmjs.org/vary cache-miss
3154 http fetch GET 200 https://registry.npmjs.org/require-from-string 48ms (cache miss)
3155 silly packumentCache full:https://registry.npmjs.org/require-from-string set size:undefined disposed:false
3156 silly fetch manifest fresh@^2.0.0
3157 silly packumentCache full:https://registry.npmjs.org/fresh cache-miss
3158 http fetch GET 200 https://registry.npmjs.org/vary 41ms (cache miss)
3159 silly packumentCache full:https://registry.npmjs.org/vary set size:undefined disposed:false
3160 silly fetch manifest cookie@^0.7.1
3161 silly packumentCache full:https://registry.npmjs.org/cookie cache-miss
3162 http fetch GET 200 https://registry.npmjs.org/once 43ms (cache miss)
3163 silly packumentCache full:https://registry.npmjs.org/once set size:undefined disposed:false
3164 silly fetch manifest router@^2.2.0
3165 silly packumentCache full:https://registry.npmjs.org/router cache-miss
3166 http fetch GET 200 https://registry.npmjs.org/vary 58ms (cache miss)
3167 silly packumentCache full:https://registry.npmjs.org/vary set size:undefined disposed:false
3168 silly fetch manifest accepts@^2.0.0
3169 silly packumentCache full:https://registry.npmjs.org/accepts cache-miss
3170 http fetch GET 200 https://registry.npmjs.org/depd 58ms (cache miss)
3171 silly packumentCache full:https://registry.npmjs.org/depd set size:undefined disposed:false
3172 silly fetch manifest type-is@^2.0.1
3173 silly packumentCache full:https://registry.npmjs.org/type-is cache-miss
3174 http fetch GET 200 https://registry.npmjs.org/etag 59ms (cache miss)
3175 silly packumentCache full:https://registry.npmjs.org/etag set size:undefined disposed:false
3176 silly fetch manifest parseurl@^1.3.3
3177 silly packumentCache full:https://registry.npmjs.org/parseurl cache-miss
3178 http fetch GET 200 https://registry.npmjs.org/fast-uri 62ms (cache miss)
3179 silly packumentCache full:https://registry.npmjs.org/fast-uri set size:undefined disposed:false
3180 silly fetch manifest statuses@^2.0.1
3181 silly packumentCache full:https://registry.npmjs.org/statuses cache-miss
3182 http fetch GET 200 https://registry.npmjs.org/send 79ms (cache miss)
3183 silly packumentCache full:https://registry.npmjs.org/send set size:undefined disposed:false
3184 silly fetch manifest encodeurl@^2.0.0
3185 silly packumentCache full:https://registry.npmjs.org/encodeurl cache-miss
3186 http fetch GET 200 https://registry.npmjs.org/fresh 58ms (cache miss)
3187 silly packumentCache full:https://registry.npmjs.org/fresh set size:undefined disposed:false
3188 silly fetch manifest mime-types@^3.0.0
3189 silly packumentCache full:https://registry.npmjs.org/mime-types cache-miss
3190 http fetch GET 200 https://registry.npmjs.org/type-is 54ms (cache miss)
3191 silly packumentCache full:https://registry.npmjs.org/type-is set size:undefined disposed:false
3192 silly fetch manifest proxy-addr@^2.0.7
3193 silly packumentCache full:https://registry.npmjs.org/proxy-addr cache-miss
3194 http fetch GET 200 https://registry.npmjs.org/parseurl 59ms (cache miss)
3195 silly packumentCache full:https://registry.npmjs.org/parseurl set size:undefined disposed:false
3196 silly fetch manifest body-parser@^2.2.1
3197 silly packumentCache full:https://registry.npmjs.org/body-parser cache-miss
3198 http fetch GET 200 https://registry.npmjs.org/statuses 57ms (cache miss)
3199 silly packumentCache full:https://registry.npmjs.org/statuses set size:undefined disposed:false
3200 silly fetch manifest escape-html@^1.0.3
3201 silly packumentCache full:https://registry.npmjs.org/escape-html cache-miss
3202 http fetch GET 200 https://registry.npmjs.org/accepts 67ms (cache miss)
3203 silly packumentCache full:https://registry.npmjs.org/accepts set size:undefined disposed:false
3204 silly fetch manifest http-errors@^2.0.0
3205 silly packumentCache full:https://registry.npmjs.org/http-errors cache-miss
3206 http fetch GET 200 https://registry.npmjs.org/router 82ms (cache miss)
3207 silly packumentCache full:https://registry.npmjs.org/router set size:undefined disposed:false
3208 silly fetch manifest on-finished@^2.4.1
3209 silly packumentCache full:https://registry.npmjs.org/on-finished cache-miss
3210 http fetch GET 200 https://registry.npmjs.org/cookie 92ms (cache miss)
3211 silly packumentCache full:https://registry.npmjs.org/cookie set size:undefined disposed:false
3212 silly fetch manifest finalhandler@^2.1.0
3213 silly packumentCache full:https://registry.npmjs.org/finalhandler cache-miss
3214 http fetch GET 200 https://registry.npmjs.org/encodeurl 67ms (cache miss)
3215 silly packumentCache full:https://registry.npmjs.org/encodeurl set size:undefined disposed:false
3216 silly fetch manifest range-parser@^1.2.1
3217 silly packumentCache full:https://registry.npmjs.org/range-parser cache-miss
3218 http fetch GET 200 https://registry.npmjs.org/qs 172ms (cache miss)
3219 silly packumentCache full:https://registry.npmjs.org/qs set size:undefined disposed:false
3220 silly fetch manifest serve-static@^2.2.0
3221 silly packumentCache full:https://registry.npmjs.org/serve-static cache-miss
3222 http fetch GET 200 https://registry.npmjs.org/mime-types 68ms (cache miss)
3223 silly packumentCache full:https://registry.npmjs.org/mime-types set size:undefined disposed:false
3224 silly fetch manifest cookie-signature@^1.2.1
3225 silly packumentCache full:https://registry.npmjs.org/cookie-signature cache-miss
3226 http fetch GET 200 https://registry.npmjs.org/on-finished 44ms (cache miss)
3227 silly packumentCache full:https://registry.npmjs.org/on-finished set size:undefined disposed:false
3228 silly fetch manifest merge-descriptors@^2.0.0
3229 silly packumentCache full:https://registry.npmjs.org/merge-descriptors cache-miss
3230 http fetch GET 200 https://registry.npmjs.org/escape-html 60ms (cache miss)
3231 silly packumentCache full:https://registry.npmjs.org/escape-html set size:undefined disposed:false
3232 silly fetch manifest content-disposition@^1.0.0
3233 silly packumentCache full:https://registry.npmjs.org/content-disposition cache-miss
3234 http fetch GET 200 https://registry.npmjs.org/http-errors 54ms (cache miss)
3235 silly packumentCache full:https://registry.npmjs.org/http-errors set size:undefined disposed:false
3236 silly fetch manifest ip-address@^10.2.0
3237 silly packumentCache full:https://registry.npmjs.org/ip-address cache-miss
3238 http fetch GET 200 https://registry.npmjs.org/proxy-addr 67ms (cache miss)
3239 silly packumentCache full:https://registry.npmjs.org/proxy-addr set size:undefined disposed:false
3240 silly fetch manifest bytes@~3.1.2
3241 silly packumentCache full:https://registry.npmjs.org/bytes cache-miss
3242 http fetch GET 200 https://registry.npmjs.org/body-parser 91ms (cache miss)
3243 silly packumentCache full:https://registry.npmjs.org/body-parser set size:undefined disposed:false
3244 silly fetch manifest unpipe@~1.0.0
3245 silly packumentCache full:https://registry.npmjs.org/unpipe cache-miss
3246 http fetch GET 200 https://registry.npmjs.org/range-parser 59ms (cache miss)
3247 silly packumentCache full:https://registry.npmjs.org/range-parser set size:undefined disposed:false
3248 silly fetch manifest iconv-lite@~0.7.0
3249 silly packumentCache full:https://registry.npmjs.org/iconv-lite cache-miss
3250 http fetch GET 200 https://registry.npmjs.org/finalhandler 78ms (cache miss)
3251 silly packumentCache full:https://registry.npmjs.org/finalhandler set size:undefined disposed:false
3252 silly fetch manifest http-errors@~2.0.1
3253 silly packumentCache full:https://registry.npmjs.org/http-errors cache-miss
3254 http cache https://registry.npmjs.org/http-errors 0ms (cache hit)
3255 silly packumentCache full:https://registry.npmjs.org/http-errors set size:71987 disposed:false
3256 http fetch GET 200 https://registry.npmjs.org/merge-descriptors 104ms (cache miss)
3257 silly packumentCache full:https://registry.npmjs.org/merge-descriptors set size:undefined disposed:false
3258 http fetch GET 200 https://registry.npmjs.org/cookie-signature 128ms (cache miss)
3259 silly packumentCache full:https://registry.npmjs.org/cookie-signature set size:undefined disposed:false
3260 http fetch GET 200 https://registry.npmjs.org/serve-static 129ms (cache miss)
3261 silly packumentCache full:https://registry.npmjs.org/serve-static set size:undefined disposed:false
3262 http fetch GET 200 https://registry.npmjs.org/unpipe 136ms (cache miss)
3263 silly packumentCache full:https://registry.npmjs.org/unpipe set size:undefined disposed:false
3264 http fetch GET 200 https://registry.npmjs.org/content-disposition 167ms (cache miss)
3265 silly packumentCache full:https://registry.npmjs.org/content-disposition set size:undefined disposed:false
3266 http fetch GET 200 https://registry.npmjs.org/bytes 167ms (cache miss)
3267 silly packumentCache full:https://registry.npmjs.org/bytes set size:undefined disposed:false
3268 http fetch GET 200 https://registry.npmjs.org/ip-address 168ms (cache miss)
3269 silly packumentCache full:https://registry.npmjs.org/ip-address set size:undefined disposed:false
3270 http fetch GET 200 https://registry.npmjs.org/iconv-lite 139ms (cache miss)
3271 silly packumentCache full:https://registry.npmjs.org/iconv-lite set size:undefined disposed:false
3272 silly placeDep node_modules/ajv-formats ajv@8.20.0 OK for: ajv-formats@3.0.1 want: ^8.0.0
3273 silly placeDep node_modules/conf ajv@8.20.0 OK for: conf@10.2.0 want: ^8.6.3
3274 silly placeDep node_modules/conf ajv-formats@2.1.1 OK for: conf@10.2.0 want: ^2.1.1
3275 silly placeDep ROOT atomically@1.7.0 OK for: conf@10.2.0 want: ^1.7.0
3276 silly placeDep ROOT debounce-fn@4.0.0 OK for: conf@10.2.0 want: ^4.0.0
3277 silly placeDep ROOT dot-prop@6.0.1 OK for: conf@10.2.0 want: ^6.0.1
3278 silly placeDep node_modules/conf json-schema-typed@7.0.3 OK for: conf@10.2.0 want: ^7.0.3
3279 silly placeDep ROOT onetime@5.1.2 OK for: conf@10.2.0 want: ^5.1.2
3280 silly placeDep ROOT pkg-up@3.1.0 OK for: conf@10.2.0 want: ^3.1.0
3281 silly placeDep node_modules/conf semver@7.8.5 OK for: conf@10.2.0 want: ^7.3.5
3282 silly fetch manifest mimic-fn@^3.0.0
3283 silly packumentCache full:https://registry.npmjs.org/mimic-fn cache-miss
3284 silly fetch manifest is-obj@^2.0.0
3285 silly packumentCache full:https://registry.npmjs.org/is-obj cache-miss
3286 silly fetch manifest mimic-fn@^2.1.0
3287 silly packumentCache full:https://registry.npmjs.org/mimic-fn cache-miss
3288 silly fetch manifest find-up@^3.0.0
3289 silly packumentCache full:https://registry.npmjs.org/find-up cache-miss
3290 http cache https://registry.npmjs.org/is-obj 2ms (cache hit)
3291 silly packumentCache full:https://registry.npmjs.org/is-obj set size:9560 disposed:false
3292 http cache https://registry.npmjs.org/find-up 1ms (cache hit)
3293 silly packumentCache full:https://registry.npmjs.org/find-up set size:42620 disposed:false
3294 http fetch GET 200 https://registry.npmjs.org/mimic-fn 77ms (cache miss)
3295 silly packumentCache full:https://registry.npmjs.org/mimic-fn set size:undefined disposed:false
3296 http fetch GET 200 https://registry.npmjs.org/mimic-fn 80ms (cache miss)
3297 silly packumentCache full:https://registry.npmjs.org/mimic-fn set size:undefined disposed:false
3298 silly placeDep ROOT vary@1.1.2 OK for: cors@2.8.6 want: ^1
3299 silly placeDep ROOT parse-json@5.2.0 OK for: cosmiconfig@9.0.2 want: ^5.2.0
3300 silly fetch manifest error-ex@^1.3.1
3301 silly packumentCache full:https://registry.npmjs.org/error-ex cache-miss
3302 silly fetch manifest lines-and-columns@^1.1.6
3303 silly packumentCache full:https://registry.npmjs.org/lines-and-columns cache-miss
3304 silly fetch manifest json-parse-even-better-errors@^2.3.0
3305 silly packumentCache full:https://registry.npmjs.org/json-parse-even-better-errors cache-miss
3306 http fetch GET 200 https://registry.npmjs.org/lines-and-columns 62ms (cache miss)
3307 silly packumentCache full:https://registry.npmjs.org/lines-and-columns set size:undefined disposed:false
3308 http fetch GET 200 https://registry.npmjs.org/json-parse-even-better-errors 63ms (cache miss)
3309 silly packumentCache full:https://registry.npmjs.org/json-parse-even-better-errors set size:undefined disposed:false
3310 http fetch GET 200 https://registry.npmjs.org/error-ex 64ms (cache miss)
3311 silly packumentCache full:https://registry.npmjs.org/error-ex set size:undefined disposed:false
3312 silly placeDep ROOT mimic-fn@3.1.0 OK for: debounce-fn@4.0.0 want: ^3.0.0
3313 silly placeDep ROOT is-obj@2.0.0 OK for: dot-prop@6.0.1 want: ^2.0.0
3314 silly placeDep ROOT ansi-colors@4.1.3 OK for: enquirer@2.4.1 want: ^4.1.1
3315 silly placeDep ROOT strip-ansi@6.0.1 OK for: enquirer@2.4.1 want: ^6.0.1
3316 silly fetch manifest ansi-regex@^5.0.1
3317 silly packumentCache full:https://registry.npmjs.org/ansi-regex cache-miss
3318 http fetch GET 200 https://registry.npmjs.org/ansi-regex 54ms (cache miss)
3319 silly packumentCache full:https://registry.npmjs.org/ansi-regex set size:undefined disposed:false
3320 silly placeDep ROOT @sindresorhus/merge-streams@4.0.0 OK for: execa@9.6.1 want: ^4.0.0
3321 silly placeDep ROOT figures@6.1.0 OK for: execa@9.6.1 want: ^6.1.0
3322 silly placeDep ROOT get-stream@9.0.1 OK for: execa@9.6.1 want: ^9.0.0
3323 silly placeDep ROOT human-signals@8.0.1 OK for: execa@9.6.1 want: ^8.0.1
3324 silly placeDep ROOT is-plain-obj@4.1.0 OK for: execa@9.6.1 want: ^4.1.0
3325 silly placeDep ROOT is-stream@4.0.1 OK for: execa@9.6.1 want: ^4.0.1
3326 silly placeDep ROOT npm-run-path@6.0.0 OK for: execa@9.6.1 want: ^6.0.0
3327 silly placeDep ROOT pretty-ms@9.3.0 OK for: execa@9.6.1 want: ^9.2.0
3328 silly placeDep ROOT signal-exit@4.1.0 OK for: execa@9.6.1 want: ^4.1.0
3329 silly placeDep ROOT strip-final-newline@4.0.0 OK for: execa@9.6.1 want: ^4.0.0
3330 silly placeDep ROOT yoctocolors@2.2.0 OK for: execa@9.6.1 want: ^2.1.1
3331 silly fetch manifest @sec-ant/readable-stream@^0.4.1
3332 silly packumentCache full:https://registry.npmjs.org/@sec-ant%2freadable-stream cache-miss
3333 silly fetch manifest path-key@^4.0.0
3334 silly packumentCache full:https://registry.npmjs.org/path-key cache-miss
3335 silly fetch manifest unicorn-magic@^0.3.0
3336 silly packumentCache full:https://registry.npmjs.org/unicorn-magic cache-miss
3337 silly fetch manifest parse-ms@^4.0.0
3338 silly packumentCache full:https://registry.npmjs.org/parse-ms cache-miss
3339 http cache https://registry.npmjs.org/path-key 1ms (cache hit)
3340 silly packumentCache full:https://registry.npmjs.org/path-key set size:16975 disposed:false
3341 http fetch GET 200 https://registry.npmjs.org/unicorn-magic 72ms (cache miss)
3342 silly packumentCache full:https://registry.npmjs.org/unicorn-magic set size:undefined disposed:false
3343 http fetch GET 200 https://registry.npmjs.org/@sec-ant%2freadable-stream 236ms (cache miss)
3344 silly packumentCache full:https://registry.npmjs.org/@sec-ant%2freadable-stream set size:undefined disposed:false
3345 http fetch GET 200 https://registry.npmjs.org/parse-ms 328ms (cache miss)
3346 silly packumentCache full:https://registry.npmjs.org/parse-ms set size:undefined disposed:false
3347 silly placeDep ROOT accepts@2.0.0 OK for: express@5.2.1 want: ^2.0.0
3348 silly placeDep ROOT body-parser@2.3.0 OK for: express@5.2.1 want: ^2.2.1
3349 silly placeDep ROOT content-disposition@1.1.0 OK for: express@5.2.1 want: ^1.0.0
3350 silly placeDep ROOT cookie@0.7.2 OK for: express@5.2.1 want: ^0.7.1
3351 silly placeDep ROOT cookie-signature@1.2.2 OK for: express@5.2.1 want: ^1.2.1
3352 silly placeDep ROOT depd@2.0.0 OK for: express@5.2.1 want: ^2.0.0
3353 silly placeDep ROOT encodeurl@2.0.0 OK for: express@5.2.1 want: ^2.0.0
3354 silly placeDep ROOT escape-html@1.0.3 OK for: express@5.2.1 want: ^1.0.3
3355 silly placeDep ROOT etag@1.8.1 OK for: express@5.2.1 want: ^1.8.1
3356 silly placeDep ROOT finalhandler@2.1.1 OK for: express@5.2.1 want: ^2.1.0
3357 silly placeDep ROOT fresh@2.0.0 OK for: express@5.2.1 want: ^2.0.0
3358 silly placeDep ROOT http-errors@2.0.1 OK for: express@5.2.1 want: ^2.0.0
3359 silly placeDep ROOT merge-descriptors@2.0.0 OK for: express@5.2.1 want: ^2.0.0
3360 silly placeDep ROOT mime-types@3.0.2 OK for: express@5.2.1 want: ^3.0.0
3361 silly placeDep ROOT on-finished@2.4.1 OK for: express@5.2.1 want: ^2.4.1
3362 silly placeDep ROOT once@1.4.0 OK for: express@5.2.1 want: ^1.4.0
3363 silly placeDep ROOT parseurl@1.3.3 OK for: express@5.2.1 want: ^1.3.3
3364 silly placeDep ROOT proxy-addr@2.0.7 OK for: express@5.2.1 want: ^2.0.7
3365 silly placeDep ROOT qs@6.15.3 OK for: express@5.2.1 want: ^6.14.0
3366 silly placeDep ROOT range-parser@1.3.0 OK for: express@5.2.1 want: ^1.2.1
3367 silly placeDep ROOT router@2.2.0 OK for: express@5.2.1 want: ^2.2.0
3368 silly placeDep ROOT send@1.2.1 OK for: express@5.2.1 want: ^1.1.0
3369 silly placeDep ROOT serve-static@2.2.1 OK for: express@5.2.1 want: ^2.2.0
3370 silly placeDep ROOT statuses@2.0.2 OK for: express@5.2.1 want: ^2.0.1
3371 silly placeDep ROOT type-is@2.1.0 OK for: express@5.2.1 want: ^2.0.1
3372 silly fetch manifest negotiator@^1.0.0
3373 silly packumentCache full:https://registry.npmjs.org/negotiator cache-miss
3374 silly fetch manifest qs@^6.15.2
3375 silly packumentCache full:https://registry.npmjs.org/qs cache-miss
3376 silly fetch manifest bytes@^3.1.2
3377 silly packumentCache full:https://registry.npmjs.org/bytes cache-miss
3378 silly fetch manifest type-is@^2.1.0
3379 silly packumentCache full:https://registry.npmjs.org/type-is cache-miss
3380 silly fetch manifest iconv-lite@^0.7.2
3381 silly packumentCache full:https://registry.npmjs.org/iconv-lite cache-miss
3382 silly fetch manifest http-errors@^2.0.1
3383 silly packumentCache full:https://registry.npmjs.org/http-errors cache-hit
3384 silly fetch manifest content-type@^2.0.0
3385 silly packumentCache full:https://registry.npmjs.org/content-type cache-miss
3386 silly fetch manifest inherits@~2.0.4
3387 silly packumentCache full:https://registry.npmjs.org/inherits cache-miss
3388 silly fetch manifest setprototypeof@~1.2.0
3389 silly packumentCache full:https://registry.npmjs.org/setprototypeof cache-miss
3390 silly fetch manifest statuses@~2.0.2
3391 silly packumentCache full:https://registry.npmjs.org/statuses cache-miss
3392 http cache https://registry.npmjs.org/bytes 3ms (cache hit)
3393 silly packumentCache full:https://registry.npmjs.org/bytes set size:37018 disposed:false
3394 silly fetch manifest toidentifier@~1.0.1
3395 silly packumentCache full:https://registry.npmjs.org/toidentifier cache-miss
3396 http cache https://registry.npmjs.org/iconv-lite 4ms (cache hit)
3397 silly packumentCache full:https://registry.npmjs.org/iconv-lite set size:126462 disposed:false
3398 silly fetch manifest mime-db@^1.54.0
3399 silly packumentCache full:https://registry.npmjs.org/mime-db cache-miss
3400 http cache https://registry.npmjs.org/type-is 4ms (cache hit)
3401 silly packumentCache full:https://registry.npmjs.org/type-is set size:88614 disposed:false
3402 silly fetch manifest ee-first@1.1.1
3403 silly packumentCache full:https://registry.npmjs.org/ee-first cache-miss
3404 http cache https://registry.npmjs.org/content-type 5ms (cache hit)
3405 silly packumentCache full:https://registry.npmjs.org/content-type set size:18994 disposed:false
3406 silly fetch manifest wrappy@1
3407 silly packumentCache full:https://registry.npmjs.org/wrappy cache-miss
3408 http cache https://registry.npmjs.org/statuses 5ms (cache hit)
3409 silly packumentCache full:https://registry.npmjs.org/statuses set size:37117 disposed:false
3410 silly fetch manifest forwarded@0.2.0
3411 silly packumentCache full:https://registry.npmjs.org/forwarded cache-miss
3412 http cache https://registry.npmjs.org/qs 6ms (cache hit)
3413 silly packumentCache full:https://registry.npmjs.org/qs set size:360318 disposed:false
3414 silly fetch manifest ipaddr.js@1.9.1
3415 silly packumentCache full:https://registry.npmjs.org/ipaddr.js cache-miss
3416 http fetch GET 200 https://registry.npmjs.org/inherits 49ms (cache miss)
3417 silly packumentCache full:https://registry.npmjs.org/inherits set size:undefined disposed:false
3418 silly fetch manifest is-promise@^4.0.0
3419 silly packumentCache full:https://registry.npmjs.org/is-promise cache-miss
3420 http fetch GET 200 https://registry.npmjs.org/setprototypeof 50ms (cache miss)
3421 silly packumentCache full:https://registry.npmjs.org/setprototypeof set size:undefined disposed:false
3422 silly fetch manifest path-to-regexp@^8.0.0
3423 silly packumentCache full:https://registry.npmjs.org/path-to-regexp cache-miss
3424 http fetch GET 200 https://registry.npmjs.org/negotiator 53ms (cache miss)
3425 silly packumentCache full:https://registry.npmjs.org/negotiator set size:undefined disposed:false
3426 silly fetch manifest statuses@^2.0.2
3427 silly packumentCache full:https://registry.npmjs.org/statuses cache-hit
3428 silly fetch manifest media-typer@^1.1.0
3429 silly packumentCache full:https://registry.npmjs.org/media-typer cache-miss
3430 http fetch GET 200 https://registry.npmjs.org/forwarded 49ms (cache miss)
3431 silly packumentCache full:https://registry.npmjs.org/forwarded set size:undefined disposed:false
3432 http fetch GET 200 https://registry.npmjs.org/ee-first 50ms (cache miss)
3433 silly packumentCache full:https://registry.npmjs.org/ee-first set size:undefined disposed:false
3434 http fetch GET 200 https://registry.npmjs.org/toidentifier 53ms (cache miss)
3435 silly packumentCache full:https://registry.npmjs.org/toidentifier set size:undefined disposed:false
3436 http fetch GET 200 https://registry.npmjs.org/wrappy 52ms (cache miss)
3437 silly packumentCache full:https://registry.npmjs.org/wrappy set size:undefined disposed:false
3438 http fetch GET 200 https://registry.npmjs.org/ipaddr.js 71ms (cache miss)
3439 silly packumentCache full:https://registry.npmjs.org/ipaddr.js set size:undefined disposed:false
3440 http fetch GET 200 https://registry.npmjs.org/mime-db 101ms (cache miss)
3441 silly packumentCache full:https://registry.npmjs.org/mime-db set size:undefined disposed:false
3442 http fetch GET 200 https://registry.npmjs.org/is-promise 59ms (cache miss)
3443 silly packumentCache full:https://registry.npmjs.org/is-promise set size:undefined disposed:false
3444 http fetch GET 200 https://registry.npmjs.org/media-typer 63ms (cache miss)
3445 silly packumentCache full:https://registry.npmjs.org/media-typer set size:undefined disposed:false
3446 http fetch GET 200 https://registry.npmjs.org/path-to-regexp 128ms (cache miss)
3447 silly packumentCache full:https://registry.npmjs.org/path-to-regexp set size:undefined disposed:false
3448 silly placeDep ROOT negotiator@1.0.0 OK for: accepts@2.0.0 want: ^1.0.0
3449 silly placeDep ROOT bytes@3.1.2 OK for: body-parser@2.3.0 want: ^3.1.2
3450 silly placeDep node_modules/body-parser content-type@2.0.0 OK for: body-parser@2.3.0 want: ^2.0.0
3451 silly placeDep ROOT iconv-lite@0.7.3 OK for: body-parser@2.3.0 want: ^0.7.2
3452 silly fetch manifest safer-buffer@>= 2.1.2 < 3.0.0
3453 silly packumentCache full:https://registry.npmjs.org/safer-buffer cache-miss
3454 http fetch GET 200 https://registry.npmjs.org/safer-buffer 79ms (cache miss)
3455 silly packumentCache full:https://registry.npmjs.org/safer-buffer set size:undefined disposed:false
3456 silly placeDep ROOT ip-address@10.5.0 OK for: express-rate-limit@8.6.2 want: ^10.2.0
3457 silly placeDep ROOT is-unicode-supported@2.1.0 OK for: figures@6.1.0 want: ^2.0.0
3458 silly placeDep ROOT jsonfile@6.2.1 OK for: fs-extra@11.4.0 want: ^6.0.1
3459 silly placeDep ROOT universalify@2.0.1 OK for: fs-extra@11.4.0 want: ^2.0.0
3460 silly placeDep ROOT @sec-ant/readable-stream@0.4.1 OK for: get-stream@9.0.1 want: ^0.4.1
3461 silly placeDep ROOT inherits@2.0.4 OK for: http-errors@2.0.1 want: ~2.0.4
3462 silly placeDep ROOT setprototypeof@1.2.0 OK for: http-errors@2.0.1 want: ~1.2.0
3463 silly placeDep ROOT toidentifier@1.0.1 OK for: http-errors@2.0.1 want: ~1.0.1
3464 silly placeDep ROOT safer-buffer@2.1.2 OK for: iconv-lite@0.7.3 want: >= 2.1.2 < 3.0.0
3465 silly placeDep ROOT mime-db@1.54.0 OK for: mime-types@3.0.2 want: ^1.54.0
3466 silly placeDep node_modules/npm-run-path path-key@4.0.0 OK for: npm-run-path@6.0.0 want: ^4.0.0
3467 silly placeDep ROOT unicorn-magic@0.3.0 OK for: npm-run-path@6.0.0 want: ^0.3.0
3468 silly placeDep ROOT ee-first@1.1.1 OK for: on-finished@2.4.1 want: 1.1.1
3469 silly placeDep ROOT wrappy@1.0.2 OK for: once@1.4.0 want: 1
3470 silly placeDep node_modules/onetime mimic-fn@2.1.0 OK for: onetime@5.1.2 want: ^2.1.0
3471 silly placeDep ROOT default-browser@5.5.0 OK for: open@11.0.0 want: ^5.4.0
3472 silly placeDep ROOT define-lazy-prop@3.0.0 OK for: open@11.0.0 want: ^3.0.0
3473 silly placeDep ROOT is-in-ssh@1.0.0 OK for: open@11.0.0 want: ^1.0.0
3474 silly placeDep ROOT is-inside-container@1.0.0 OK for: open@11.0.0 want: ^1.0.0
3475 silly placeDep ROOT powershell-utils@0.1.0 OK for: open@11.0.0 want: ^0.1.0
3476 silly placeDep ROOT wsl-utils@0.3.1 OK for: open@11.0.0 want: ^0.3.0
3477 silly fetch manifest bundle-name@^4.1.0
3478 silly packumentCache full:https://registry.npmjs.org/bundle-name cache-miss
3479 silly fetch manifest default-browser-id@^5.0.0
3480 silly packumentCache full:https://registry.npmjs.org/default-browser-id cache-miss
3481 silly fetch manifest is-docker@^3.0.0
3482 silly packumentCache full:https://registry.npmjs.org/is-docker cache-miss
3483 silly fetch manifest is-wsl@^3.1.0
3484 silly packumentCache full:https://registry.npmjs.org/is-wsl cache-miss
3485 http cache https://registry.npmjs.org/is-wsl 2ms (cache hit)
3486 silly packumentCache full:https://registry.npmjs.org/is-wsl set size:20683 disposed:false
3487 http cache https://registry.npmjs.org/is-docker 2ms (cache hit)
3488 silly packumentCache full:https://registry.npmjs.org/is-docker set size:23690 disposed:false
3489 http fetch GET 200 https://registry.npmjs.org/bundle-name 51ms (cache miss)
3490 silly packumentCache full:https://registry.npmjs.org/bundle-name set size:undefined disposed:false
3491 http fetch GET 200 https://registry.npmjs.org/default-browser-id 59ms (cache miss)
3492 silly packumentCache full:https://registry.npmjs.org/default-browser-id set size:undefined disposed:false
3493 silly placeDep ROOT bundle-name@4.1.0 OK for: default-browser@5.5.0 want: ^4.1.0
3494 silly placeDep ROOT default-browser-id@5.0.1 OK for: default-browser@5.5.0 want: ^5.0.0
3495 silly fetch manifest run-applescript@^7.0.0
3496 silly packumentCache full:https://registry.npmjs.org/run-applescript cache-miss
3497 http fetch GET 200 https://registry.npmjs.org/run-applescript 59ms (cache miss)
3498 silly packumentCache full:https://registry.npmjs.org/run-applescript set size:undefined disposed:false
3499 silly placeDep ROOT run-applescript@7.1.0 OK for: bundle-name@4.1.0 want: ^7.0.0
3500 silly placeDep ROOT is-docker@3.0.0 OK for: is-inside-container@1.0.0 want: ^3.0.0
3501 silly placeDep node_modules/ora chalk@5.6.2 OK for: ora@8.2.0 want: ^5.3.0
3502 silly placeDep ROOT cli-cursor@5.0.0 OK for: ora@8.2.0 want: ^5.0.0
3503 silly placeDep ROOT cli-spinners@2.9.2 OK for: ora@8.2.0 want: ^2.9.2
3504 silly placeDep ROOT is-interactive@2.0.0 OK for: ora@8.2.0 want: ^2.0.0
3505 silly placeDep ROOT log-symbols@6.0.0 OK for: ora@8.2.0 want: ^6.0.0
3506 silly placeDep ROOT stdin-discarder@0.2.2 OK for: ora@8.2.0 want: ^0.2.2
3507 silly placeDep ROOT string-width@7.2.0 OK for: ora@8.2.0 want: ^7.2.0
3508 silly placeDep node_modules/ora strip-ansi@7.2.0 OK for: ora@8.2.0 want: ^7.1.0
3509 silly fetch manifest restore-cursor@^5.0.0
3510 silly packumentCache full:https://registry.npmjs.org/restore-cursor cache-miss
3511 silly fetch manifest is-unicode-supported@^1.3.0
3512 silly packumentCache full:https://registry.npmjs.org/is-unicode-supported cache-miss
3513 silly fetch manifest emoji-regex@^10.3.0
3514 silly packumentCache full:https://registry.npmjs.org/emoji-regex cache-miss
3515 silly fetch manifest get-east-asian-width@^1.0.0
3516 silly packumentCache full:https://registry.npmjs.org/get-east-asian-width cache-miss
3517 silly fetch manifest ansi-regex@^6.2.2
3518 silly packumentCache full:https://registry.npmjs.org/ansi-regex cache-miss
3519 http cache https://registry.npmjs.org/is-unicode-supported 2ms (cache hit)
3520 silly packumentCache full:https://registry.npmjs.org/is-unicode-supported set size:19461 disposed:false
3521 http cache https://registry.npmjs.org/ansi-regex 1ms (cache hit)
3522 silly packumentCache full:https://registry.npmjs.org/ansi-regex set size:43572 disposed:false
3523 http cache https://registry.npmjs.org/emoji-regex 3ms (cache hit)
3524 silly packumentCache full:https://registry.npmjs.org/emoji-regex set size:89064 disposed:false
3525 http fetch GET 200 https://registry.npmjs.org/get-east-asian-width 50ms (cache miss)
3526 silly packumentCache full:https://registry.npmjs.org/get-east-asian-width set size:undefined disposed:false
3527 http fetch GET 200 https://registry.npmjs.org/restore-cursor 58ms (cache miss)
3528 silly packumentCache full:https://registry.npmjs.org/restore-cursor set size:undefined disposed:false
3529 silly placeDep ROOT restore-cursor@5.1.0 OK for: cli-cursor@5.0.0 want: ^5.0.0
3530 silly fetch manifest onetime@^7.0.0
3531 silly packumentCache full:https://registry.npmjs.org/onetime cache-miss
3532 http cache https://registry.npmjs.org/onetime 1ms (cache hit)
3533 silly packumentCache full:https://registry.npmjs.org/onetime set size:32314 disposed:false
3534 silly placeDep node_modules/log-symbols chalk@5.6.2 OK for: log-symbols@6.0.0 want: ^5.3.0
3535 silly placeDep node_modules/log-symbols is-unicode-supported@1.3.0 OK for: log-symbols@6.0.0 want: ^1.3.0
3536 silly placeDep ROOT error-ex@1.3.4 OK for: parse-json@5.2.0 want: ^1.3.1
3537 silly placeDep ROOT json-parse-even-better-errors@2.3.1 OK for: parse-json@5.2.0 want: ^2.3.0
3538 silly placeDep ROOT lines-and-columns@1.2.4 OK for: parse-json@5.2.0 want: ^1.1.6
3539 silly fetch manifest is-arrayish@^0.2.1
3540 silly packumentCache full:https://registry.npmjs.org/is-arrayish cache-miss
3541 http fetch GET 200 https://registry.npmjs.org/is-arrayish 77ms (cache miss)
3542 silly packumentCache full:https://registry.npmjs.org/is-arrayish set size:undefined disposed:false
3543 silly placeDep ROOT is-arrayish@0.2.1 OK for: error-ex@1.3.4 want: ^0.2.1
3544 silly placeDep node_modules/pkg-up find-up@3.0.0 OK for: pkg-up@3.1.0 want: ^3.0.0
3545 silly fetch manifest locate-path@^3.0.0
3546 silly packumentCache full:https://registry.npmjs.org/locate-path cache-miss
3547 http cache https://registry.npmjs.org/locate-path 1ms (cache hit)
3548 silly packumentCache full:https://registry.npmjs.org/locate-path set size:31329 disposed:false
3549 silly placeDep ROOT cssesc@3.0.0 OK for: postcss-selector-parser@7.1.5 want: ^3.0.0
3550 silly placeDep ROOT util-deprecate@1.0.2 OK for: postcss-selector-parser@7.1.5 want: ^1.0.2
3551 silly placeDep ROOT parse-ms@4.0.0 OK for: pretty-ms@9.3.0 want: ^4.0.0
3552 silly placeDep node_modules/prompts kleur@3.0.3 OK for: prompts@2.4.2 want: ^3.0.3
3553 silly placeDep ROOT sisteransi@1.0.5 OK for: prompts@2.4.2 want: ^1.0.5
3554 silly placeDep ROOT forwarded@0.2.0 OK for: proxy-addr@2.0.7 want: 0.2.0
3555 silly placeDep ROOT ipaddr.js@1.9.1 OK for: proxy-addr@2.0.7 want: 1.9.1
3556 silly placeDep ROOT unpipe@1.0.0 OK for: raw-body@3.0.2 want: ~1.0.0
3557 silly placeDep ROOT ast-types@0.16.1 OK for: recast@0.23.21 want: ^0.16.1
3558 silly placeDep ROOT esprima@4.0.1 OK for: recast@0.23.21 want: ~4.0.0
3559 silly placeDep ROOT source-map@0.6.1 OK for: recast@0.23.21 want: ~0.6.1
3560 silly placeDep node_modules/restore-cursor onetime@7.0.0 OK for: restore-cursor@5.1.0 want: ^7.0.0
3561 silly fetch manifest mimic-function@^5.0.0
3562 silly packumentCache full:https://registry.npmjs.org/mimic-function cache-miss
3563 http fetch GET 200 https://registry.npmjs.org/mimic-function 60ms (cache miss)
3564 silly packumentCache full:https://registry.npmjs.org/mimic-function set size:undefined disposed:false
3565 silly placeDep ROOT is-promise@4.0.0 OK for: router@2.2.0 want: ^4.0.0
3566 silly placeDep ROOT path-to-regexp@8.4.2 OK for: router@2.2.0 want: ^8.0.0
3567 silly placeDep ROOT @img/colour@1.1.0 OK for: sharp@0.34.5 want: ^1.0.0
3568 silly placeDep ROOT @img/sharp-darwin-arm64@0.34.5 OK for: sharp@0.34.5 want: 0.34.5
3569 silly placeDep ROOT @img/sharp-darwin-x64@0.34.5 OK for: sharp@0.34.5 want: 0.34.5
3570 silly placeDep ROOT @img/sharp-libvips-darwin-arm64@1.2.4 OK for: sharp@0.34.5 want: 1.2.4
3571 silly placeDep ROOT @img/sharp-libvips-darwin-x64@1.2.4 OK for: sharp@0.34.5 want: 1.2.4
3572 silly placeDep ROOT @img/sharp-libvips-linux-arm@1.2.4 OK for: sharp@0.34.5 want: 1.2.4
3573 silly placeDep ROOT @img/sharp-libvips-linux-arm64@1.2.4 OK for: sharp@0.34.5 want: 1.2.4
3574 silly placeDep ROOT @img/sharp-libvips-linux-ppc64@1.2.4 OK for: sharp@0.34.5 want: 1.2.4
3575 silly placeDep ROOT @img/sharp-libvips-linux-riscv64@1.2.4 OK for: sharp@0.34.5 want: 1.2.4
3576 silly placeDep ROOT @img/sharp-libvips-linux-s390x@1.2.4 OK for: sharp@0.34.5 want: 1.2.4
3577 silly placeDep ROOT @img/sharp-libvips-linux-x64@1.2.4 OK for: sharp@0.34.5 want: 1.2.4
3578 silly placeDep ROOT @img/sharp-libvips-linuxmusl-arm64@1.2.4 OK for: sharp@0.34.5 want: 1.2.4
3579 silly placeDep ROOT @img/sharp-libvips-linuxmusl-x64@1.2.4 OK for: sharp@0.34.5 want: 1.2.4
3580 silly placeDep ROOT @img/sharp-linux-arm@0.34.5 OK for: sharp@0.34.5 want: 0.34.5
3581 silly placeDep ROOT @img/sharp-linux-arm64@0.34.5 OK for: sharp@0.34.5 want: 0.34.5
3582 silly placeDep ROOT @img/sharp-linux-ppc64@0.34.5 OK for: sharp@0.34.5 want: 0.34.5
3583 silly placeDep ROOT @img/sharp-linux-riscv64@0.34.5 OK for: sharp@0.34.5 want: 0.34.5
3584 silly placeDep ROOT @img/sharp-linux-s390x@0.34.5 OK for: sharp@0.34.5 want: 0.34.5
3585 silly placeDep ROOT @img/sharp-linux-x64@0.34.5 OK for: sharp@0.34.5 want: 0.34.5
3586 silly placeDep ROOT @img/sharp-linuxmusl-arm64@0.34.5 OK for: sharp@0.34.5 want: 0.34.5
3587 silly placeDep ROOT @img/sharp-linuxmusl-x64@0.34.5 OK for: sharp@0.34.5 want: 0.34.5
3588 silly placeDep ROOT @img/sharp-wasm32@0.34.5 OK for: sharp@0.34.5 want: 0.34.5
3589 silly placeDep ROOT @img/sharp-win32-arm64@0.34.5 OK for: sharp@0.34.5 want: 0.34.5
3590 silly placeDep ROOT @img/sharp-win32-ia32@0.34.5 OK for: sharp@0.34.5 want: 0.34.5
3591 silly placeDep ROOT @img/sharp-win32-x64@0.34.5 OK for: sharp@0.34.5 want: 0.34.5
3592 silly placeDep node_modules/sharp semver@7.8.5 OK for: sharp@0.34.5 want: ^7.7.3
3593 silly fetch manifest @emnapi/runtime@^1.7.0
3594 silly packumentCache full:https://registry.npmjs.org/@emnapi%2fruntime cache-miss
3595 http fetch GET 200 https://registry.npmjs.org/@emnapi%2fruntime 120ms (cache miss)
3596 silly packumentCache full:https://registry.npmjs.org/@emnapi%2fruntime set size:undefined disposed:false
3597 silly placeDep ROOT @emnapi/runtime@1.11.3 OK for: @img/sharp-wasm32@0.34.5 want: ^1.7.0
3598 silly placeDep ROOT shebang-regex@3.0.0 OK for: shebang-command@2.0.0 want: ^3.0.0
3599 silly placeDep ROOT side-channel-list@1.0.1 OK for: side-channel@1.1.1 want: ^1.0.1
3600 silly placeDep ROOT side-channel-map@1.0.1 OK for: side-channel@1.1.1 want: ^1.0.1
3601 silly placeDep ROOT side-channel-weakmap@1.0.2 OK for: side-channel@1.1.1 want: ^1.0.2
3602 silly placeDep node_modules/string-width emoji-regex@10.6.0 OK for: string-width@7.2.0 want: ^10.3.0
3603 silly placeDep ROOT get-east-asian-width@1.6.0 OK for: string-width@7.2.0 want: ^1.0.0
3604 silly placeDep node_modules/string-width strip-ansi@7.2.0 OK for: string-width@7.2.0 want: ^7.1.0
3605 silly placeDep ROOT get-own-enumerable-keys@1.0.0 OK for: stringify-object@5.0.0 want: ^1.0.0
3606 silly placeDep node_modules/stringify-object is-obj@3.0.0 OK for: stringify-object@5.0.0 want: ^3.0.0
3607 silly placeDep ROOT is-regexp@3.1.0 OK for: stringify-object@5.0.0 want: ^3.1.0
3608 silly placeDep ROOT ansi-regex@5.0.1 OK for: strip-ansi@6.0.1 want: ^5.0.1
3609 silly placeDep ROOT client-only@0.0.1 OK for: styled-jsx@5.1.6 want: 0.0.1
3610 silly placeDep ROOT has-flag@4.0.0 OK for: supports-color@7.2.0 want: ^4.0.0
3611 silly placeDep node_modules/tinyglobby fdir@6.5.0 OK for: tinyglobby@0.2.17 want: ^6.5.0
3612 silly placeDep node_modules/tinyglobby picomatch@4.0.5 OK for: fdir@6.5.0 want: ^3 || ^4
3613 silly placeDep ROOT is-number@7.0.0 OK for: to-regex-range@5.0.1 want: ^7.0.0
3614 silly placeDep ROOT @ts-morph/common@0.27.0 OK for: ts-morph@26.0.0 want: ~0.27.0
3615 silly placeDep ROOT code-block-writer@13.0.3 OK for: ts-morph@26.0.0 want: ^13.0.3
3616 silly fetch manifest minimatch@^10.0.1
3617 silly packumentCache full:https://registry.npmjs.org/minimatch cache-miss
3618 silly fetch manifest path-browserify@^1.0.1
3619 silly packumentCache full:https://registry.npmjs.org/path-browserify cache-miss
3620 http cache https://registry.npmjs.org/minimatch 3ms (cache hit)
3621 silly packumentCache full:https://registry.npmjs.org/minimatch set size:377924 disposed:false
3622 http fetch GET 200 https://registry.npmjs.org/path-browserify 51ms (cache miss)
3623 silly packumentCache full:https://registry.npmjs.org/path-browserify set size:undefined disposed:false
3624 silly placeDep node_modules/@ts-morph/common fast-glob@3.3.3 OK for: @ts-morph/common@0.27.0 want: ^3.3.3
3625 silly placeDep node_modules/@ts-morph/common minimatch@10.2.6 OK for: @ts-morph/common@0.27.0 want: ^10.0.1
3626 silly placeDep ROOT path-browserify@1.0.1 OK for: @ts-morph/common@0.27.0 want: ^1.0.1
3627 silly fetch manifest brace-expansion@^5.0.8
3628 silly packumentCache full:https://registry.npmjs.org/brace-expansion cache-miss
3629 http cache https://registry.npmjs.org/brace-expansion 1ms (cache hit)
3630 silly packumentCache full:https://registry.npmjs.org/brace-expansion set size:101024 disposed:false
3631 silly placeDep ROOT @types/json5@0.0.29 OK for: tsconfig-paths@3.15.0 want: ^0.0.29
3632 silly placeDep node_modules/tsconfig-paths json5@1.0.2 OK for: tsconfig-paths@3.15.0 want: ^1.0.2
3633 silly placeDep ROOT minimist@1.2.8 OK for: tsconfig-paths@3.15.0 want: ^1.2.6
3634 silly placeDep ROOT strip-bom@3.0.0 OK for: tsconfig-paths@3.15.0 want: ^3.0.0
3635 silly fetch manifest minimist@^1.2.0
3636 silly packumentCache full:https://registry.npmjs.org/minimist cache-miss
3637 http cache https://registry.npmjs.org/minimist 0ms (cache hit)
3638 silly packumentCache full:https://registry.npmjs.org/minimist set size:77063 disposed:false
3639 silly placeDep node_modules/type-is content-type@2.0.0 OK for: type-is@2.1.0 want: ^2.0.0
3640 silly placeDep ROOT media-typer@1.1.1 OK for: type-is@2.1.0 want: ^1.1.0
3641 silly placeDep ROOT for-each@0.3.5 OK for: typed-array-byte-length@1.0.3 want: ^0.3.3
3642 silly placeDep ROOT reflect.getprototypeof@1.0.10 OK for: typed-array-byte-offset@1.0.4 want: ^1.0.9
3643 silly fetch manifest which-builtin-type@^1.2.1
3644 silly packumentCache full:https://registry.npmjs.org/which-builtin-type cache-miss
3645 http fetch GET 200 https://registry.npmjs.org/which-builtin-type 80ms (cache miss)
3646 silly packumentCache full:https://registry.npmjs.org/which-builtin-type set size:undefined disposed:false
3647 silly placeDep ROOT which-builtin-type@1.2.1 OK for: reflect.getprototypeof@1.0.10 want: ^1.2.1
3648 silly fetch manifest is-async-function@^2.0.0
3649 silly packumentCache full:https://registry.npmjs.org/is-async-function cache-miss
3650 silly fetch manifest is-finalizationregistry@^1.1.0
3651 silly packumentCache full:https://registry.npmjs.org/is-finalizationregistry cache-miss
3652 silly fetch manifest is-generator-function@^1.0.10
3653 silly packumentCache full:https://registry.npmjs.org/is-generator-function cache-miss
3654 silly fetch manifest which-boxed-primitive@^1.1.0
3655 silly packumentCache full:https://registry.npmjs.org/which-boxed-primitive cache-miss
3656 silly fetch manifest which-collection@^1.0.2
3657 silly packumentCache full:https://registry.npmjs.org/which-collection cache-miss
3658 http cache https://registry.npmjs.org/which-boxed-primitive 1ms (cache hit)
3659 silly packumentCache full:https://registry.npmjs.org/which-boxed-primitive set size:19407 disposed:false
3660 http fetch GET 200 https://registry.npmjs.org/is-finalizationregistry 86ms (cache miss)
3661 silly packumentCache full:https://registry.npmjs.org/is-finalizationregistry set size:undefined disposed:false
3662 http fetch GET 200 https://registry.npmjs.org/is-async-function 94ms (cache miss)
3663 silly packumentCache full:https://registry.npmjs.org/is-async-function set size:undefined disposed:false
3664 http fetch GET 200 https://registry.npmjs.org/which-collection 94ms (cache miss)
3665 silly packumentCache full:https://registry.npmjs.org/which-collection set size:undefined disposed:false
3666 http fetch GET 200 https://registry.npmjs.org/is-generator-function 95ms (cache miss)
3667 silly packumentCache full:https://registry.npmjs.org/is-generator-function set size:undefined disposed:false
3668 silly fetch manifest eslint@^8.57.0 || ^9.0.0 || ^10.0.0
3669 silly packumentCache full:https://registry.npmjs.org/eslint cache-miss
3670 http cache https://registry.npmjs.org/eslint 3ms (cache hit)
3671 silly packumentCache full:https://registry.npmjs.org/eslint set size:2048190 disposed:false
3672 silly placeDep ROOT @typescript-eslint/eslint-plugin@8.67.0 OK for: typescript-eslint@8.67.0 want: 8.67.0
3673 silly placeDep ROOT @typescript-eslint/parser@8.67.0 OK for: @typescript-eslint/eslint-plugin@8.67.0 want: ^8.67.0
3674 silly placeDep ROOT @typescript-eslint/typescript-estree@8.67.0 OK for: typescript-eslint@8.67.0 want: 8.67.0
3675 silly placeDep ROOT @typescript-eslint/utils@8.67.0 OK for: typescript-eslint@8.67.0 want: 8.67.0
3676 silly fetch manifest ignore@^7.0.5
3677 silly packumentCache full:https://registry.npmjs.org/ignore cache-miss
3678 silly fetch manifest ts-api-utils@^2.5.0
3679 silly packumentCache full:https://registry.npmjs.org/ts-api-utils cache-miss
3680 silly fetch manifest @typescript-eslint/type-utils@8.67.0
3681 silly packumentCache full:https://registry.npmjs.org/@typescript-eslint%2ftype-utils cache-miss
3682 silly fetch manifest @typescript-eslint/visitor-keys@8.67.0
3683 silly packumentCache full:https://registry.npmjs.org/@typescript-eslint%2fvisitor-keys cache-miss
3684 silly fetch manifest @typescript-eslint/scope-manager@8.67.0
3685 silly packumentCache full:https://registry.npmjs.org/@typescript-eslint%2fscope-manager cache-miss
3686 silly fetch manifest @typescript-eslint/types@8.67.0
3687 silly packumentCache full:https://registry.npmjs.org/@typescript-eslint%2ftypes cache-miss
3688 silly fetch manifest @typescript-eslint/visitor-keys@8.67.0
3689 silly packumentCache full:https://registry.npmjs.org/@typescript-eslint%2fvisitor-keys cache-miss
3690 silly fetch manifest @typescript-eslint/scope-manager@8.67.0
3691 silly packumentCache full:https://registry.npmjs.org/@typescript-eslint%2fscope-manager cache-miss
3692 silly fetch manifest minimatch@^10.2.2
3693 silly packumentCache full:https://registry.npmjs.org/minimatch cache-hit
3694 silly fetch manifest ts-api-utils@^2.5.0
3695 silly packumentCache full:https://registry.npmjs.org/ts-api-utils cache-miss
3696 http cache https://registry.npmjs.org/ignore 4ms (cache hit)
3697 silly packumentCache full:https://registry.npmjs.org/ignore set size:240910 disposed:false
3698 silly fetch manifest @typescript-eslint/types@8.67.0
3699 silly packumentCache full:https://registry.npmjs.org/@typescript-eslint%2ftypes cache-miss
3700 http fetch GET 200 https://registry.npmjs.org/ts-api-utils 68ms (cache miss)
3701 silly packumentCache full:https://registry.npmjs.org/ts-api-utils set size:undefined disposed:false
3702 silly fetch manifest @typescript-eslint/visitor-keys@8.67.0
3703 silly packumentCache full:https://registry.npmjs.org/@typescript-eslint%2fvisitor-keys cache-miss
3704 http fetch GET 200 https://registry.npmjs.org/ts-api-utils 111ms (cache miss)
3705 silly packumentCache full:https://registry.npmjs.org/ts-api-utils set size:undefined disposed:false
3706 silly fetch manifest @typescript-eslint/tsconfig-utils@8.67.0
3707 silly packumentCache full:https://registry.npmjs.org/@typescript-eslint%2ftsconfig-utils cache-miss
3708 http fetch GET 200 https://registry.npmjs.org/@typescript-eslint%2fscope-manager 979ms (cache miss)
3709 silly packumentCache full:https://registry.npmjs.org/@typescript-eslint%2fscope-manager set size:undefined disposed:false
3710 silly fetch manifest @typescript-eslint/project-service@8.67.0
3711 silly packumentCache full:https://registry.npmjs.org/@typescript-eslint%2fproject-service cache-miss
3712 http fetch GET 200 https://registry.npmjs.org/@typescript-eslint%2ftypes 1001ms (cache miss)
3713 silly packumentCache full:https://registry.npmjs.org/@typescript-eslint%2ftypes set size:undefined disposed:false
3714 http fetch GET 200 https://registry.npmjs.org/@typescript-eslint%2ftsconfig-utils 936ms (cache miss)
3715 silly packumentCache full:https://registry.npmjs.org/@typescript-eslint%2ftsconfig-utils set size:undefined disposed:false
3716 http fetch GET 200 https://registry.npmjs.org/@typescript-eslint%2fproject-service 125ms (cache miss)
3717 silly packumentCache full:https://registry.npmjs.org/@typescript-eslint%2fproject-service set size:undefined disposed:false
3718 http fetch GET 200 https://registry.npmjs.org/@typescript-eslint%2ftypes 3368ms (cache miss)
3719 silly packumentCache full:https://registry.npmjs.org/@typescript-eslint%2ftypes set size:undefined disposed:false
3720 http fetch GET 200 https://registry.npmjs.org/@typescript-eslint%2fscope-manager 3409ms (cache miss)
3721 silly packumentCache full:https://registry.npmjs.org/@typescript-eslint%2fscope-manager set size:undefined disposed:false
3722 http fetch GET 200 https://registry.npmjs.org/@typescript-eslint%2ftype-utils 3681ms (cache miss)
3723 silly packumentCache full:https://registry.npmjs.org/@typescript-eslint%2ftype-utils set size:undefined disposed:false
3724 http fetch GET 200 https://registry.npmjs.org/@typescript-eslint%2fvisitor-keys 3836ms (cache miss)
3725 silly packumentCache full:https://registry.npmjs.org/@typescript-eslint%2fvisitor-keys set size:undefined disposed:false
3726 http fetch GET 200 https://registry.npmjs.org/@typescript-eslint%2fvisitor-keys 4270ms (cache miss)
3727 silly packumentCache full:https://registry.npmjs.org/@typescript-eslint%2fvisitor-keys set size:undefined disposed:false
3728 http fetch GET 200 https://registry.npmjs.org/@typescript-eslint%2fvisitor-keys 5124ms (cache miss)
3729 silly packumentCache full:https://registry.npmjs.org/@typescript-eslint%2fvisitor-keys set size:undefined disposed:false
3730 silly placeDep ROOT @typescript-eslint/scope-manager@8.67.0 OK for: @typescript-eslint/eslint-plugin@8.67.0 want: 8.67.0
3731 silly placeDep ROOT @typescript-eslint/type-utils@8.67.0 OK for: @typescript-eslint/eslint-plugin@8.67.0 want: 8.67.0
3732 silly placeDep ROOT @typescript-eslint/visitor-keys@8.67.0 OK for: @typescript-eslint/eslint-plugin@8.67.0 want: 8.67.0
3733 silly placeDep node_modules/@typescript-eslint/eslint-plugin ignore@7.0.6 OK for: @typescript-eslint/eslint-plugin@8.67.0 want: ^7.0.5
3734 silly placeDep ROOT ts-api-utils@2.5.0 OK for: @typescript-eslint/eslint-plugin@8.67.0 want: ^2.5.0
3735 silly fetch manifest eslint-visitor-keys@^5.0.0
3736 silly packumentCache full:https://registry.npmjs.org/eslint-visitor-keys cache-hit
3737 silly placeDep ROOT @typescript-eslint/types@8.67.0 OK for: @typescript-eslint/parser@8.67.0 want: 8.67.0
3738 silly placeDep ROOT @typescript-eslint/project-service@8.67.0 OK for: @typescript-eslint/typescript-estree@8.67.0 want: 8.67.0
3739 silly placeDep ROOT @typescript-eslint/tsconfig-utils@8.67.0 OK for: @typescript-eslint/typescript-estree@8.67.0 want: 8.67.0
3740 silly placeDep node_modules/@typescript-eslint/typescript-estree minimatch@10.2.6 OK for: @typescript-eslint/typescript-estree@8.67.0 want: ^10.2.2
3741 silly placeDep node_modules/@typescript-eslint/typescript-estree semver@7.8.5 OK for: @typescript-eslint/typescript-estree@8.67.0 want: ^7.7.3
3742 silly fetch manifest @typescript-eslint/tsconfig-utils@^8.67.0
3743 silly packumentCache full:https://registry.npmjs.org/@typescript-eslint%2ftsconfig-utils cache-miss
3744 http cache https://registry.npmjs.org/@typescript-eslint%2ftsconfig-utils 3ms (cache hit)
3745 silly packumentCache full:https://registry.npmjs.org/@typescript-eslint%2ftsconfig-utils set size:1680071 disposed:false
3746 silly placeDep node_modules/@typescript-eslint/visitor-keys eslint-visitor-keys@5.0.1 OK for: @typescript-eslint/visitor-keys@8.67.0 want: ^5.0.0
3747 silly placeDep ROOT has-bigints@1.1.0 OK for: unbox-primitive@1.1.0 want: ^1.0.2
3748 silly placeDep ROOT which-boxed-primitive@1.1.1 OK for: unbox-primitive@1.1.0 want: ^1.1.1
3749 silly fetch manifest is-bigint@^1.1.0
3750 silly packumentCache full:https://registry.npmjs.org/is-bigint cache-miss
3751 silly fetch manifest is-boolean-object@^1.2.1
3752 silly packumentCache full:https://registry.npmjs.org/is-boolean-object cache-miss
3753 silly fetch manifest is-number-object@^1.1.1
3754 silly packumentCache full:https://registry.npmjs.org/is-number-object cache-miss
3755 http fetch GET 200 https://registry.npmjs.org/is-bigint 60ms (cache miss)
3756 silly packumentCache full:https://registry.npmjs.org/is-bigint set size:undefined disposed:false
3757 http fetch GET 200 https://registry.npmjs.org/is-number-object 61ms (cache miss)
3758 silly packumentCache full:https://registry.npmjs.org/is-number-object set size:undefined disposed:false
3759 http fetch GET 200 https://registry.npmjs.org/is-boolean-object 92ms (cache miss)
3760 silly packumentCache full:https://registry.npmjs.org/is-boolean-object set size:undefined disposed:false
3761 silly placeDep ROOT @unrs/resolver-binding-android-arm-eabi@1.12.2 OK for: unrs-resolver@1.12.2 want: 1.12.2
3762 silly placeDep ROOT @unrs/resolver-binding-android-arm64@1.12.2 OK for: unrs-resolver@1.12.2 want: 1.12.2
3763 silly placeDep ROOT @unrs/resolver-binding-darwin-arm64@1.12.2 OK for: unrs-resolver@1.12.2 want: 1.12.2
3764 silly placeDep ROOT @unrs/resolver-binding-darwin-x64@1.12.2 OK for: unrs-resolver@1.12.2 want: 1.12.2
3765 silly placeDep ROOT @unrs/resolver-binding-freebsd-x64@1.12.2 OK for: unrs-resolver@1.12.2 want: 1.12.2
3766 silly placeDep ROOT @unrs/resolver-binding-linux-arm-gnueabihf@1.12.2 OK for: unrs-resolver@1.12.2 want: 1.12.2
3767 silly placeDep ROOT @unrs/resolver-binding-linux-arm-musleabihf@1.12.2 OK for: unrs-resolver@1.12.2 want: 1.12.2
3768 silly placeDep ROOT @unrs/resolver-binding-linux-arm64-gnu@1.12.2 OK for: unrs-resolver@1.12.2 want: 1.12.2
3769 silly placeDep ROOT @unrs/resolver-binding-linux-arm64-musl@1.12.2 OK for: unrs-resolver@1.12.2 want: 1.12.2
3770 silly placeDep ROOT @unrs/resolver-binding-linux-loong64-gnu@1.12.2 OK for: unrs-resolver@1.12.2 want: 1.12.2
3771 silly placeDep ROOT @unrs/resolver-binding-linux-loong64-musl@1.12.2 OK for: unrs-resolver@1.12.2 want: 1.12.2
3772 silly placeDep ROOT @unrs/resolver-binding-linux-ppc64-gnu@1.12.2 OK for: unrs-resolver@1.12.2 want: 1.12.2
3773 silly placeDep ROOT @unrs/resolver-binding-linux-riscv64-gnu@1.12.2 OK for: unrs-resolver@1.12.2 want: 1.12.2
3774 silly placeDep ROOT @unrs/resolver-binding-linux-riscv64-musl@1.12.2 OK for: unrs-resolver@1.12.2 want: 1.12.2
3775 silly placeDep ROOT @unrs/resolver-binding-linux-s390x-gnu@1.12.2 OK for: unrs-resolver@1.12.2 want: 1.12.2
3776 silly placeDep ROOT @unrs/resolver-binding-linux-x64-gnu@1.12.2 OK for: unrs-resolver@1.12.2 want: 1.12.2
3777 silly placeDep ROOT @unrs/resolver-binding-linux-x64-musl@1.12.2 OK for: unrs-resolver@1.12.2 want: 1.12.2
3778 silly placeDep ROOT @unrs/resolver-binding-openharmony-arm64@1.12.2 OK for: unrs-resolver@1.12.2 want: 1.12.2
3779 silly placeDep ROOT @unrs/resolver-binding-wasm32-wasi@1.12.2 OK for: unrs-resolver@1.12.2 want: 1.12.2
3780 silly placeDep ROOT @unrs/resolver-binding-win32-arm64-msvc@1.12.2 OK for: unrs-resolver@1.12.2 want: 1.12.2
3781 silly placeDep ROOT @unrs/resolver-binding-win32-ia32-msvc@1.12.2 OK for: unrs-resolver@1.12.2 want: 1.12.2
3782 silly placeDep ROOT @unrs/resolver-binding-win32-x64-msvc@1.12.2 OK for: unrs-resolver@1.12.2 want: 1.12.2
3783 silly placeDep ROOT napi-postinstall@0.3.4 OK for: unrs-resolver@1.12.2 want: ^0.3.4
3784 silly fetch manifest @napi-rs/wasm-runtime@^1.1.4
3785 silly packumentCache full:https://registry.npmjs.org/@napi-rs%2fwasm-runtime cache-miss
3786 silly fetch manifest @emnapi/core@1.10.0
3787 silly packumentCache full:https://registry.npmjs.org/@emnapi%2fcore cache-miss
3788 silly fetch manifest @emnapi/runtime@1.10.0
3789 silly packumentCache full:https://registry.npmjs.org/@emnapi%2fruntime cache-miss
3790 http cache https://registry.npmjs.org/@emnapi%2fruntime 1ms (cache hit)
3791 silly packumentCache full:https://registry.npmjs.org/@emnapi%2fruntime set size:125040 disposed:false
3792 http fetch GET 200 https://registry.npmjs.org/@napi-rs%2fwasm-runtime 74ms (cache miss)
3793 silly packumentCache full:https://registry.npmjs.org/@napi-rs%2fwasm-runtime set size:undefined disposed:false
3794 http fetch GET 200 https://registry.npmjs.org/@emnapi%2fcore 95ms (cache miss)
3795 silly packumentCache full:https://registry.npmjs.org/@emnapi%2fcore set size:undefined disposed:false
3796 silly placeDep ROOT @emnapi/core@1.10.0 OK for: @unrs/resolver-binding-wasm32-wasi@1.12.2 want: 1.10.0
3797 silly placeDep node_modules/@unrs/resolver-binding-wasm32-wasi @emnapi/runtime@1.10.0 OK for: @unrs/resolver-binding-wasm32-wasi@1.12.2 want: 1.10.0
3798 silly placeDep ROOT @napi-rs/wasm-runtime@1.2.2 OK for: @unrs/resolver-binding-wasm32-wasi@1.12.2 want: ^1.1.4
3799 silly fetch manifest @emnapi/wasi-threads@1.2.1
3800 silly packumentCache full:https://registry.npmjs.org/@emnapi%2fwasi-threads cache-miss
3801 silly fetch manifest @tybys/wasm-util@^0.10.3
3802 silly packumentCache full:https://registry.npmjs.org/@tybys%2fwasm-util cache-miss
3803 http fetch GET 200 https://registry.npmjs.org/@emnapi%2fwasi-threads 67ms (cache miss)
3804 silly packumentCache full:https://registry.npmjs.org/@emnapi%2fwasi-threads set size:undefined disposed:false
3805 http fetch GET 200 https://registry.npmjs.org/@tybys%2fwasm-util 74ms (cache miss)
3806 silly packumentCache full:https://registry.npmjs.org/@tybys%2fwasm-util set size:undefined disposed:false
3807 silly placeDep ROOT @emnapi/wasi-threads@1.2.1 OK for: @emnapi/core@1.10.0 want: 1.2.1
3808 silly placeDep ROOT @tybys/wasm-util@0.10.3 OK for: @napi-rs/wasm-runtime@1.2.2 want: ^0.10.3
3809 silly placeDep ROOT escalade@3.2.0 OK for: update-browserslist-db@1.3.1 want: ^3.2.0
3810 silly placeDep ROOT punycode@2.3.1 OK for: uri-js@4.4.1 want: ^2.1.0
3811 silly placeDep ROOT @types/d3-array@3.2.2 OK for: victory-vendor@37.3.6 want: ^3.0.3
3812 silly placeDep ROOT @types/d3-ease@3.0.2 OK for: victory-vendor@37.3.6 want: ^3.0.0
3813 silly placeDep ROOT @types/d3-interpolate@3.0.4 OK for: victory-vendor@37.3.6 want: ^3.0.1
3814 silly placeDep ROOT @types/d3-scale@4.0.9 OK for: victory-vendor@37.3.6 want: ^4.0.2
3815 silly placeDep ROOT @types/d3-shape@3.1.8 OK for: victory-vendor@37.3.6 want: ^3.1.0
3816 silly placeDep ROOT @types/d3-time@3.0.4 OK for: victory-vendor@37.3.6 want: ^3.0.0
3817 silly placeDep ROOT @types/d3-timer@3.0.2 OK for: victory-vendor@37.3.6 want: ^3.0.0
3818 silly placeDep ROOT d3-array@3.2.4 OK for: victory-vendor@37.3.6 want: ^3.1.6
3819 silly placeDep ROOT d3-ease@3.0.1 OK for: victory-vendor@37.3.6 want: ^3.0.1
3820 silly placeDep ROOT d3-interpolate@3.0.1 OK for: victory-vendor@37.3.6 want: ^3.0.1
3821 silly placeDep ROOT d3-scale@4.0.2 OK for: victory-vendor@37.3.6 want: ^4.0.2
3822 silly placeDep ROOT d3-shape@3.2.0 OK for: victory-vendor@37.3.6 want: ^3.1.0
3823 silly placeDep ROOT d3-time@3.1.0 OK for: victory-vendor@37.3.6 want: ^3.0.0
3824 silly placeDep ROOT d3-timer@3.0.1 OK for: victory-vendor@37.3.6 want: ^3.0.1
3825 silly fetch manifest @types/d3-color@*
3826 silly packumentCache full:https://registry.npmjs.org/@types%2fd3-color cache-miss
3827 silly fetch manifest @types/d3-time@*
3828 silly packumentCache full:https://registry.npmjs.org/@types%2fd3-time cache-miss
3829 silly fetch manifest @types/d3-path@*
3830 silly packumentCache full:https://registry.npmjs.org/@types%2fd3-path cache-miss
3831 silly fetch manifest internmap@1 - 2
3832 silly packumentCache full:https://registry.npmjs.org/internmap cache-miss
3833 silly fetch manifest d3-color@1 - 3
3834 silly packumentCache full:https://registry.npmjs.org/d3-color cache-miss
3835 silly fetch manifest d3-format@1 - 3
3836 silly packumentCache full:https://registry.npmjs.org/d3-format cache-miss
3837 silly fetch manifest d3-time@2.1.1 - 3
3838 silly packumentCache full:https://registry.npmjs.org/d3-time cache-miss
3839 silly fetch manifest d3-time-format@2 - 4
3840 silly packumentCache full:https://registry.npmjs.org/d3-time-format cache-miss
3841 silly fetch manifest d3-path@^3.1.0
3842 silly packumentCache full:https://registry.npmjs.org/d3-path cache-miss
3843 http cache https://registry.npmjs.org/@types%2fd3-time 3ms (cache hit)
3844 silly packumentCache full:https://registry.npmjs.org/@types%2fd3-time set size:52652 disposed:false
3845 http cache https://registry.npmjs.org/d3-time 3ms (cache hit)
3846 silly packumentCache full:https://registry.npmjs.org/d3-time set size:150406 disposed:false
3847 http fetch GET 200 https://registry.npmjs.org/d3-color 85ms (cache miss)
3848 silly packumentCache full:https://registry.npmjs.org/d3-color set size:undefined disposed:false
3849 http fetch GET 200 https://registry.npmjs.org/d3-path 86ms (cache miss)
3850 silly packumentCache full:https://registry.npmjs.org/d3-path set size:undefined disposed:false
3851 http fetch GET 200 https://registry.npmjs.org/@types%2fd3-color 87ms (cache miss)
3852 silly packumentCache full:https://registry.npmjs.org/@types%2fd3-color set size:undefined disposed:false
3853 http fetch GET 200 https://registry.npmjs.org/@types%2fd3-path 88ms (cache miss)
3854 silly packumentCache full:https://registry.npmjs.org/@types%2fd3-path set size:undefined disposed:false
3855 http fetch GET 200 https://registry.npmjs.org/d3-time-format 89ms (cache miss)
3856 silly packumentCache full:https://registry.npmjs.org/d3-time-format set size:undefined disposed:false
3857 http fetch GET 200 https://registry.npmjs.org/d3-format 179ms (cache miss)
3858 silly packumentCache full:https://registry.npmjs.org/d3-format set size:undefined disposed:false
3859 http fetch GET 200 https://registry.npmjs.org/internmap 348ms (cache miss)
3860 silly packumentCache full:https://registry.npmjs.org/internmap set size:undefined disposed:false
3861 silly placeDep ROOT @types/d3-color@3.1.3 OK for: @types/d3-interpolate@3.0.4 want: *
3862 silly placeDep ROOT @types/d3-path@3.1.1 OK for: @types/d3-shape@3.1.8 want: *
3863 silly placeDep ROOT internmap@2.0.3 OK for: d3-array@3.2.4 want: 1 - 2
3864 silly placeDep ROOT d3-color@3.1.0 OK for: d3-interpolate@3.0.1 want: 1 - 3
3865 silly placeDep ROOT d3-format@3.1.2 OK for: d3-scale@4.0.2 want: 1 - 3
3866 silly placeDep ROOT d3-time-format@4.1.0 OK for: d3-scale@4.0.2 want: 2 - 4
3867 silly placeDep ROOT d3-path@3.1.0 OK for: d3-shape@3.2.0 want: ^3.1.0
3868 silly placeDep ROOT isexe@2.0.0 OK for: which@2.0.2 want: ^2.0.0
3869 silly placeDep ROOT is-bigint@1.1.0 OK for: which-boxed-primitive@1.1.1 want: ^1.1.0
3870 silly placeDep ROOT is-boolean-object@1.2.2 OK for: which-boxed-primitive@1.1.1 want: ^1.2.1
3871 silly placeDep ROOT is-number-object@1.1.1 OK for: which-boxed-primitive@1.1.1 want: ^1.1.1
3872 silly placeDep ROOT is-async-function@2.1.1 OK for: which-builtin-type@1.2.1 want: ^2.0.0
3873 silly placeDep ROOT is-finalizationregistry@1.1.1 OK for: which-builtin-type@1.2.1 want: ^1.1.0
3874 silly placeDep ROOT is-generator-function@1.1.2 OK for: which-builtin-type@1.2.1 want: ^1.0.10
3875 silly placeDep ROOT which-collection@1.0.2 OK for: which-builtin-type@1.2.1 want: ^1.0.2
3876 silly fetch manifest async-function@^1.0.0
3877 silly packumentCache full:https://registry.npmjs.org/async-function cache-miss
3878 silly fetch manifest generator-function@^2.0.0
3879 silly packumentCache full:https://registry.npmjs.org/generator-function cache-miss
3880 silly fetch manifest is-map@^2.0.3
3881 silly packumentCache full:https://registry.npmjs.org/is-map cache-miss
3882 silly fetch manifest is-weakmap@^2.0.2
3883 silly packumentCache full:https://registry.npmjs.org/is-weakmap cache-miss
3884 silly fetch manifest is-weakset@^2.0.3
3885 silly packumentCache full:https://registry.npmjs.org/is-weakset cache-miss
3886 http fetch GET 200 https://registry.npmjs.org/generator-function 75ms (cache miss)
3887 silly packumentCache full:https://registry.npmjs.org/generator-function set size:undefined disposed:false
3888 http fetch GET 200 https://registry.npmjs.org/is-weakmap 75ms (cache miss)
3889 silly packumentCache full:https://registry.npmjs.org/is-weakmap set size:undefined disposed:false
3890 http fetch GET 200 https://registry.npmjs.org/is-weakset 75ms (cache miss)
3891 silly packumentCache full:https://registry.npmjs.org/is-weakset set size:undefined disposed:false
3892 http fetch GET 200 https://registry.npmjs.org/async-function 76ms (cache miss)
3893 silly packumentCache full:https://registry.npmjs.org/async-function set size:undefined disposed:false
3894 http fetch GET 200 https://registry.npmjs.org/is-map 75ms (cache miss)
3895 silly packumentCache full:https://registry.npmjs.org/is-map set size:undefined disposed:false
3896 silly placeDep ROOT async-function@1.0.0 OK for: is-async-function@2.1.1 want: ^1.0.0
3897 silly placeDep ROOT generator-function@2.0.1 OK for: is-generator-function@1.1.2 want: ^2.0.0
3898 silly placeDep ROOT is-map@2.0.3 OK for: which-collection@1.0.2 want: ^2.0.3
3899 silly placeDep ROOT is-weakmap@2.0.2 OK for: which-collection@1.0.2 want: ^2.0.2
3900 silly placeDep ROOT is-weakset@2.0.4 OK for: which-collection@1.0.2 want: ^2.0.3
3901 silly placeDep ROOT is-wsl@3.1.1 OK for: wsl-utils@0.3.1 want: ^3.1.0
3902 silly placeDep node_modules/@dotenvx/dotenvx get-stream@6.0.1 OK for: execa@5.1.1 want: ^6.0.0
3903 silly placeDep node_modules/@dotenvx/dotenvx human-signals@2.1.0 OK for: execa@5.1.1 want: ^2.1.0
3904 silly placeDep node_modules/@dotenvx/dotenvx is-stream@2.0.1 OK for: execa@5.1.1 want: ^2.0.0
3905 silly placeDep ROOT merge-stream@2.0.0 OK for: execa@5.1.1 want: ^2.0.0
3906 silly placeDep node_modules/@dotenvx/dotenvx npm-run-path@4.0.1 OK for: execa@5.1.1 want: ^4.0.1
3907 silly placeDep node_modules/@dotenvx/dotenvx signal-exit@3.0.7 OK for: execa@5.1.1 want: ^3.0.3
3908 silly placeDep node_modules/@dotenvx/dotenvx strip-final-newline@2.0.0 OK for: execa@5.1.1 want: ^2.0.0
3909 silly placeDep node_modules/@dotenvx/dotenvx define-lazy-prop@2.0.0 OK for: open@8.4.2 want: ^2.0.0
3910 silly placeDep node_modules/@dotenvx/dotenvx is-docker@2.2.1 OK for: open@8.4.2 want: ^2.1.1
3911 silly placeDep node_modules/@dotenvx/dotenvx is-wsl@2.2.0 OK for: open@8.4.2 want: ^2.2.0
3912 silly placeDep node_modules/@dotenvx/dotenvx isexe@3.1.5 OK for: which@4.0.0 want: ^3.1.1
3913 silly placeDep ROOT fast-uri@3.1.5 OK for: ajv@8.20.0 want: ^3.0.1
3914 silly placeDep node_modules/@modelcontextprotocol/sdk json-schema-traverse@1.0.0 OK for: ajv@8.20.0 want: ^1.0.0
3915 silly placeDep ROOT require-from-string@2.0.2 OK for: ajv@8.20.0 want: ^2.0.2
3916 silly placeDep node_modules/@ts-morph/common glob-parent@5.1.2 OK for: fast-glob@3.3.3 want: ^5.1.2
3917 silly placeDep node_modules/@ts-morph/common brace-expansion@5.0.9 OK for: minimatch@10.2.6 want: ^5.0.8
3918 silly fetch manifest balanced-match@^4.0.2
3919 silly packumentCache full:https://registry.npmjs.org/balanced-match cache-miss
3920 http cache https://registry.npmjs.org/balanced-match 1ms (cache hit)
3921 silly packumentCache full:https://registry.npmjs.org/balanced-match set size:39082 disposed:false
3922 silly placeDep node_modules/@ts-morph/common balanced-match@4.0.4 OK for: brace-expansion@5.0.9 want: ^4.0.2
3923 silly placeDep node_modules/@typescript-eslint/typescript-estree brace-expansion@5.0.9 OK for: minimatch@10.2.6 want: ^5.0.8
3924 silly placeDep node_modules/@typescript-eslint/typescript-estree balanced-match@4.0.4 OK for: brace-expansion@5.0.9 want: ^4.0.2
3925 silly placeDep node_modules/ajv-formats json-schema-traverse@1.0.0 OK for: ajv@8.20.0 want: ^1.0.0
3926 silly placeDep node_modules/conf json-schema-traverse@1.0.0 OK for: ajv@8.20.0 want: ^1.0.0
3927 silly placeDep node_modules/ora ansi-regex@6.2.2 OK for: strip-ansi@7.2.0 want: ^6.2.2
3928 silly placeDep node_modules/pkg-up locate-path@3.0.0 OK for: find-up@3.0.0 want: ^3.0.0
3929 silly fetch manifest p-locate@^3.0.0
3930 silly packumentCache full:https://registry.npmjs.org/p-locate cache-miss
3931 silly fetch manifest path-exists@^3.0.0
3932 silly packumentCache full:https://registry.npmjs.org/path-exists cache-miss
3933 http cache https://registry.npmjs.org/path-exists 1ms (cache hit)
3934 silly packumentCache full:https://registry.npmjs.org/path-exists set size:13704 disposed:false
3935 http cache https://registry.npmjs.org/p-locate 2ms (cache hit)
3936 silly packumentCache full:https://registry.npmjs.org/p-locate set size:22488 disposed:false
3937 silly placeDep node_modules/pkg-up p-locate@3.0.0 OK for: locate-path@3.0.0 want: ^3.0.0
3938 silly placeDep node_modules/pkg-up path-exists@3.0.0 OK for: locate-path@3.0.0 want: ^3.0.0
3939 silly fetch manifest p-limit@^2.0.0
3940 silly packumentCache full:https://registry.npmjs.org/p-limit cache-miss
3941 http cache https://registry.npmjs.org/p-limit 1ms (cache hit)
3942 silly packumentCache full:https://registry.npmjs.org/p-limit set size:63850 disposed:false
3943 silly placeDep node_modules/pkg-up p-limit@2.3.0 OK for: p-locate@3.0.0 want: ^2.0.0
3944 silly fetch manifest p-try@^2.0.0
3945 silly packumentCache full:https://registry.npmjs.org/p-try cache-miss
3946 http fetch GET 200 https://registry.npmjs.org/p-try 61ms (cache miss)
3947 silly packumentCache full:https://registry.npmjs.org/p-try set size:undefined disposed:false
3948 silly placeDep ROOT p-try@2.2.0 OK for: p-limit@2.3.0 want: ^2.0.0
3949 silly placeDep ROOT mimic-function@5.0.1 OK for: onetime@7.0.0 want: ^5.0.0
3950 silly placeDep node_modules/shadcn glob-parent@5.1.2 OK for: fast-glob@3.3.3 want: ^5.1.2
3951 silly placeDep node_modules/string-width ansi-regex@6.2.2 OK for: strip-ansi@7.2.0 want: ^6.2.2
3952 silly reify moves {}
3953 silly audit bulk request {
3953 silly audit   '@base-ui/react': [ '1.7.0' ],
3953 silly audit   react: [ '19.2.4' ],
3953 silly audit   'react-dom': [ '19.2.4' ],
3953 silly audit   '@tailwindcss/postcss': [ '4.3.3' ],
3953 silly audit   '@types/node': [ '20.19.43' ],
3953 silly audit   '@types/react': [ '19.2.18' ],
3953 silly audit   '@types/react-dom': [ '19.2.4' ],
3953 silly audit   'class-variance-authority': [ '0.7.1' ],
3953 silly audit   clsx: [ '2.1.1' ],
3953 silly audit   eslint: [ '9.39.5' ],
3953 silly audit   'eslint-config-next': [ '16.2.12' ],
3953 silly audit   'framer-motion': [ '12.43.0' ],
3953 silly audit   'lucide-react': [ '1.31.0' ],
3953 silly audit   next: [ '16.2.12' ],
3953 silly audit   'next-themes': [ '0.4.6' ],
3953 silly audit   recharts: [ '3.10.1' ],
3953 silly audit   'react-is': [ '19.2.8', '16.13.1' ],
3953 silly audit   shadcn: [ '4.16.2' ],
3953 silly audit   'tailwind-merge': [ '3.6.0' ],
3953 silly audit   tailwindcss: [ '4.3.3' ],
3953 silly audit   'tw-animate-css': [ '1.4.0' ],
3953 silly audit   typescript: [ '5.9.3' ],
3953 silly audit   '@babel/runtime': [ '7.29.7' ],
3953 silly audit   '@base-ui/utils': [ '0.3.2' ],
3953 silly audit   '@floating-ui/react-dom': [ '2.1.9' ],
3953 silly audit   '@floating-ui/utils': [ '0.2.12' ],
3953 silly audit   'use-sync-external-store': [ '1.6.0' ],
3953 silly audit   reselect: [ '5.2.0' ],
3953 silly audit   '@floating-ui/dom': [ '1.8.0' ],
3953 silly audit   '@floating-ui/core': [ '1.8.0' ],
3953 silly audit   '@alloc/quick-lru': [ '5.2.0' ],
3953 silly audit   '@tailwindcss/node': [ '4.3.3' ],
3953 silly audit   '@tailwindcss/oxide': [ '4.3.3' ],
3953 silly audit   postcss: [ '8.5.26', '8.4.31' ],
3953 silly audit   '@jridgewell/remapping': [ '2.3.5' ],
3953 silly audit   'enhanced-resolve': [ '5.24.5' ],
3953 silly audit   jiti: [ '2.7.0' ],
3953 silly audit   lightningcss: [ '1.32.0' ],
3953 silly audit   'magic-string': [ '0.30.21' ],
3953 silly audit   'source-map-js': [ '1.2.1' ],
3953 silly audit   '@jridgewell/gen-mapping': [ '0.3.13' ],
3953 silly audit   '@jridgewell/trace-mapping': [ '0.3.31' ],
3953 silly audit   '@jridgewell/sourcemap-codec': [ '1.5.5' ],
3953 silly audit   '@jridgewell/resolve-uri': [ '3.1.2' ],
3953 silly audit   '@tailwindcss/oxide-android-arm64': [ '4.3.3' ],
3953 silly audit   '@tailwindcss/oxide-darwin-arm64': [ '4.3.3' ],
3953 silly audit   '@tailwindcss/oxide-darwin-x64': [ '4.3.3' ],
3953 silly audit   '@tailwindcss/oxide-freebsd-x64': [ '4.3.3' ],
3953 silly audit   '@tailwindcss/oxide-linux-arm-gnueabihf': [ '4.3.3' ],
3953 silly audit   '@tailwindcss/oxide-linux-arm64-gnu': [ '4.3.3' ],
3953 silly audit   '@tailwindcss/oxide-linux-arm64-musl': [ '4.3.3' ],
3953 silly audit   '@tailwindcss/oxide-linux-x64-gnu': [ '4.3.3' ],
3953 silly audit   '@tailwindcss/oxide-linux-x64-musl': [ '4.3.3' ],
3953 silly audit   '@tailwindcss/oxide-wasm32-wasi': [ '4.3.3' ],
3953 silly audit   '@tailwindcss/oxide-win32-arm64-msvc': [ '4.3.3' ],
3953 silly audit   '@tailwindcss/oxide-win32-x64-msvc': [ '4.3.3' ],
3953 silly audit   'undici-types': [ '6.21.0' ],
3953 silly audit   csstype: [ '3.2.3' ],
3953 silly audit   'graceful-fs': [ '4.2.11' ],
3953 silly audit   tapable: [ '2.3.3' ],
3953 silly audit   '@eslint-community/eslint-utils': [ '4.10.1' ],
3953 silly audit   '@eslint-community/regexpp': [ '4.12.2' ],
3953 silly audit   '@eslint/config-array': [ '0.21.2' ],
3953 silly audit   '@eslint/config-helpers': [ '0.4.2' ],
3953 silly audit   '@eslint/core': [ '0.17.0' ],
3953 silly audit   '@eslint/eslintrc': [ '3.3.6' ],
3953 silly audit   '@eslint/js': [ '9.39.5' ],
3953 silly audit   '@eslint/plugin-kit': [ '0.4.1' ],
3953 silly audit   '@humanfs/node': [ '0.16.8' ],
3953 silly audit   '@humanwhocodes/module-importer': [ '1.0.1' ],
3953 silly audit   '@humanwhocodes/retry': [ '0.4.3' ],
3953 silly audit   '@types/estree': [ '1.0.9' ],
3953 silly audit   ajv: [ '6.15.0', '8.20.0' ],
3953 silly audit   chalk: [ '4.1.2', '5.6.2' ],
3953 silly audit   'cross-spawn': [ '7.0.6' ],
3953 silly audit   debug: [ '4.4.3', '3.2.7' ],
3953 silly audit   'escape-string-regexp': [ '4.0.0' ],
3953 silly audit   'eslint-scope': [ '8.4.0' ],
3953 silly audit   'eslint-visitor-keys': [ '4.2.1', '3.4.3', '5.0.1' ],
3953 silly audit   espree: [ '10.4.0' ],
3953 silly audit   esquery: [ '1.7.0' ],
3953 silly audit   esutils: [ '2.0.3' ],
3953 silly audit   'fast-deep-equal': [ '3.1.3' ],
3953 silly audit   'file-entry-cache': [ '8.0.0' ],
3953 silly audit   'find-up': [ '5.0.0', '3.0.0' ],
3953 silly audit   'glob-parent': [ '6.0.2', '5.1.2' ],
3953 silly audit   ignore: [ '5.3.2', '7.0.6' ],
3953 silly audit   imurmurhash: [ '0.1.4' ],
3953 silly audit   'is-glob': [ '4.0.3' ],
3953 silly audit   'json-stable-stringify-without-jsonify': [ '1.0.1' ],
3953 silly audit   'lodash.merge': [ '4.6.2' ],
3953 silly audit   minimatch: [ '3.1.5', '10.2.6' ],
3953 silly audit   'natural-compare': [ '1.4.0' ],
3953 silly audit   optionator: [ '0.9.4' ],
3953 silly audit   '@eslint/object-schema': [ '2.1.7' ],
3953 silly audit   '@types/json-schema': [ '7.0.15' ],
3953 silly audit   globals: [ '14.0.0', '16.4.0' ],
3953 silly audit   'import-fresh': [ '3.3.1' ],
3953 silly audit   'js-yaml': [ '4.3.1' ],
3953 silly audit   'strip-json-comments': [ '3.1.1' ],
3953 silly audit   levn: [ '0.4.1' ],
3953 silly audit   '@humanfs/core': [ '0.19.2' ],
3953 silly audit   '@humanfs/types': [ '0.15.0' ],
3953 silly audit   'fast-json-stable-stringify': [ '2.1.0' ],
3953 silly audit   'json-schema-traverse': [ '0.4.1', '1.0.0' ],
3953 silly audit   'uri-js': [ '4.4.1' ],
3953 silly audit   'ansi-styles': [ '4.3.0' ],
3953 silly audit   'supports-color': [ '7.2.0' ],
3953 silly audit   'color-convert': [ '2.0.1' ],
3953 silly audit   'color-name': [ '1.1.4' ],
3953 silly audit   'path-key': [ '3.1.1', '4.0.0' ],
3953 silly audit   'shebang-command': [ '2.0.0' ],
3953 silly audit   which: [ '2.0.2', '4.0.0' ],
3953 silly audit   ms: [ '2.1.3' ],
3953 silly audit   '@next/eslint-plugin-next': [ '16.2.12' ],
3953 silly audit   'eslint-import-resolver-node': [ '0.3.10' ],
3953 silly audit   'eslint-import-resolver-typescript': [ '3.10.1' ],
3953 silly audit   'eslint-plugin-import': [ '2.32.0' ],
3953 silly audit   'eslint-plugin-jsx-a11y': [ '6.10.2' ],
3953 silly audit   'eslint-plugin-react': [ '7.37.5' ],
3953 silly audit   'eslint-plugin-react-hooks': [ '7.1.1' ],
3953 silly audit   'typescript-eslint': [ '8.67.0' ],
3953 silly audit   'fast-glob': [ '3.3.1', '3.3.3' ],
3953 silly audit   'is-core-module': [ '2.16.2' ],
3953 silly audit   resolve: [ '2.0.0-next.7' ],
3953 silly audit   '@nolyfill/is-core-module': [ '1.0.39' ],
3953 silly audit   'get-tsconfig': [ '4.14.1' ],
3953 silly audit   'is-bun-module': [ '2.0.0' ],
3953 silly audit   'stable-hash': [ '0.0.5' ],
3953 silly audit   tinyglobby: [ '0.2.17' ],
3953 silly audit   'unrs-resolver': [ '1.12.2' ],
3953 silly audit   '@rtsao/scc': [ '1.1.0' ],
3953 silly audit   'array-includes': [ '3.1.9' ],
3953 silly audit   'array.prototype.findlastindex': [ '1.2.6' ],
3953 silly audit   'array.prototype.flat': [ '1.3.3' ],
3953 silly audit   'array.prototype.flatmap': [ '1.3.3' ],
3953 silly audit   doctrine: [ '2.1.0' ],
3953 silly audit   'eslint-module-utils': [ '2.14.0' ],
3953 silly audit   hasown: [ '2.0.4' ],
3953 silly audit   'object.fromentries': [ '2.0.8' ],
3953 silly audit   'object.groupby': [ '1.0.3' ],
3953 silly audit   'object.values': [ '1.2.1' ],
3953 silly audit   semver: [ '6.3.1', '7.8.5' ],
3953 silly audit   'string.prototype.trimend': [ '1.0.10' ],
3953 silly audit   'tsconfig-paths': [ '3.15.0', '4.2.0' ],
3953 silly audit   'call-bind': [ '1.0.9' ],
3953 silly audit   'call-bound': [ '1.0.4' ],
3953 silly audit   'define-properties': [ '1.2.1' ],
3953 silly audit   'es-abstract': [ '1.24.2' ],
3953 silly audit   'es-object-atoms': [ '1.1.2' ],
3953 silly audit   'get-intrinsic': [ '1.3.0' ],
3953 silly audit   'is-string': [ '1.1.1' ],
3953 silly audit   'math-intrinsics': [ '1.1.0' ],
3953 silly audit   'es-errors': [ '1.3.0' ],
3953 silly audit   'es-shim-unscopables': [ '1.1.0' ],
3953 silly audit   'call-bind-apply-helpers': [ '1.0.2' ],
3953 silly audit   'es-define-property': [ '1.0.1' ],
3953 silly audit   'set-function-length': [ '1.2.2' ],
3953 silly audit   'function-bind': [ '1.1.2' ],
3953 silly audit   'define-data-property': [ '1.1.4' ],
3953 silly audit   'has-property-descriptors': [ '1.0.2' ],
3953 silly audit   'object-keys': [ '1.1.1' ],
3953 silly audit   gopd: [ '1.2.0' ],
3953 silly audit   'array-buffer-byte-length': [ '1.0.2' ],
3953 silly audit   'arraybuffer.prototype.slice': [ '1.0.4' ],
3953 silly audit   'available-typed-arrays': [ '1.0.7' ],
3953 silly audit   'data-view-buffer': [ '1.0.2' ],
3953 silly audit   'data-view-byte-length': [ '1.0.2' ],
3953 silly audit   'data-view-byte-offset': [ '1.0.1' ],
3953 silly audit   'es-set-tostringtag': [ '2.1.0' ],
3953 silly audit   'es-to-primitive': [ '1.3.4' ],
3953 silly audit   'function.prototype.name': [ '1.2.0' ],
3953 silly audit   'get-proto': [ '1.0.1' ],
3953 silly audit   'get-symbol-description': [ '1.1.0' ],
3953 silly audit   globalthis: [ '1.0.4' ],
3953 silly audit   'has-proto': [ '1.2.0' ],
3953 silly audit   'has-symbols': [ '1.1.0' ],
3953 silly audit   'internal-slot': [ '1.1.0' ],
3953 silly audit   'is-array-buffer': [ '3.0.5' ],
3953 silly audit   'is-callable': [ '1.2.7' ],
3953 silly audit   'is-data-view': [ '1.0.2' ],
3953 silly audit   'is-negative-zero': [ '2.0.3' ],
3953 silly audit   'is-regex': [ '1.2.1' ],
3953 silly audit   'is-set': [ '2.0.3' ],
3953 silly audit   'is-shared-array-buffer': [ '1.0.4' ],
3953 silly audit   'is-typed-array': [ '1.1.15' ],
3953 silly audit   'is-weakref': [ '1.1.1' ],
3953 silly audit   'object-inspect': [ '1.13.4' ],
3953 silly audit   'object.assign': [ '4.1.7' ],
3953 silly audit   'own-keys': [ '1.0.2' ],
3953 silly audit   'regexp.prototype.flags': [ '1.5.4' ],
3953 silly audit   'safe-array-concat': [ '1.1.4' ],
3953 silly audit   'safe-push-apply': [ '1.0.0' ],
3953 silly audit   'safe-regex-test': [ '1.1.0' ],
3953 silly audit   'set-proto': [ '1.0.0' ],
3953 silly audit   'stop-iteration-iterator': [ '1.1.0' ],
3953 silly audit   'string.prototype.trim': [ '1.2.11' ],
3953 silly audit   'string.prototype.trimstart': [ '1.0.8' ],
3953 silly audit   'typed-array-buffer': [ '1.0.3' ],
3953 silly audit   'typed-array-byte-length': [ '1.0.3' ],
3953 silly audit   'typed-array-byte-offset': [ '1.0.4' ],
3953 silly audit   'typed-array-length': [ '1.0.8' ],
3953 silly audit   'unbox-primitive': [ '1.1.0' ],
3953 silly audit   'which-typed-array': [ '1.1.22' ],
3953 silly audit   'possible-typed-array-names': [ '1.1.0' ],
3953 silly audit   'has-tostringtag': [ '1.0.2' ],
3953 silly audit   'es-abstract-get': [ '1.0.0' ],
3953 silly audit   'is-date-object': [ '1.1.0' ],
3953 silly audit   'is-symbol': [ '1.1.1' ],
3953 silly audit   'aria-query': [ '5.3.2' ],
3953 silly audit   'ast-types-flow': [ '0.0.8' ],
3953 silly audit   'axe-core': [ '4.13.0' ],
3953 silly audit   'axobject-query': [ '4.1.0' ],
3953 silly audit   'damerau-levenshtein': [ '1.0.8' ],
3953 silly audit   'emoji-regex': [ '9.2.2', '10.6.0' ],
3953 silly audit   'jsx-ast-utils': [ '3.3.5' ],
3953 silly audit   'language-tags': [ '1.0.9' ],
3953 silly audit   'string.prototype.includes': [ '2.0.1' ],
3953 silly audit   'array.prototype.findlast': [ '1.2.5' ],
3953 silly audit   'array.prototype.tosorted': [ '1.1.4' ],
3953 silly audit   'es-iterator-helpers': [ '1.4.0' ],
3953 silly audit   estraverse: [ '5.3.0' ],
3953 silly audit   'object.entries': [ '1.1.9' ],
3953 silly audit   'prop-types': [ '15.8.1' ],
3953 silly audit   'string.prototype.matchall': [ '4.0.12' ],
3953 silly audit   'string.prototype.repeat': [ '1.0.0' ],
3953 silly audit   'iterator.prototype': [ '1.1.5' ],
3953 silly audit   '@babel/core': [ '7.29.7' ],
3953 silly audit   '@babel/parser': [ '7.29.8' ],
3953 silly audit   'hermes-parser': [ '0.25.1' ],
3953 silly audit   zod: [ '4.4.3', '3.25.76' ],
3953 silly audit   'zod-validation-error': [ '4.0.2' ],
3953 silly audit   '@babel/code-frame': [ '7.29.7' ],
3953 silly audit   '@babel/generator': [ '7.29.8' ],
3953 silly audit   '@babel/helper-compilation-targets': [ '7.29.7' ],
3953 silly audit   '@babel/helper-module-transforms': [ '7.29.7' ],
3953 silly audit   '@babel/helpers': [ '7.29.7' ],
3953 silly audit   '@babel/template': [ '7.29.7' ],
3953 silly audit   '@babel/traverse': [ '7.29.8' ],
3953 silly audit   '@babel/types': [ '7.29.8' ],
3953 silly audit   'convert-source-map': [ '2.0.0' ],
3953 silly audit   gensync: [ '1.0.0-beta.2' ],
3953 silly audit   json5: [ '2.2.3', '1.0.2' ],
3953 silly audit   '@babel/helper-validator-identifier': [ '7.29.7' ],
3953 silly audit   'js-tokens': [ '4.0.0' ],
3953 silly audit   picocolors: [ '1.1.1' ],
3953 silly audit   jsesc: [ '3.1.0' ],
3953 silly audit   '@babel/compat-data': [ '7.29.7' ],
3953 silly audit   '@babel/helper-validator-option': [ '7.29.7' ],
3953 silly audit   browserslist: [ '4.28.8' ],
3953 silly audit   'lru-cache': [ '5.1.1' ],
3953 silly audit   '@babel/helper-module-imports': [ '7.29.7' ],
3953 silly audit   '@babel/helper-globals': [ '7.29.7' ],
3953 silly audit   '@babel/helper-string-parser': [ '7.29.7' ],
3953 silly audit   'baseline-browser-mapping': [ '2.11.13' ],
3953 silly audit   'caniuse-lite': [ '1.0.30001809' ],
3953 silly audit   'electron-to-chromium': [ '1.5.404' ],
3953 silly audit   'node-releases': [ '2.0.53' ],
3953 silly audit   'update-browserslist-db': [ '1.3.1' ],
3953 silly audit   esrecurse: [ '4.3.0' ],
3953 silly audit   acorn: [ '8.18.0' ],
3953 silly audit   'acorn-jsx': [ '5.3.2' ],
3953 silly audit   '@nodelib/fs.stat': [ '2.0.5' ],
3953 silly audit   '@nodelib/fs.walk': [ '1.2.8' ],
3953 silly audit   merge2: [ '1.4.1' ],
3953 silly audit   micromatch: [ '4.0.8' ],
3953 silly audit   '@nodelib/fs.scandir': [ '2.1.5' ],
3953 silly audit   fastq: [ '1.20.1' ],
3953 silly audit   'run-parallel': [ '1.2.0' ],
3953 silly audit   reusify: [ '1.1.0' ],
3953 silly audit   'flat-cache': [ '4.0.1' ],
3953 silly audit   'locate-path': [ '6.0.0', '3.0.0' ],
3953 silly audit   'path-exists': [ '4.0.0', '3.0.0' ],
3953 silly audit   flatted: [ '3.4.4' ],
3953 silly audit   keyv: [ '4.5.4' ],
3953 silly audit   'motion-dom': [ '12.43.0' ],
3953 silly audit   'motion-utils': [ '12.39.0' ],
3953 silly audit   tslib: [ '2.8.1' ],
3953 silly audit   'functions-have-names': [ '1.2.3' ],
3953 silly audit   'is-document.all': [ '1.0.0' ],
3953 silly audit   'dunder-proto': [ '1.0.1' ],
3953 silly audit   'resolve-pkg-maps': [ '1.0.0' ],
3953 silly audit   'hermes-estree': [ '0.25.1' ],
3953 silly audit   'parent-module': [ '1.0.1' ],
3953 silly audit   'resolve-from': [ '4.0.0' ],
3953 silly audit   'side-channel': [ '1.1.1' ],
3953 silly audit   'is-extglob': [ '2.1.1' ],
3953 silly audit   'set-function-name': [ '2.0.2' ],
3953 silly audit   argparse: [ '2.0.1' ],
3953 silly audit   'json-buffer': [ '3.0.1' ],
3953 silly audit   'language-subtag-registry': [ '0.3.23' ],
3953 silly audit   'prelude-ls': [ '1.2.1' ],
3953 silly audit   'type-check': [ '0.4.0' ],
3953 silly audit   'detect-libc': [ '2.1.2' ],
3953 silly audit   'lightningcss-android-arm64': [ '1.32.0' ],
3953 silly audit   'lightningcss-darwin-arm64': [ '1.32.0' ],
3953 silly audit   'lightningcss-darwin-x64': [ '1.32.0' ],
3953 silly audit   'lightningcss-freebsd-x64': [ '1.32.0' ],
3953 silly audit   'lightningcss-linux-arm-gnueabihf': [ '1.32.0' ],
3953 silly audit   'lightningcss-linux-arm64-gnu': [ '1.32.0' ],
3953 silly audit   'lightningcss-linux-arm64-musl': [ '1.32.0' ],
3953 silly audit   'lightningcss-linux-x64-gnu': [ '1.32.0' ],
3953 silly audit   'lightningcss-linux-x64-musl': [ '1.32.0' ],
3953 silly audit   'lightningcss-win32-arm64-msvc': [ '1.32.0' ],
3953 silly audit   'lightningcss-win32-x64-msvc': [ '1.32.0' ],
3953 silly audit   'p-locate': [ '5.0.0', '3.0.0' ],
3953 silly audit   yallist: [ '3.1.1' ],
3953 silly audit   braces: [ '3.0.3' ],
3953 silly audit   picomatch: [ '2.3.2', '4.0.5' ],
3953 silly audit   'fill-range': [ '7.1.1' ],
3953 silly audit   'to-regex-range': [ '5.0.1' ],
3953 silly audit   'brace-expansion': [ '1.1.18', '5.0.9' ],
3953 silly audit   'balanced-match': [ '1.0.2', '4.0.4' ],
3953 silly audit   'concat-map': [ '0.0.1' ],
3953 silly audit   '@next/env': [ '16.2.12' ],
3953 silly audit   '@next/swc-darwin-arm64': [ '16.2.12' ],
3953 silly audit   '@next/swc-darwin-x64': [ '16.2.12' ],
3953 silly audit   '@next/swc-linux-arm64-gnu': [ '16.2.12' ],
3953 silly audit   '@next/swc-linux-arm64-musl': [ '16.2.12' ],
3953 silly audit   '@next/swc-linux-x64-gnu': [ '16.2.12' ],
3953 silly audit   '@next/swc-linux-x64-musl': [ '16.2.12' ],
3953 silly audit   '@next/swc-win32-arm64-msvc': [ '16.2.12' ],
3953 silly audit   '@next/swc-win32-x64-msvc': [ '16.2.12' ],
3953 silly audit   '@swc/helpers': [ '0.5.15' ],
3953 silly audit   sharp: [ '0.34.5' ],
3953 silly audit   'styled-jsx': [ '5.1.6' ],
3953 silly audit   'deep-is': [ '0.1.4' ],
3953 silly audit   'fast-levenshtein': [ '2.0.6' ],
3953 silly audit   'word-wrap': [ '1.2.5' ],
3953 silly audit   'p-limit': [ '3.1.0', '2.3.0' ],
3953 silly audit   'yocto-queue': [ '0.1.0' ],
3953 silly audit   callsites: [ '3.1.0' ],
3953 silly audit   nanoid: [ '3.3.18' ],
3953 silly audit   'loose-envify': [ '1.4.0' ],
3953 silly audit   'object-assign': [ '4.1.1' ],
3953 silly audit   scheduler: [ '0.27.0' ],
3953 silly audit   '@reduxjs/toolkit': [ '2.12.0' ],
3953 silly audit   'decimal.js-light': [ '2.5.1' ],
3953 silly audit   'es-toolkit': [ '1.50.0' ],
3953 silly audit   eventemitter3: [ '5.0.4' ],
3953 silly audit   immer: [ '11.1.16' ],
3953 silly audit   'react-redux': [ '9.3.0' ],
3953 silly audit   'tiny-invariant': [ '1.3.3' ],
3953 silly audit   'victory-vendor': [ '37.3.6' ],
3953 silly audit   '@standard-schema/spec': [ '1.1.0' ],
3953 silly audit   '@standard-schema/utils': [ '0.3.0' ],
3953 silly audit   redux: [ '5.0.1' ],
3953 silly audit   'redux-thunk': [ '3.1.0' ],
3953 silly audit   '@types/use-sync-external-store': [ '0.0.6' ],
3953 silly audit   'node-exports-info': [ '1.6.2' ],
3953 silly audit   'path-parse': [ '1.0.7' ],
3953 silly audit   'supports-preserve-symlinks-flag': [ '1.0.0' ],
3953 silly audit   'queue-microtask': [ '1.2.3' ],
3953 silly audit   isarray: [ '2.0.5' ],
3953 silly audit   '@babel/plugin-transform-typescript': [ '7.29.7' ],
3953 silly audit   '@babel/preset-typescript': [ '7.29.7' ],
3953 silly audit   '@dotenvx/dotenvx': [ '1.75.1' ],
3953 silly audit   '@modelcontextprotocol/sdk': [ '1.30.0' ],
3953 silly audit   '@types/validate-npm-package-name': [ '4.0.2' ],
3953 silly audit   commander: [ '14.0.3', '11.1.0' ],
3953 silly audit   cosmiconfig: [ '9.0.2' ],
3953 silly audit   dedent: [ '1.7.2' ],
3953 silly audit   deepmerge: [ '4.3.1' ],
3953 silly audit   diff: [ '8.0.4' ],
3953 silly audit   execa: [ '9.6.1', '5.1.1' ],
3953 silly audit   'fs-extra': [ '11.4.0' ],
3953 silly audit   fuzzysort: [ '3.1.0' ],
3953 silly audit   kleur: [ '4.1.5', '3.0.3' ],
3953 silly audit   open: [ '11.0.0', '8.4.2' ],
3953 silly audit   ora: [ '8.2.0' ],
3953 silly audit   'postcss-selector-parser': [ '7.1.5' ],
3953 silly audit   prompts: [ '2.4.2' ],
3953 silly audit   recast: [ '0.23.21' ],
3953 silly audit   'stringify-object': [ '5.0.0' ],
3953 silly audit   'ts-morph': [ '26.0.0' ],
3953 silly audit   undici: [ '7.29.0' ],
3953 silly audit   'validate-npm-package-name': [ '7.0.2' ],
3953 silly audit   'zod-to-json-schema': [ '3.25.2' ],
3953 silly audit   '@babel/helper-annotate-as-pure': [ '7.29.7' ],
3953 silly audit   '@babel/helper-create-class-features-plugin': [ '7.29.7' ],
3953 silly audit   '@babel/helper-plugin-utils': [ '7.29.7' ],
3953 silly audit   '@babel/helper-skip-transparent-expression-wrappers': [ '7.29.7' ],
3953 silly audit   '@babel/plugin-syntax-typescript': [ '7.29.7' ],
3953 silly audit   '@babel/helper-member-expression-to-functions': [ '7.29.7' ],
3953 silly audit   '@babel/helper-optimise-call-expression': [ '7.29.7' ],
3953 silly audit   '@babel/helper-replace-supers': [ '7.29.7' ],
3953 silly audit   '@babel/plugin-syntax-jsx': [ '7.29.7' ],
3953 silly audit   '@babel/plugin-transform-modules-commonjs': [ '7.29.7' ],
3953 silly audit   '@dotenvx/primitives': [ '0.8.0' ],
3953 silly audit   conf: [ '10.2.0' ],
3953 silly audit   dotenv: [ '17.4.2' ],
3953 silly audit   enquirer: [ '2.4.1' ],
3953 silly audit   'env-paths': [ '2.2.1' ],
3953 silly audit   fdir: [ '6.5.0' ],
3953 silly audit   'object-treeify': [ '1.1.33' ],
3953 silly audit   systeminformation: [ '5.33.1' ],
3953 silly audit   'yocto-spinner': [ '1.2.2' ],
3953 silly audit   '@hono/node-server': [ '2.1.0' ],
3953 silly audit   hono: [ '4.13.1' ],
3953 silly audit   'ajv-formats': [ '3.0.1', '2.1.1' ],
3953 silly audit   'content-type': [ '1.0.5', '2.0.0' ],
3953 silly audit   cors: [ '2.8.6' ],
3953 silly audit   eventsource: [ '3.0.7' ],
3953 silly audit   'eventsource-parser': [ '3.1.1' ],
3953 silly audit   express: [ '5.2.1' ],
3953 silly audit   'express-rate-limit': [ '8.6.2' ],
3953 silly audit   jose: [ '6.2.8' ],
3953 silly audit   'json-schema-typed': [ '8.0.2', '7.0.3' ],
3953 silly audit   'pkce-challenge': [ '5.0.1' ],
3953 silly audit   'raw-body': [ '3.0.2' ],
3953 silly audit   atomically: [ '1.7.0' ],
3953 silly audit   'debounce-fn': [ '4.0.0' ],
3953 silly audit   'dot-prop': [ '6.0.1' ],
3953 silly audit   onetime: [ '5.1.2', '7.0.0' ],
3953 silly audit   'pkg-up': [ '3.1.0' ],
3953 silly audit   vary: [ '1.1.2' ],
3953 silly audit   'parse-json': [ '5.2.0' ],
3953 silly audit   'mimic-fn': [ '3.1.0', '2.1.0' ],
3953 silly audit   'is-obj': [ '2.0.0', '3.0.0' ],
3953 silly audit   'ansi-colors': [ '4.1.3' ],
3953 silly audit   'strip-ansi': [ '6.0.1', '7.2.0' ],
3953 silly audit   '@sindresorhus/merge-streams': [ '4.0.0' ],
3953 silly audit   figures: [ '6.1.0' ],
3953 silly audit   'get-stream': [ '9.0.1', '6.0.1' ],
3953 silly audit   'human-signals': [ '8.0.1', '2.1.0' ],
3953 silly audit   'is-plain-obj': [ '4.1.0' ],
3953 silly audit   'is-stream': [ '4.0.1', '2.0.1' ],
3953 silly audit   'npm-run-path': [ '6.0.0', '4.0.1' ],
3953 silly audit   'pretty-ms': [ '9.3.0' ],
3953 silly audit   'signal-exit': [ '4.1.0', '3.0.7' ],
3953 silly audit   'strip-final-newline': [ '4.0.0', '2.0.0' ],
3953 silly audit   yoctocolors: [ '2.2.0' ],
3953 silly audit   accepts: [ '2.0.0' ],
3953 silly audit   'body-parser': [ '2.3.0' ],
3953 silly audit   'content-disposition': [ '1.1.0' ],
3953 silly audit   cookie: [ '0.7.2' ],
3953 silly audit   'cookie-signature': [ '1.2.2' ],
3953 silly audit   depd: [ '2.0.0' ],
3953 silly audit   encodeurl: [ '2.0.0' ],
3953 silly audit   'escape-html': [ '1.0.3' ],
3953 silly audit   etag: [ '1.8.1' ],
3953 silly audit   finalhandler: [ '2.1.1' ],
3953 silly audit   fresh: [ '2.0.0' ],
3953 silly audit   'http-errors': [ '2.0.1' ],
3953 silly audit   'merge-descriptors': [ '2.0.0' ],
3953 silly audit   'mime-types': [ '3.0.2' ],
3953 silly audit   'on-finished': [ '2.4.1' ],
3953 silly audit   once: [ '1.4.0' ],
3953 silly audit   parseurl: [ '1.3.3' ],
3953 silly audit   'proxy-addr': [ '2.0.7' ],
3953 silly audit   qs: [ '6.15.3' ],
3953 silly audit   'range-parser': [ '1.3.0' ],
3953 silly audit   router: [ '2.2.0' ],
3953 silly audit   send: [ '1.2.1' ],
3953 silly audit   'serve-static': [ '2.2.1' ],
3953 silly audit   statuses: [ '2.0.2' ],
3953 silly audit   'type-is': [ '2.1.0' ],
3953 silly audit   negotiator: [ '1.0.0' ],
3953 silly audit   bytes: [ '3.1.2' ],
3953 silly audit   'iconv-lite': [ '0.7.3' ],
3953 silly audit   'ip-address': [ '10.5.0' ],
3953 silly audit   'is-unicode-supported': [ '2.1.0', '1.3.0' ],
3953 silly audit   jsonfile: [ '6.2.1' ],
3953 silly audit   universalify: [ '2.0.1' ],
3953 silly audit   '@sec-ant/readable-stream': [ '0.4.1' ],
3953 silly audit   inherits: [ '2.0.4' ],
3953 silly audit   setprototypeof: [ '1.2.0' ],
3953 silly audit   toidentifier: [ '1.0.1' ],
3953 silly audit   'safer-buffer': [ '2.1.2' ],
3953 silly audit   'mime-db': [ '1.54.0' ],
3953 silly audit   'unicorn-magic': [ '0.3.0' ],
3953 silly audit   'ee-first': [ '1.1.1' ],
3953 silly audit   wrappy: [ '1.0.2' ],
3953 silly audit   'default-browser': [ '5.5.0' ],
3953 silly audit   'define-lazy-prop': [ '3.0.0', '2.0.0' ],
3953 silly audit   'is-in-ssh': [ '1.0.0' ],
3953 silly audit   'is-inside-container': [ '1.0.0' ],
3953 silly audit   'powershell-utils': [ '0.1.0' ],
3953 silly audit   'wsl-utils': [ '0.3.1' ],
3953 silly audit   'bundle-name': [ '4.1.0' ],
3953 silly audit   'default-browser-id': [ '5.0.1' ],
3953 silly audit   'run-applescript': [ '7.1.0' ],
3953 silly audit   'is-docker': [ '3.0.0', '2.2.1' ],
3953 silly audit   'cli-cursor': [ '5.0.0' ],
3953 silly audit   'cli-spinners': [ '2.9.2' ],
3953 silly audit   'is-interactive': [ '2.0.0' ],
3953 silly audit   'log-symbols': [ '6.0.0' ],
3953 silly audit   'stdin-discarder': [ '0.2.2' ],
3953 silly audit   'string-width': [ '7.2.0' ],
3953 silly audit   'restore-cursor': [ '5.1.0' ],
3953 silly audit   'error-ex': [ '1.3.4' ],
3953 silly audit   'json-parse-even-better-errors': [ '2.3.1' ],
3953 silly audit   'lines-and-columns': [ '1.2.4' ],
3953 silly audit   'is-arrayish': [ '0.2.1' ],
3953 silly audit   cssesc: [ '3.0.0' ],
3953 silly audit   'util-deprecate': [ '1.0.2' ],
3953 silly audit   'parse-ms': [ '4.0.0' ],
3953 silly audit   sisteransi: [ '1.0.5' ],
3953 silly audit   forwarded: [ '0.2.0' ],
3953 silly audit   'ipaddr.js': [ '1.9.1' ],
3953 silly audit   unpipe: [ '1.0.0' ],
3953 silly audit   'ast-types': [ '0.16.1' ],
3953 silly audit   esprima: [ '4.0.1' ],
3953 silly audit   'source-map': [ '0.6.1' ],
3953 silly audit   'is-promise': [ '4.0.0' ],
3953 silly audit   'path-to-regexp': [ '8.4.2' ],
3953 silly audit   '@img/colour': [ '1.1.0' ],
3953 silly audit   '@img/sharp-darwin-arm64': [ '0.34.5' ],
3953 silly audit   '@img/sharp-darwin-x64': [ '0.34.5' ],
3953 silly audit   '@img/sharp-libvips-darwin-arm64': [ '1.2.4' ],
3953 silly audit   '@img/sharp-libvips-darwin-x64': [ '1.2.4' ],
3953 silly audit   '@img/sharp-libvips-linux-arm': [ '1.2.4' ],
3953 silly audit   '@img/sharp-libvips-linux-arm64': [ '1.2.4' ],
3953 silly audit   '@img/sharp-libvips-linux-ppc64': [ '1.2.4' ],
3953 silly audit   '@img/sharp-libvips-linux-riscv64': [ '1.2.4' ],
3953 silly audit   '@img/sharp-libvips-linux-s390x': [ '1.2.4' ],
3953 silly audit   '@img/sharp-libvips-linux-x64': [ '1.2.4' ],
3953 silly audit   '@img/sharp-libvips-linuxmusl-arm64': [ '1.2.4' ],
3953 silly audit   '@img/sharp-libvips-linuxmusl-x64': [ '1.2.4' ],
3953 silly audit   '@img/sharp-linux-arm': [ '0.34.5' ],
3953 silly audit   '@img/sharp-linux-arm64': [ '0.34.5' ],
3953 silly audit   '@img/sharp-linux-ppc64': [ '0.34.5' ],
3953 silly audit   '@img/sharp-linux-riscv64': [ '0.34.5' ],
3953 silly audit   '@img/sharp-linux-s390x': [ '0.34.5' ],
3953 silly audit   '@img/sharp-linux-x64': [ '0.34.5' ],
3953 silly audit   '@img/sharp-linuxmusl-arm64': [ '0.34.5' ],
3953 silly audit   '@img/sharp-linuxmusl-x64': [ '0.34.5' ],
3953 silly audit   '@img/sharp-wasm32': [ '0.34.5' ],
3953 silly audit   '@img/sharp-win32-arm64': [ '0.34.5' ],
3953 silly audit   '@img/sharp-win32-ia32': [ '0.34.5' ],
3953 silly audit   '@img/sharp-win32-x64': [ '0.34.5' ],
3953 silly audit   '@emnapi/runtime': [ '1.11.3', '1.10.0' ],
3953 silly audit   'shebang-regex': [ '3.0.0' ],
3953 silly audit   'side-channel-list': [ '1.0.1' ],
3953 silly audit   'side-channel-map': [ '1.0.1' ],
3953 silly audit   'side-channel-weakmap': [ '1.0.2' ],
3953 silly audit   'get-east-asian-width': [ '1.6.0' ],
3953 silly audit   'get-own-enumerable-keys': [ '1.0.0' ],
3953 silly audit   'is-regexp': [ '3.1.0' ],
3953 silly audit   'ansi-regex': [ '5.0.1', '6.2.2' ],
3953 silly audit   'client-only': [ '0.0.1' ],
3953 silly audit   'has-flag': [ '4.0.0' ],
3953 silly audit   'is-number': [ '7.0.0' ],
3953 silly audit   '@ts-morph/common': [ '0.27.0' ],
3953 silly audit   'code-block-writer': [ '13.0.3' ],
3953 silly audit   'path-browserify': [ '1.0.1' ],
3953 silly audit   '@types/json5': [ '0.0.29' ],
3953 silly audit   minimist: [ '1.2.8' ],
3953 silly audit   'strip-bom': [ '3.0.0' ],
3953 silly audit   'media-typer': [ '1.1.1' ],
3953 silly audit   'for-each': [ '0.3.5' ],
3953 silly audit   'reflect.getprototypeof': [ '1.0.10' ],
3953 silly audit   'which-builtin-type': [ '1.2.1' ],
3953 silly audit   '@typescript-eslint/eslint-plugin': [ '8.67.0' ],
3953 silly audit   '@typescript-eslint/parser': [ '8.67.0' ],
3953 silly audit   '@typescript-eslint/typescript-estree': [ '8.67.0' ],
3953 silly audit   '@typescript-eslint/utils': [ '8.67.0' ],
3953 silly audit   '@typescript-eslint/scope-manager': [ '8.67.0' ],
3953 silly audit   '@typescript-eslint/type-utils': [ '8.67.0' ],
3953 silly audit   '@typescript-eslint/visitor-keys': [ '8.67.0' ],
3953 silly audit   'ts-api-utils': [ '2.5.0' ],
3953 silly audit   '@typescript-eslint/types': [ '8.67.0' ],
3953 silly audit   '@typescript-eslint/project-service': [ '8.67.0' ],
3953 silly audit   '@typescript-eslint/tsconfig-utils': [ '8.67.0' ],
3953 silly audit   'has-bigints': [ '1.1.0' ],
3953 silly audit   'which-boxed-primitive': [ '1.1.1' ],
3953 silly audit   '@unrs/resolver-binding-android-arm-eabi': [ '1.12.2' ],
3953 silly audit   '@unrs/resolver-binding-android-arm64': [ '1.12.2' ],
3953 silly audit   '@unrs/resolver-binding-darwin-arm64': [ '1.12.2' ],
3953 silly audit   '@unrs/resolver-binding-darwin-x64': [ '1.12.2' ],
3953 silly audit   '@unrs/resolver-binding-freebsd-x64': [ '1.12.2' ],
3953 silly audit   '@unrs/resolver-binding-linux-arm-gnueabihf': [ '1.12.2' ],
3953 silly audit   '@unrs/resolver-binding-linux-arm-musleabihf': [ '1.12.2' ],
3953 silly audit   '@unrs/resolver-binding-linux-arm64-gnu': [ '1.12.2' ],
3953 silly audit   '@unrs/resolver-binding-linux-arm64-musl': [ '1.12.2' ],
3953 silly audit   '@unrs/resolver-binding-linux-loong64-gnu': [ '1.12.2' ],
3953 silly audit   '@unrs/resolver-binding-linux-loong64-musl': [ '1.12.2' ],
3953 silly audit   '@unrs/resolver-binding-linux-ppc64-gnu': [ '1.12.2' ],
3953 silly audit   '@unrs/resolver-binding-linux-riscv64-gnu': [ '1.12.2' ],
3953 silly audit   '@unrs/resolver-binding-linux-riscv64-musl': [ '1.12.2' ],
3953 silly audit   '@unrs/resolver-binding-linux-s390x-gnu': [ '1.12.2' ],
3953 silly audit   '@unrs/resolver-binding-linux-x64-gnu': [ '1.12.2' ],
3953 silly audit   '@unrs/resolver-binding-linux-x64-musl': [ '1.12.2' ],
3953 silly audit   '@unrs/resolver-binding-openharmony-arm64': [ '1.12.2' ],
3953 silly audit   '@unrs/resolver-binding-wasm32-wasi': [ '1.12.2' ],
3953 silly audit   '@unrs/resolver-binding-win32-arm64-msvc': [ '1.12.2' ],
3953 silly audit   '@unrs/resolver-binding-win32-ia32-msvc': [ '1.12.2' ],
3953 silly audit   '@unrs/resolver-binding-win32-x64-msvc': [ '1.12.2' ],
3953 silly audit   'napi-postinstall': [ '0.3.4' ],
3953 silly audit   '@emnapi/core': [ '1.10.0' ],
3953 silly audit   '@napi-rs/wasm-runtime': [ '1.2.2' ],
3953 silly audit   '@emnapi/wasi-threads': [ '1.2.1' ],
3953 silly audit   '@tybys/wasm-util': [ '0.10.3' ],
3953 silly audit   escalade: [ '3.2.0' ],
3953 silly audit   punycode: [ '2.3.1' ],
3953 silly audit   '@types/d3-array': [ '3.2.2' ],
3953 silly audit   '@types/d3-ease': [ '3.0.2' ],
3953 silly audit   '@types/d3-interpolate': [ '3.0.4' ],
3953 silly audit   '@types/d3-scale': [ '4.0.9' ],
3953 silly audit   '@types/d3-shape': [ '3.1.8' ],
3953 silly audit   '@types/d3-time': [ '3.0.4' ],
3953 silly audit   '@types/d3-timer': [ '3.0.2' ],
3953 silly audit   'd3-array': [ '3.2.4' ],
3953 silly audit   'd3-ease': [ '3.0.1' ],
3953 silly audit   'd3-interpolate': [ '3.0.1' ],
3953 silly audit   'd3-scale': [ '4.0.2' ],
3953 silly audit   'd3-shape': [ '3.2.0' ],
3953 silly audit   'd3-time': [ '3.1.0' ],
3953 silly audit   'd3-timer': [ '3.0.1' ],
3953 silly audit   '@types/d3-color': [ '3.1.3' ],
3953 silly audit   '@types/d3-path': [ '3.1.1' ],
3953 silly audit   internmap: [ '2.0.3' ],
3953 silly audit   'd3-color': [ '3.1.0' ],
3953 silly audit   'd3-format': [ '3.1.2' ],
3953 silly audit   'd3-time-format': [ '4.1.0' ],
3953 silly audit   'd3-path': [ '3.1.0' ],
3953 silly audit   isexe: [ '2.0.0', '3.1.5' ],
3953 silly audit   'is-bigint': [ '1.1.0' ],
3953 silly audit   'is-boolean-object': [ '1.2.2' ],
3953 silly audit   'is-number-object': [ '1.1.1' ],
3953 silly audit   'is-async-function': [ '2.1.1' ],
3953 silly audit   'is-finalizationregistry': [ '1.1.1' ],
3953 silly audit   'is-generator-function': [ '1.1.2' ],
3953 silly audit   'which-collection': [ '1.0.2' ],
3953 silly audit   'async-function': [ '1.0.0' ],
3953 silly audit   'generator-function': [ '2.0.1' ],
3953 silly audit   'is-map': [ '2.0.3' ],
3953 silly audit   'is-weakmap': [ '2.0.2' ],
3953 silly audit   'is-weakset': [ '2.0.4' ],
3953 silly audit   'is-wsl': [ '3.1.1', '2.2.0' ],
3953 silly audit   'merge-stream': [ '2.0.0' ],
3953 silly audit   'fast-uri': [ '3.1.5' ],
3953 silly audit   'require-from-string': [ '2.0.2' ],
3953 silly audit   'p-try': [ '2.2.0' ],
3953 silly audit   'mimic-function': [ '5.0.1' ]
3953 silly audit }
3954 http cache mimic-function@https://registry.npmjs.org/mimic-function/-/mimic-function-5.0.1.tgz 0ms (cache hit)
3955 http cache require-from-string@https://registry.npmjs.org/require-from-string/-/require-from-string-2.0.2.tgz 0ms (cache hit)
3956 http cache p-try@https://registry.npmjs.org/p-try/-/p-try-2.2.0.tgz 0ms (cache hit)
3957 http cache fast-uri@https://registry.npmjs.org/fast-uri/-/fast-uri-3.1.5.tgz 0ms (cache hit)
3958 http cache merge-stream@https://registry.npmjs.org/merge-stream/-/merge-stream-2.0.0.tgz 0ms (cache hit)
3959 http cache is-wsl@https://registry.npmjs.org/is-wsl/-/is-wsl-3.1.1.tgz 0ms (cache hit)
3960 http cache is-weakmap@https://registry.npmjs.org/is-weakmap/-/is-weakmap-2.0.2.tgz 0ms (cache hit)
3961 http cache is-weakset@https://registry.npmjs.org/is-weakset/-/is-weakset-2.0.4.tgz 0ms (cache hit)
3962 http cache async-function@https://registry.npmjs.org/async-function/-/async-function-1.0.0.tgz 0ms (cache hit)
3963 http cache is-map@https://registry.npmjs.org/is-map/-/is-map-2.0.3.tgz 0ms (cache hit)
3964 http cache is-finalizationregistry@https://registry.npmjs.org/is-finalizationregistry/-/is-finalizationregistry-1.1.1.tgz 0ms (cache hit)
3965 http cache is-async-function@https://registry.npmjs.org/is-async-function/-/is-async-function-2.1.1.tgz 0ms (cache hit)
3966 http cache is-generator-function@https://registry.npmjs.org/is-generator-function/-/is-generator-function-1.1.2.tgz 0ms (cache hit)
3967 http cache is-number-object@https://registry.npmjs.org/is-number-object/-/is-number-object-1.1.1.tgz 0ms (cache hit)
3968 http cache is-bigint@https://registry.npmjs.org/is-bigint/-/is-bigint-1.1.0.tgz 0ms (cache hit)
3969 http cache is-boolean-object@https://registry.npmjs.org/is-boolean-object/-/is-boolean-object-1.2.2.tgz 0ms (cache hit)
3970 http cache which-collection@https://registry.npmjs.org/which-collection/-/which-collection-1.0.2.tgz 0ms (cache hit)
3971 http cache isexe@https://registry.npmjs.org/isexe/-/isexe-2.0.0.tgz 0ms (cache hit)
3972 http cache d3-time-format@https://registry.npmjs.org/d3-time-format/-/d3-time-format-4.1.0.tgz 0ms (cache hit)
3973 http cache generator-function@https://registry.npmjs.org/generator-function/-/generator-function-2.0.1.tgz 0ms (cache hit)
3974 http cache d3-path@https://registry.npmjs.org/d3-path/-/d3-path-3.1.0.tgz 0ms (cache hit)
3975 http cache d3-format@https://registry.npmjs.org/d3-format/-/d3-format-3.1.2.tgz 0ms (cache hit)
3976 http cache d3-timer@https://registry.npmjs.org/d3-timer/-/d3-timer-3.0.1.tgz 0ms (cache hit)
3977 http cache d3-color@https://registry.npmjs.org/d3-color/-/d3-color-3.1.0.tgz 0ms (cache hit)
3978 http cache internmap@https://registry.npmjs.org/internmap/-/internmap-2.0.3.tgz 0ms (cache hit)
3979 http cache d3-time@https://registry.npmjs.org/d3-time/-/d3-time-3.1.0.tgz 0ms (cache hit)
3980 http cache @types/d3-path@https://registry.npmjs.org/@types/d3-path/-/d3-path-3.1.1.tgz 0ms (cache hit)
3981 http cache d3-shape@https://registry.npmjs.org/d3-shape/-/d3-shape-3.2.0.tgz 0ms (cache hit)
3982 http cache d3-ease@https://registry.npmjs.org/d3-ease/-/d3-ease-3.0.1.tgz 0ms (cache hit)
3983 http cache d3-scale@https://registry.npmjs.org/d3-scale/-/d3-scale-4.0.2.tgz 0ms (cache hit)
3984 http cache @types/d3-timer@https://registry.npmjs.org/@types/d3-timer/-/d3-timer-3.0.2.tgz 0ms (cache hit)
3985 http cache @types/d3-time@https://registry.npmjs.org/@types/d3-time/-/d3-time-3.0.4.tgz 0ms (cache hit)
3986 http cache @types/d3-scale@https://registry.npmjs.org/@types/d3-scale/-/d3-scale-4.0.9.tgz 0ms (cache hit)
3987 http cache @types/d3-shape@https://registry.npmjs.org/@types/d3-shape/-/d3-shape-3.1.8.tgz 0ms (cache hit)
3988 http cache @types/d3-interpolate@https://registry.npmjs.org/@types/d3-interpolate/-/d3-interpolate-3.0.4.tgz 0ms (cache hit)
3989 http cache d3-array@https://registry.npmjs.org/d3-array/-/d3-array-3.2.4.tgz 0ms (cache hit)
3990 http cache @types/d3-ease@https://registry.npmjs.org/@types/d3-ease/-/d3-ease-3.0.2.tgz 0ms (cache hit)
3991 http cache @types/d3-array@https://registry.npmjs.org/@types/d3-array/-/d3-array-3.2.2.tgz 0ms (cache hit)
3992 http cache escalade@https://registry.npmjs.org/escalade/-/escalade-3.2.0.tgz 0ms (cache hit)
3993 http cache napi-postinstall@https://registry.npmjs.org/napi-postinstall/-/napi-postinstall-0.3.4.tgz 0ms (cache hit)
3994 http cache d3-interpolate@https://registry.npmjs.org/d3-interpolate/-/d3-interpolate-3.0.1.tgz 0ms (cache hit)
3995 http cache which-boxed-primitive@https://registry.npmjs.org/which-boxed-primitive/-/which-boxed-primitive-1.1.1.tgz 0ms (cache hit)
3996 http cache @unrs/resolver-binding-darwin-arm64@https://registry.npmjs.org/@unrs/resolver-binding-darwin-arm64/-/resolver-binding-darwin-arm64-1.12.2.tgz 0ms (cache hit)
3997 http cache punycode@https://registry.npmjs.org/punycode/-/punycode-2.3.1.tgz 0ms (cache hit)
3998 http cache @typescript-eslint/tsconfig-utils@https://registry.npmjs.org/@typescript-eslint/tsconfig-utils/-/tsconfig-utils-8.67.0.tgz 0ms (cache hit)
3999 http cache @typescript-eslint/types@https://registry.npmjs.org/@typescript-eslint/types/-/types-8.67.0.tgz 0ms (cache hit)
4000 http cache @typescript-eslint/visitor-keys@https://registry.npmjs.org/@typescript-eslint/visitor-keys/-/visitor-keys-8.67.0.tgz 0ms (cache hit)
4001 http cache @types/d3-color@https://registry.npmjs.org/@types/d3-color/-/d3-color-3.1.3.tgz 0ms (cache hit)
4002 http cache has-bigints@https://registry.npmjs.org/has-bigints/-/has-bigints-1.1.0.tgz 0ms (cache hit)
4003 http cache @typescript-eslint/project-service@https://registry.npmjs.org/@typescript-eslint/project-service/-/project-service-8.67.0.tgz 0ms (cache hit)
4004 http cache ts-api-utils@https://registry.npmjs.org/ts-api-utils/-/ts-api-utils-2.5.0.tgz 0ms (cache hit)
4005 http cache @typescript-eslint/type-utils@https://registry.npmjs.org/@typescript-eslint/type-utils/-/type-utils-8.67.0.tgz 0ms (cache hit)
4006 http cache @typescript-eslint/scope-manager@https://registry.npmjs.org/@typescript-eslint/scope-manager/-/scope-manager-8.67.0.tgz 0ms (cache hit)
4007 http cache @typescript-eslint/parser@https://registry.npmjs.org/@typescript-eslint/parser/-/parser-8.67.0.tgz 0ms (cache hit)
4008 http cache which-builtin-type@https://registry.npmjs.org/which-builtin-type/-/which-builtin-type-1.2.1.tgz 0ms (cache hit)
4009 http cache @typescript-eslint/eslint-plugin@https://registry.npmjs.org/@typescript-eslint/eslint-plugin/-/eslint-plugin-8.67.0.tgz 0ms (cache hit)
4010 http cache reflect.getprototypeof@https://registry.npmjs.org/reflect.getprototypeof/-/reflect.getprototypeof-1.0.10.tgz 0ms (cache hit)
4011 http cache @typescript-eslint/utils@https://registry.npmjs.org/@typescript-eslint/utils/-/utils-8.67.0.tgz 0ms (cache hit)
4012 http cache strip-bom@https://registry.npmjs.org/strip-bom/-/strip-bom-3.0.0.tgz 0ms (cache hit)
4013 http cache @typescript-eslint/typescript-estree@https://registry.npmjs.org/@typescript-eslint/typescript-estree/-/typescript-estree-8.67.0.tgz 0ms (cache hit)
4014 http cache for-each@https://registry.npmjs.org/for-each/-/for-each-0.3.5.tgz 0ms (cache hit)
4015 http cache minimist@https://registry.npmjs.org/minimist/-/minimist-1.2.8.tgz 0ms (cache hit)
4016 http cache path-browserify@https://registry.npmjs.org/path-browserify/-/path-browserify-1.0.1.tgz 0ms (cache hit)
4017 http cache has-flag@https://registry.npmjs.org/has-flag/-/has-flag-4.0.0.tgz 0ms (cache hit)
4018 http cache media-typer@https://registry.npmjs.org/media-typer/-/media-typer-1.1.1.tgz 0ms (cache hit)
4019 http cache @ts-morph/common@https://registry.npmjs.org/@ts-morph/common/-/common-0.27.0.tgz 0ms (cache hit)
4020 http cache is-number@https://registry.npmjs.org/is-number/-/is-number-7.0.0.tgz 0ms (cache hit)
4021 http cache ansi-regex@https://registry.npmjs.org/ansi-regex/-/ansi-regex-5.0.1.tgz 0ms (cache hit)
4022 http cache code-block-writer@https://registry.npmjs.org/code-block-writer/-/code-block-writer-13.0.3.tgz 0ms (cache hit)
4023 http cache is-regexp@https://registry.npmjs.org/is-regexp/-/is-regexp-3.1.0.tgz 0ms (cache hit)
4024 http cache client-only@https://registry.npmjs.org/client-only/-/client-only-0.0.1.tgz 0ms (cache hit)
4025 http cache get-own-enumerable-keys@https://registry.npmjs.org/get-own-enumerable-keys/-/get-own-enumerable-keys-1.0.0.tgz 0ms (cache hit)
4026 http cache side-channel-map@https://registry.npmjs.org/side-channel-map/-/side-channel-map-1.0.1.tgz 0ms (cache hit)
4027 http cache side-channel-weakmap@https://registry.npmjs.org/side-channel-weakmap/-/side-channel-weakmap-1.0.2.tgz 0ms (cache hit)
4028 http cache side-channel-list@https://registry.npmjs.org/side-channel-list/-/side-channel-list-1.0.1.tgz 0ms (cache hit)
4029 http cache get-east-asian-width@https://registry.npmjs.org/get-east-asian-width/-/get-east-asian-width-1.6.0.tgz 0ms (cache hit)
4030 http cache @types/json5@https://registry.npmjs.org/@types/json5/-/json5-0.0.29.tgz 0ms (cache hit)
4031 http cache @img/colour@https://registry.npmjs.org/@img/colour/-/colour-1.1.0.tgz 0ms (cache hit)
4032 http cache path-to-regexp@https://registry.npmjs.org/path-to-regexp/-/path-to-regexp-8.4.2.tgz 0ms (cache hit)
4033 http cache shebang-regex@https://registry.npmjs.org/shebang-regex/-/shebang-regex-3.0.0.tgz 0ms (cache hit)
4034 http cache esprima@https://registry.npmjs.org/esprima/-/esprima-4.0.1.tgz 0ms (cache hit)
4035 http cache @img/sharp-libvips-darwin-arm64@https://registry.npmjs.org/@img/sharp-libvips-darwin-arm64/-/sharp-libvips-darwin-arm64-1.2.4.tgz 0ms (cache hit)
4036 http cache source-map@https://registry.npmjs.org/source-map/-/source-map-0.6.1.tgz 0ms (cache hit)
4037 http cache ast-types@https://registry.npmjs.org/ast-types/-/ast-types-0.16.1.tgz 0ms (cache hit)
4038 http cache @img/sharp-darwin-arm64@https://registry.npmjs.org/@img/sharp-darwin-arm64/-/sharp-darwin-arm64-0.34.5.tgz 0ms (cache hit)
4039 http cache is-promise@https://registry.npmjs.org/is-promise/-/is-promise-4.0.0.tgz 0ms (cache hit)
4040 http cache forwarded@https://registry.npmjs.org/forwarded/-/forwarded-0.2.0.tgz 0ms (cache hit)
4041 http cache ipaddr.js@https://registry.npmjs.org/ipaddr.js/-/ipaddr.js-1.9.1.tgz 0ms (cache hit)
4042 http cache unpipe@https://registry.npmjs.org/unpipe/-/unpipe-1.0.0.tgz 0ms (cache hit)
4043 http cache parse-ms@https://registry.npmjs.org/parse-ms/-/parse-ms-4.0.0.tgz 0ms (cache hit)
4044 http cache sisteransi@https://registry.npmjs.org/sisteransi/-/sisteransi-1.0.5.tgz 0ms (cache hit)
4045 http cache cssesc@https://registry.npmjs.org/cssesc/-/cssesc-3.0.0.tgz 0ms (cache hit)
4046 http cache restore-cursor@https://registry.npmjs.org/restore-cursor/-/restore-cursor-5.1.0.tgz 0ms (cache hit)
4047 http cache error-ex@https://registry.npmjs.org/error-ex/-/error-ex-1.3.4.tgz 0ms (cache hit)
4048 http cache json-parse-even-better-errors@https://registry.npmjs.org/json-parse-even-better-errors/-/json-parse-even-better-errors-2.3.1.tgz 0ms (cache hit)
4049 http cache lines-and-columns@https://registry.npmjs.org/lines-and-columns/-/lines-and-columns-1.2.4.tgz 0ms (cache hit)
4050 http cache util-deprecate@https://registry.npmjs.org/util-deprecate/-/util-deprecate-1.0.2.tgz 0ms (cache hit)
4051 http cache string-width@https://registry.npmjs.org/string-width/-/string-width-7.2.0.tgz 0ms (cache hit)
4052 http cache is-arrayish@https://registry.npmjs.org/is-arrayish/-/is-arrayish-0.2.1.tgz 0ms (cache hit)
4053 http cache cli-spinners@https://registry.npmjs.org/cli-spinners/-/cli-spinners-2.9.2.tgz 0ms (cache hit)
4054 http cache is-interactive@https://registry.npmjs.org/is-interactive/-/is-interactive-2.0.0.tgz 0ms (cache hit)
4055 http cache stdin-discarder@https://registry.npmjs.org/stdin-discarder/-/stdin-discarder-0.2.2.tgz 0ms (cache hit)
4056 http cache default-browser-id@https://registry.npmjs.org/default-browser-id/-/default-browser-id-5.0.1.tgz 0ms (cache hit)
4057 http cache bundle-name@https://registry.npmjs.org/bundle-name/-/bundle-name-4.1.0.tgz 0ms (cache hit)
4058 http cache wsl-utils@https://registry.npmjs.org/wsl-utils/-/wsl-utils-0.3.1.tgz 0ms (cache hit)
4059 http cache run-applescript@https://registry.npmjs.org/run-applescript/-/run-applescript-7.1.0.tgz 0ms (cache hit)
4060 http cache log-symbols@https://registry.npmjs.org/log-symbols/-/log-symbols-6.0.0.tgz 0ms (cache hit)
4061 http cache cli-cursor@https://registry.npmjs.org/cli-cursor/-/cli-cursor-5.0.0.tgz 0ms (cache hit)
4062 http cache is-inside-container@https://registry.npmjs.org/is-inside-container/-/is-inside-container-1.0.0.tgz 0ms (cache hit)
4063 http cache default-browser@https://registry.npmjs.org/default-browser/-/default-browser-5.5.0.tgz 0ms (cache hit)
4064 http cache powershell-utils@https://registry.npmjs.org/powershell-utils/-/powershell-utils-0.1.0.tgz 0ms (cache hit)
4065 http cache define-lazy-prop@https://registry.npmjs.org/define-lazy-prop/-/define-lazy-prop-3.0.0.tgz 0ms (cache hit)
4066 http cache unicorn-magic@https://registry.npmjs.org/unicorn-magic/-/unicorn-magic-0.3.0.tgz 0ms (cache hit)
4067 http cache ee-first@https://registry.npmjs.org/ee-first/-/ee-first-1.1.1.tgz 0ms (cache hit)
4068 http cache mime-db@https://registry.npmjs.org/mime-db/-/mime-db-1.54.0.tgz 0ms (cache hit)
4069 http cache toidentifier@https://registry.npmjs.org/toidentifier/-/toidentifier-1.0.1.tgz 0ms (cache hit)
4070 http cache is-docker@https://registry.npmjs.org/is-docker/-/is-docker-3.0.0.tgz 0ms (cache hit)
4071 http cache inherits@https://registry.npmjs.org/inherits/-/inherits-2.0.4.tgz 0ms (cache hit)
4072 http cache setprototypeof@https://registry.npmjs.org/setprototypeof/-/setprototypeof-1.2.0.tgz 0ms (cache hit)
4073 http cache jsonfile@https://registry.npmjs.org/jsonfile/-/jsonfile-6.2.1.tgz 0ms (cache hit)
4074 http cache universalify@https://registry.npmjs.org/universalify/-/universalify-2.0.1.tgz 0ms (cache hit)
4075 http cache ip-address@https://registry.npmjs.org/ip-address/-/ip-address-10.5.0.tgz 0ms (cache hit)
4076 http cache safer-buffer@https://registry.npmjs.org/safer-buffer/-/safer-buffer-2.1.2.tgz 0ms (cache hit)
4077 http cache bytes@https://registry.npmjs.org/bytes/-/bytes-3.1.2.tgz 0ms (cache hit)
4078 http cache wrappy@https://registry.npmjs.org/wrappy/-/wrappy-1.0.2.tgz 0ms (cache hit)
4079 http cache @sec-ant/readable-stream@https://registry.npmjs.org/@sec-ant/readable-stream/-/readable-stream-0.4.1.tgz 0ms (cache hit)
4080 http cache is-unicode-supported@https://registry.npmjs.org/is-unicode-supported/-/is-unicode-supported-2.1.0.tgz 0ms (cache hit)
4081 http cache statuses@https://registry.npmjs.org/statuses/-/statuses-2.0.2.tgz 0ms (cache hit)
4082 http cache iconv-lite@https://registry.npmjs.org/iconv-lite/-/iconv-lite-0.7.3.tgz 0ms (cache hit)
4083 http cache type-is@https://registry.npmjs.org/type-is/-/type-is-2.1.0.tgz 0ms (cache hit)
4084 http cache router@https://registry.npmjs.org/router/-/router-2.2.0.tgz 0ms (cache hit)
4085 http cache serve-static@https://registry.npmjs.org/serve-static/-/serve-static-2.2.1.tgz 0ms (cache hit)
4086 http cache qs@https://registry.npmjs.org/qs/-/qs-6.15.3.tgz 0ms (cache hit)
4087 http cache parseurl@https://registry.npmjs.org/parseurl/-/parseurl-1.3.3.tgz 0ms (cache hit)
4088 http cache once@https://registry.npmjs.org/once/-/once-1.4.0.tgz 0ms (cache hit)
4089 http cache on-finished@https://registry.npmjs.org/on-finished/-/on-finished-2.4.1.tgz 0ms (cache hit)
4090 http cache range-parser@https://registry.npmjs.org/range-parser/-/range-parser-1.3.0.tgz 0ms (cache hit)
4091 http cache mime-types@https://registry.npmjs.org/mime-types/-/mime-types-3.0.2.tgz 0ms (cache hit)
4092 http cache is-in-ssh@https://registry.npmjs.org/is-in-ssh/-/is-in-ssh-1.0.0.tgz 0ms (cache hit)
4093 http cache merge-descriptors@https://registry.npmjs.org/merge-descriptors/-/merge-descriptors-2.0.0.tgz 0ms (cache hit)
4094 http cache proxy-addr@https://registry.npmjs.org/proxy-addr/-/proxy-addr-2.0.7.tgz 0ms (cache hit)
4095 http cache finalhandler@https://registry.npmjs.org/finalhandler/-/finalhandler-2.1.1.tgz 0ms (cache hit)
4096 http cache negotiator@https://registry.npmjs.org/negotiator/-/negotiator-1.0.0.tgz 0ms (cache hit)
4097 http cache fresh@https://registry.npmjs.org/fresh/-/fresh-2.0.0.tgz 0ms (cache hit)
4098 http cache escape-html@https://registry.npmjs.org/escape-html/-/escape-html-1.0.3.tgz 0ms (cache hit)
4099 http cache send@https://registry.npmjs.org/send/-/send-1.2.1.tgz 0ms (cache hit)
4100 http cache encodeurl@https://registry.npmjs.org/encodeurl/-/encodeurl-2.0.0.tgz 0ms (cache hit)
4101 http cache etag@https://registry.npmjs.org/etag/-/etag-1.8.1.tgz 0ms (cache hit)
4102 http cache depd@https://registry.npmjs.org/depd/-/depd-2.0.0.tgz 0ms (cache hit)
4103 http cache cookie-signature@https://registry.npmjs.org/cookie-signature/-/cookie-signature-1.2.2.tgz 0ms (cache hit)
4104 http cache accepts@https://registry.npmjs.org/accepts/-/accepts-2.0.0.tgz 0ms (cache hit)
4105 http cache yoctocolors@https://registry.npmjs.org/yoctocolors/-/yoctocolors-2.2.0.tgz 0ms (cache hit)
4106 http cache cookie@https://registry.npmjs.org/cookie/-/cookie-0.7.2.tgz 0ms (cache hit)
4107 http cache content-disposition@https://registry.npmjs.org/content-disposition/-/content-disposition-1.1.0.tgz 0ms (cache hit)
4108 http cache strip-final-newline@https://registry.npmjs.org/strip-final-newline/-/strip-final-newline-4.0.0.tgz 0ms (cache hit)
4109 http cache signal-exit@https://registry.npmjs.org/signal-exit/-/signal-exit-4.1.0.tgz 0ms (cache hit)
4110 http cache pretty-ms@https://registry.npmjs.org/pretty-ms/-/pretty-ms-9.3.0.tgz 0ms (cache hit)
4111 http cache is-plain-obj@https://registry.npmjs.org/is-plain-obj/-/is-plain-obj-4.1.0.tgz 0ms (cache hit)
4112 http cache get-stream@https://registry.npmjs.org/get-stream/-/get-stream-9.0.1.tgz 0ms (cache hit)
4113 http cache is-stream@https://registry.npmjs.org/is-stream/-/is-stream-4.0.1.tgz 0ms (cache hit)
4114 http cache npm-run-path@https://registry.npmjs.org/npm-run-path/-/npm-run-path-6.0.0.tgz 0ms (cache hit)
4115 http cache http-errors@https://registry.npmjs.org/http-errors/-/http-errors-2.0.1.tgz 0ms (cache hit)
4116 http cache human-signals@https://registry.npmjs.org/human-signals/-/human-signals-8.0.1.tgz 0ms (cache hit)
4117 http cache body-parser@https://registry.npmjs.org/body-parser/-/body-parser-2.3.0.tgz 0ms (cache hit)
4118 http cache figures@https://registry.npmjs.org/figures/-/figures-6.1.0.tgz 0ms (cache hit)
4119 http cache @sindresorhus/merge-streams@https://registry.npmjs.org/@sindresorhus/merge-streams/-/merge-streams-4.0.0.tgz 0ms (cache hit)
4120 http cache is-obj@https://registry.npmjs.org/is-obj/-/is-obj-2.0.0.tgz 0ms (cache hit)
4121 http cache mimic-fn@https://registry.npmjs.org/mimic-fn/-/mimic-fn-3.1.0.tgz 0ms (cache hit)
4122 http cache ansi-colors@https://registry.npmjs.org/ansi-colors/-/ansi-colors-4.1.3.tgz 0ms (cache hit)
4123 http cache vary@https://registry.npmjs.org/vary/-/vary-1.1.2.tgz 0ms (cache hit)
4124 http cache parse-json@https://registry.npmjs.org/parse-json/-/parse-json-5.2.0.tgz 0ms (cache hit)
4125 http cache atomically@https://registry.npmjs.org/atomically/-/atomically-1.7.0.tgz 0ms (cache hit)
4126 http cache strip-ansi@https://registry.npmjs.org/strip-ansi/-/strip-ansi-6.0.1.tgz 0ms (cache hit)
4127 http cache onetime@https://registry.npmjs.org/onetime/-/onetime-5.1.2.tgz 0ms (cache hit)
4128 http cache pkg-up@https://registry.npmjs.org/pkg-up/-/pkg-up-3.1.0.tgz 0ms (cache hit)
4129 http cache dot-prop@https://registry.npmjs.org/dot-prop/-/dot-prop-6.0.1.tgz 0ms (cache hit)
4130 http cache json-schema-typed@https://registry.npmjs.org/json-schema-typed/-/json-schema-typed-8.0.2.tgz 0ms (cache hit)
4131 http cache raw-body@https://registry.npmjs.org/raw-body/-/raw-body-3.0.2.tgz 0ms (cache hit)
4132 http cache jose@https://registry.npmjs.org/jose/-/jose-6.2.8.tgz 0ms (cache hit)
4133 http cache express@https://registry.npmjs.org/express/-/express-5.2.1.tgz 0ms (cache hit)
4134 http cache express-rate-limit@https://registry.npmjs.org/express-rate-limit/-/express-rate-limit-8.6.2.tgz 0ms (cache hit)
4135 http cache eventsource-parser@https://registry.npmjs.org/eventsource-parser/-/eventsource-parser-3.1.1.tgz 0ms (cache hit)
4136 http cache eventsource@https://registry.npmjs.org/eventsource/-/eventsource-3.0.7.tgz 0ms (cache hit)
4137 http cache cors@https://registry.npmjs.org/cors/-/cors-2.8.6.tgz 0ms (cache hit)
4138 http cache pkce-challenge@https://registry.npmjs.org/pkce-challenge/-/pkce-challenge-5.0.1.tgz 0ms (cache hit)
4139 http cache content-type@https://registry.npmjs.org/content-type/-/content-type-1.0.5.tgz 0ms (cache hit)
4140 http cache hono@https://registry.npmjs.org/hono/-/hono-4.13.1.tgz 0ms (cache hit)
4141 http cache ajv-formats@https://registry.npmjs.org/ajv-formats/-/ajv-formats-3.0.1.tgz 0ms (cache hit)
4142 http cache systeminformation@https://registry.npmjs.org/systeminformation/-/systeminformation-5.33.1.tgz 0ms (cache hit)
4143 http cache object-treeify@https://registry.npmjs.org/object-treeify/-/object-treeify-1.1.33.tgz 0ms (cache hit)
4144 http cache debounce-fn@https://registry.npmjs.org/debounce-fn/-/debounce-fn-4.0.0.tgz 0ms (cache hit)
4145 http cache yocto-spinner@https://registry.npmjs.org/yocto-spinner/-/yocto-spinner-1.2.2.tgz 0ms (cache hit)
4146 http cache env-paths@https://registry.npmjs.org/env-paths/-/env-paths-2.2.1.tgz 0ms (cache hit)
4147 http cache @dotenvx/primitives@https://registry.npmjs.org/@dotenvx/primitives/-/primitives-0.8.0.tgz 0ms (cache hit)
4148 http cache conf@https://registry.npmjs.org/conf/-/conf-10.2.0.tgz 0ms (cache hit)
4149 http cache dotenv@https://registry.npmjs.org/dotenv/-/dotenv-17.4.2.tgz 0ms (cache hit)
4150 http cache enquirer@https://registry.npmjs.org/enquirer/-/enquirer-2.4.1.tgz 0ms (cache hit)
4151 http cache @babel/plugin-syntax-jsx@https://registry.npmjs.org/@babel/plugin-syntax-jsx/-/plugin-syntax-jsx-7.29.7.tgz 0ms (cache hit)
4152 http cache @babel/helper-optimise-call-expression@https://registry.npmjs.org/@babel/helper-optimise-call-expression/-/helper-optimise-call-expression-7.29.7.tgz 0ms (cache hit)
4153 http cache @babel/helper-replace-supers@https://registry.npmjs.org/@babel/helper-replace-supers/-/helper-replace-supers-7.29.7.tgz 0ms (cache hit)
4154 http cache @babel/helper-member-expression-to-functions@https://registry.npmjs.org/@babel/helper-member-expression-to-functions/-/helper-member-expression-to-functions-7.29.7.tgz 0ms (cache hit)
4155 http cache @babel/plugin-syntax-typescript@https://registry.npmjs.org/@babel/plugin-syntax-typescript/-/plugin-syntax-typescript-7.29.7.tgz 0ms (cache hit)
4156 http cache @babel/helper-annotate-as-pure@https://registry.npmjs.org/@babel/helper-annotate-as-pure/-/helper-annotate-as-pure-7.29.7.tgz 0ms (cache hit)
4157 http cache @babel/helper-plugin-utils@https://registry.npmjs.org/@babel/helper-plugin-utils/-/helper-plugin-utils-7.29.7.tgz 0ms (cache hit)
4158 http cache @babel/helper-skip-transparent-expression-wrappers@https://registry.npmjs.org/@babel/helper-skip-transparent-expression-wrappers/-/helper-skip-transparent-expression-wrappers-7.29.7.tgz 0ms (cache hit)
4159 http cache @babel/plugin-transform-modules-commonjs@https://registry.npmjs.org/@babel/plugin-transform-modules-commonjs/-/plugin-transform-modules-commonjs-7.29.7.tgz 0ms (cache hit)
4160 http cache @babel/helper-create-class-features-plugin@https://registry.npmjs.org/@babel/helper-create-class-features-plugin/-/helper-create-class-features-plugin-7.29.7.tgz 0ms (cache hit)
4161 http cache zod-to-json-schema@https://registry.npmjs.org/zod-to-json-schema/-/zod-to-json-schema-3.25.2.tgz 0ms (cache hit)
4162 http cache ts-morph@https://registry.npmjs.org/ts-morph/-/ts-morph-26.0.0.tgz 0ms (cache hit)
4163 http cache recast@https://registry.npmjs.org/recast/-/recast-0.23.21.tgz 0ms (cache hit)
4164 http cache validate-npm-package-name@https://registry.npmjs.org/validate-npm-package-name/-/validate-npm-package-name-7.0.2.tgz 0ms (cache hit)
4165 http cache postcss-selector-parser@https://registry.npmjs.org/postcss-selector-parser/-/postcss-selector-parser-7.1.5.tgz 0ms (cache hit)
4166 http cache open@https://registry.npmjs.org/open/-/open-11.0.0.tgz 0ms (cache hit)
4167 http cache prompts@https://registry.npmjs.org/prompts/-/prompts-2.4.2.tgz 0ms (cache hit)
4168 http cache ora@https://registry.npmjs.org/ora/-/ora-8.2.0.tgz 0ms (cache hit)
4169 http cache fuzzysort@https://registry.npmjs.org/fuzzysort/-/fuzzysort-3.1.0.tgz 0ms (cache hit)
4170 http cache undici@https://registry.npmjs.org/undici/-/undici-7.29.0.tgz 0ms (cache hit)
4171 http cache execa@https://registry.npmjs.org/execa/-/execa-9.6.1.tgz 0ms (cache hit)
4172 http cache deepmerge@https://registry.npmjs.org/deepmerge/-/deepmerge-4.3.1.tgz 0ms (cache hit)
4173 http cache @hono/node-server@https://registry.npmjs.org/@hono/node-server/-/node-server-2.1.0.tgz 0ms (cache hit)
4174 http cache stringify-object@https://registry.npmjs.org/stringify-object/-/stringify-object-5.0.0.tgz 0ms (cache hit)
4175 http cache kleur@https://registry.npmjs.org/kleur/-/kleur-4.1.5.tgz 0ms (cache hit)
4176 http cache @modelcontextprotocol/sdk@https://registry.npmjs.org/@modelcontextprotocol/sdk/-/sdk-1.30.0.tgz 0ms (cache hit)
4177 http cache @dotenvx/dotenvx@https://registry.npmjs.org/@dotenvx/dotenvx/-/dotenvx-1.75.1.tgz 0ms (cache hit)
4178 http cache cosmiconfig@https://registry.npmjs.org/cosmiconfig/-/cosmiconfig-9.0.2.tgz 0ms (cache hit)
4179 http cache fs-extra@https://registry.npmjs.org/fs-extra/-/fs-extra-11.4.0.tgz 0ms (cache hit)
4180 http cache @types/validate-npm-package-name@https://registry.npmjs.org/@types/validate-npm-package-name/-/validate-npm-package-name-4.0.2.tgz 0ms (cache hit)
4181 http cache @babel/preset-typescript@https://registry.npmjs.org/@babel/preset-typescript/-/preset-typescript-7.29.7.tgz 0ms (cache hit)
4182 http cache @babel/plugin-transform-typescript@https://registry.npmjs.org/@babel/plugin-transform-typescript/-/plugin-transform-typescript-7.29.7.tgz 0ms (cache hit)
4183 http cache isarray@https://registry.npmjs.org/isarray/-/isarray-2.0.5.tgz 0ms (cache hit)
4184 http cache diff@https://registry.npmjs.org/diff/-/diff-8.0.4.tgz 0ms (cache hit)
4185 http cache commander@https://registry.npmjs.org/commander/-/commander-14.0.3.tgz 0ms (cache hit)
4186 http cache supports-preserve-symlinks-flag@https://registry.npmjs.org/supports-preserve-symlinks-flag/-/supports-preserve-symlinks-flag-1.0.0.tgz 0ms (cache hit)
4187 http cache path-parse@https://registry.npmjs.org/path-parse/-/path-parse-1.0.7.tgz 0ms (cache hit)
4188 http cache redux@https://registry.npmjs.org/redux/-/redux-5.0.1.tgz 0ms (cache hit)
4189 http cache @standard-schema/utils@https://registry.npmjs.org/@standard-schema/utils/-/utils-0.3.0.tgz 0ms (cache hit)
4190 http cache redux-thunk@https://registry.npmjs.org/redux-thunk/-/redux-thunk-3.1.0.tgz 0ms (cache hit)
4191 http cache node-exports-info@https://registry.npmjs.org/node-exports-info/-/node-exports-info-1.6.2.tgz 0ms (cache hit)
4192 http cache queue-microtask@https://registry.npmjs.org/queue-microtask/-/queue-microtask-1.2.3.tgz 0ms (cache hit)
4193 http cache dedent@https://registry.npmjs.org/dedent/-/dedent-1.7.2.tgz 0ms (cache hit)
4194 http cache @standard-schema/spec@https://registry.npmjs.org/@standard-schema/spec/-/spec-1.1.0.tgz 0ms (cache hit)
4195 http cache victory-vendor@https://registry.npmjs.org/victory-vendor/-/victory-vendor-37.3.6.tgz 0ms (cache hit)
4196 http cache tiny-invariant@https://registry.npmjs.org/tiny-invariant/-/tiny-invariant-1.3.3.tgz 0ms (cache hit)
4197 http cache es-toolkit@https://registry.npmjs.org/es-toolkit/-/es-toolkit-1.50.0.tgz 0ms (cache hit)
4198 http cache @types/use-sync-external-store@https://registry.npmjs.org/@types/use-sync-external-store/-/use-sync-external-store-0.0.6.tgz 0ms (cache hit)
4199 http cache immer@https://registry.npmjs.org/immer/-/immer-11.1.16.tgz 0ms (cache hit)
4200 http cache eventemitter3@https://registry.npmjs.org/eventemitter3/-/eventemitter3-5.0.4.tgz 0ms (cache hit)
4201 http cache scheduler@https://registry.npmjs.org/scheduler/-/scheduler-0.27.0.tgz 0ms (cache hit)
4202 http cache decimal.js-light@https://registry.npmjs.org/decimal.js-light/-/decimal.js-light-2.5.1.tgz 0ms (cache hit)
4203 http cache object-assign@https://registry.npmjs.org/object-assign/-/object-assign-4.1.1.tgz 0ms (cache hit)
4204 http cache react-redux@https://registry.npmjs.org/react-redux/-/react-redux-9.3.0.tgz 0ms (cache hit)
4205 http cache loose-envify@https://registry.npmjs.org/loose-envify/-/loose-envify-1.4.0.tgz 0ms (cache hit)
4206 http cache callsites@https://registry.npmjs.org/callsites/-/callsites-3.1.0.tgz 0ms (cache hit)
4207 http cache p-limit@https://registry.npmjs.org/p-limit/-/p-limit-3.1.0.tgz 0ms (cache hit)
4208 http cache @reduxjs/toolkit@https://registry.npmjs.org/@reduxjs/toolkit/-/toolkit-2.12.0.tgz 0ms (cache hit)
4209 http cache yocto-queue@https://registry.npmjs.org/yocto-queue/-/yocto-queue-0.1.0.tgz 0ms (cache hit)
4210 http cache nanoid@https://registry.npmjs.org/nanoid/-/nanoid-3.3.18.tgz 0ms (cache hit)
4211 http cache deep-is@https://registry.npmjs.org/deep-is/-/deep-is-0.1.4.tgz 0ms (cache hit)
4212 http cache word-wrap@https://registry.npmjs.org/word-wrap/-/word-wrap-1.2.5.tgz 0ms (cache hit)
4213 http cache styled-jsx@https://registry.npmjs.org/styled-jsx/-/styled-jsx-5.1.6.tgz 0ms (cache hit)
4214 http cache sharp@https://registry.npmjs.org/sharp/-/sharp-0.34.5.tgz 0ms (cache hit)
4215 http cache @swc/helpers@https://registry.npmjs.org/@swc/helpers/-/helpers-0.5.15.tgz 0ms (cache hit)
4216 http cache @next/swc-darwin-arm64@https://registry.npmjs.org/@next/swc-darwin-arm64/-/swc-darwin-arm64-16.2.12.tgz 0ms (cache hit)
4217 http cache @next/env@https://registry.npmjs.org/@next/env/-/env-16.2.12.tgz 0ms (cache hit)
4218 http cache fast-levenshtein@https://registry.npmjs.org/fast-levenshtein/-/fast-levenshtein-2.0.6.tgz 0ms (cache hit)
4219 http cache to-regex-range@https://registry.npmjs.org/to-regex-range/-/to-regex-range-5.0.1.tgz 0ms (cache hit)
4220 http cache brace-expansion@https://registry.npmjs.org/brace-expansion/-/brace-expansion-1.1.18.tgz 0ms (cache hit)
4221 http cache balanced-match@https://registry.npmjs.org/balanced-match/-/balanced-match-1.0.2.tgz 0ms (cache hit)
4222 http cache fill-range@https://registry.npmjs.org/fill-range/-/fill-range-7.1.1.tgz 0ms (cache hit)
4223 http cache braces@https://registry.npmjs.org/braces/-/braces-3.0.3.tgz 0ms (cache hit)
4224 http cache concat-map@https://registry.npmjs.org/concat-map/-/concat-map-0.0.1.tgz 0ms (cache hit)
4225 http cache p-locate@https://registry.npmjs.org/p-locate/-/p-locate-5.0.0.tgz 0ms (cache hit)
4226 http cache yallist@https://registry.npmjs.org/yallist/-/yallist-3.1.1.tgz 0ms (cache hit)
4227 http cache picomatch@https://registry.npmjs.org/picomatch/-/picomatch-2.3.2.tgz 0ms (cache hit)
4228 http cache type-check@https://registry.npmjs.org/type-check/-/type-check-0.4.0.tgz 0ms (cache hit)
4229 http cache language-subtag-registry@https://registry.npmjs.org/language-subtag-registry/-/language-subtag-registry-0.3.23.tgz 0ms (cache hit)
4230 http cache json-buffer@https://registry.npmjs.org/json-buffer/-/json-buffer-3.0.1.tgz 0ms (cache hit)
4231 http cache detect-libc@https://registry.npmjs.org/detect-libc/-/detect-libc-2.1.2.tgz 0ms (cache hit)
4232 http cache lightningcss-darwin-arm64@https://registry.npmjs.org/lightningcss-darwin-arm64/-/lightningcss-darwin-arm64-1.32.0.tgz 0ms (cache hit)
4233 http cache argparse@https://registry.npmjs.org/argparse/-/argparse-2.0.1.tgz 0ms (cache hit)
4234 http cache is-extglob@https://registry.npmjs.org/is-extglob/-/is-extglob-2.1.1.tgz 0ms (cache hit)
4235 http cache side-channel@https://registry.npmjs.org/side-channel/-/side-channel-1.1.1.tgz 0ms (cache hit)
4236 http cache resolve-pkg-maps@https://registry.npmjs.org/resolve-pkg-maps/-/resolve-pkg-maps-1.0.0.tgz 0ms (cache hit)
4237 http cache hermes-estree@https://registry.npmjs.org/hermes-estree/-/hermes-estree-0.25.1.tgz 0ms (cache hit)
4238 http cache parent-module@https://registry.npmjs.org/parent-module/-/parent-module-1.0.1.tgz 0ms (cache hit)
4239 http cache resolve-from@https://registry.npmjs.org/resolve-from/-/resolve-from-4.0.0.tgz 0ms (cache hit)
4240 http cache is-document.all@https://registry.npmjs.org/is-document.all/-/is-document.all-1.0.0.tgz 0ms (cache hit)
4241 http cache dunder-proto@https://registry.npmjs.org/dunder-proto/-/dunder-proto-1.0.1.tgz 0ms (cache hit)
4242 http cache tslib@https://registry.npmjs.org/tslib/-/tslib-2.8.1.tgz 0ms (cache hit)
4243 http cache motion-utils@https://registry.npmjs.org/motion-utils/-/motion-utils-12.39.0.tgz 0ms (cache hit)
4244 http cache functions-have-names@https://registry.npmjs.org/functions-have-names/-/functions-have-names-1.2.3.tgz 0ms (cache hit)
4245 http cache keyv@https://registry.npmjs.org/keyv/-/keyv-4.5.4.tgz 0ms (cache hit)
4246 http cache motion-dom@https://registry.npmjs.org/motion-dom/-/motion-dom-12.43.0.tgz 0ms (cache hit)
4247 http cache path-exists@https://registry.npmjs.org/path-exists/-/path-exists-4.0.0.tgz 0ms (cache hit)
4248 http cache locate-path@https://registry.npmjs.org/locate-path/-/locate-path-6.0.0.tgz 0ms (cache hit)
4249 http cache flat-cache@https://registry.npmjs.org/flat-cache/-/flat-cache-4.0.1.tgz 0ms (cache hit)
4250 http cache reusify@https://registry.npmjs.org/reusify/-/reusify-1.1.0.tgz 0ms (cache hit)
4251 http cache set-function-name@https://registry.npmjs.org/set-function-name/-/set-function-name-2.0.2.tgz 0ms (cache hit)
4252 http cache fastq@https://registry.npmjs.org/fastq/-/fastq-1.20.1.tgz 0ms (cache hit)
4253 http cache flatted@https://registry.npmjs.org/flatted/-/flatted-3.4.4.tgz 0ms (cache hit)
4254 http cache run-parallel@https://registry.npmjs.org/run-parallel/-/run-parallel-1.2.0.tgz 0ms (cache hit)
4255 http cache merge2@https://registry.npmjs.org/merge2/-/merge2-1.4.1.tgz 0ms (cache hit)
4256 http cache micromatch@https://registry.npmjs.org/micromatch/-/micromatch-4.0.8.tgz 0ms (cache hit)
4257 http cache acorn-jsx@https://registry.npmjs.org/acorn-jsx/-/acorn-jsx-5.3.2.tgz 0ms (cache hit)
4258 http cache acorn@https://registry.npmjs.org/acorn/-/acorn-8.18.0.tgz 0ms (cache hit)
4259 http cache prelude-ls@https://registry.npmjs.org/prelude-ls/-/prelude-ls-1.2.1.tgz 0ms (cache hit)
4260 http cache esrecurse@https://registry.npmjs.org/esrecurse/-/esrecurse-4.3.0.tgz 0ms (cache hit)
4261 http cache @nodelib/fs.walk@https://registry.npmjs.org/@nodelib/fs.walk/-/fs.walk-1.2.8.tgz 0ms (cache hit)
4262 http cache update-browserslist-db@https://registry.npmjs.org/update-browserslist-db/-/update-browserslist-db-1.3.1.tgz 0ms (cache hit)
4263 http cache node-releases@https://registry.npmjs.org/node-releases/-/node-releases-2.0.53.tgz 0ms (cache hit)
4264 http cache @nodelib/fs.stat@https://registry.npmjs.org/@nodelib/fs.stat/-/fs.stat-2.0.5.tgz 0ms (cache hit)
4265 http cache caniuse-lite@https://registry.npmjs.org/caniuse-lite/-/caniuse-lite-1.0.30001809.tgz 0ms (cache hit)
4266 http cache baseline-browser-mapping@https://registry.npmjs.org/baseline-browser-mapping/-/baseline-browser-mapping-2.11.13.tgz 0ms (cache hit)
4267 http cache electron-to-chromium@https://registry.npmjs.org/electron-to-chromium/-/electron-to-chromium-1.5.404.tgz 0ms (cache hit)
4268 http cache @babel/helper-globals@https://registry.npmjs.org/@babel/helper-globals/-/helper-globals-7.29.7.tgz 0ms (cache hit)
4269 http cache lru-cache@https://registry.npmjs.org/lru-cache/-/lru-cache-5.1.1.tgz 0ms (cache hit)
4270 http cache @babel/helper-module-imports@https://registry.npmjs.org/@babel/helper-module-imports/-/helper-module-imports-7.29.7.tgz 0ms (cache hit)
4271 http cache @babel/helper-validator-option@https://registry.npmjs.org/@babel/helper-validator-option/-/helper-validator-option-7.29.7.tgz 0ms (cache hit)
4272 http cache @nodelib/fs.scandir@https://registry.npmjs.org/@nodelib/fs.scandir/-/fs.scandir-2.1.5.tgz 0ms (cache hit)
4273 http cache browserslist@https://registry.npmjs.org/browserslist/-/browserslist-4.28.8.tgz 0ms (cache hit)
4274 http cache @babel/compat-data@https://registry.npmjs.org/@babel/compat-data/-/compat-data-7.29.7.tgz 0ms (cache hit)
4275 http cache jsesc@https://registry.npmjs.org/jsesc/-/jsesc-3.1.0.tgz 0ms (cache hit)
4276 http cache picocolors@https://registry.npmjs.org/picocolors/-/picocolors-1.1.1.tgz 0ms (cache hit)
4277 http cache json5@https://registry.npmjs.org/json5/-/json5-2.2.3.tgz 0ms (cache hit)
4278 http cache js-tokens@https://registry.npmjs.org/js-tokens/-/js-tokens-4.0.0.tgz 0ms (cache hit)
4279 http cache convert-source-map@https://registry.npmjs.org/convert-source-map/-/convert-source-map-2.0.0.tgz 0ms (cache hit)
4280 http cache @babel/helper-validator-identifier@https://registry.npmjs.org/@babel/helper-validator-identifier/-/helper-validator-identifier-7.29.7.tgz 0ms (cache hit)
4281 http cache @babel/types@https://registry.npmjs.org/@babel/types/-/types-7.29.8.tgz 0ms (cache hit)
4282 http cache @babel/traverse@https://registry.npmjs.org/@babel/traverse/-/traverse-7.29.8.tgz 0ms (cache hit)
4283 http cache @babel/helper-string-parser@https://registry.npmjs.org/@babel/helper-string-parser/-/helper-string-parser-7.29.7.tgz 0ms (cache hit)
4284 http cache gensync@https://registry.npmjs.org/gensync/-/gensync-1.0.0-beta.2.tgz 0ms (cache hit)
4285 http cache @babel/generator@https://registry.npmjs.org/@babel/generator/-/generator-7.29.8.tgz 0ms (cache hit)
4286 http cache @babel/code-frame@https://registry.npmjs.org/@babel/code-frame/-/code-frame-7.29.7.tgz 0ms (cache hit)
4287 http cache zod@https://registry.npmjs.org/zod/-/zod-4.4.3.tgz 0ms (cache hit)
4288 http cache hermes-parser@https://registry.npmjs.org/hermes-parser/-/hermes-parser-0.25.1.tgz 0ms (cache hit)
4289 http cache @babel/template@https://registry.npmjs.org/@babel/template/-/template-7.29.7.tgz 0ms (cache hit)
4290 http cache zod-validation-error@https://registry.npmjs.org/zod-validation-error/-/zod-validation-error-4.0.2.tgz 0ms (cache hit)
4291 http cache @babel/helper-compilation-targets@https://registry.npmjs.org/@babel/helper-compilation-targets/-/helper-compilation-targets-7.29.7.tgz 0ms (cache hit)
4292 http cache @babel/helper-module-transforms@https://registry.npmjs.org/@babel/helper-module-transforms/-/helper-module-transforms-7.29.7.tgz 0ms (cache hit)
4293 http cache prop-types@https://registry.npmjs.org/prop-types/-/prop-types-15.8.1.tgz 0ms (cache hit)
4294 http cache @babel/helpers@https://registry.npmjs.org/@babel/helpers/-/helpers-7.29.7.tgz 0ms (cache hit)
4295 http cache @babel/core@https://registry.npmjs.org/@babel/core/-/core-7.29.7.tgz 0ms (cache hit)
4296 http cache string.prototype.repeat@https://registry.npmjs.org/string.prototype.repeat/-/string.prototype.repeat-1.0.0.tgz 0ms (cache hit)
4297 http cache @babel/parser@https://registry.npmjs.org/@babel/parser/-/parser-7.29.8.tgz 0ms (cache hit)
4298 http cache iterator.prototype@https://registry.npmjs.org/iterator.prototype/-/iterator.prototype-1.1.5.tgz 0ms (cache hit)
4299 http cache object.entries@https://registry.npmjs.org/object.entries/-/object.entries-1.1.9.tgz 0ms (cache hit)
4300 http cache estraverse@https://registry.npmjs.org/estraverse/-/estraverse-5.3.0.tgz 0ms (cache hit)
4301 http cache string.prototype.includes@https://registry.npmjs.org/string.prototype.includes/-/string.prototype.includes-2.0.1.tgz 0ms (cache hit)
4302 http cache array.prototype.findlast@https://registry.npmjs.org/array.prototype.findlast/-/array.prototype.findlast-1.2.5.tgz 0ms (cache hit)
4303 http cache array.prototype.tosorted@https://registry.npmjs.org/array.prototype.tosorted/-/array.prototype.tosorted-1.1.4.tgz 0ms (cache hit)
4304 http cache es-iterator-helpers@https://registry.npmjs.org/es-iterator-helpers/-/es-iterator-helpers-1.4.0.tgz 0ms (cache hit)
4305 http cache language-tags@https://registry.npmjs.org/language-tags/-/language-tags-1.0.9.tgz 0ms (cache hit)
4306 http cache jsx-ast-utils@https://registry.npmjs.org/jsx-ast-utils/-/jsx-ast-utils-3.3.5.tgz 0ms (cache hit)
4307 http cache string.prototype.matchall@https://registry.npmjs.org/string.prototype.matchall/-/string.prototype.matchall-4.0.12.tgz 0ms (cache hit)
4308 http cache damerau-levenshtein@https://registry.npmjs.org/damerau-levenshtein/-/damerau-levenshtein-1.0.8.tgz 0ms (cache hit)
4309 http cache emoji-regex@https://registry.npmjs.org/emoji-regex/-/emoji-regex-9.2.2.tgz 0ms (cache hit)
4310 http cache axe-core@https://registry.npmjs.org/axe-core/-/axe-core-4.13.0.tgz 0ms (cache hit)
4311 http cache ast-types-flow@https://registry.npmjs.org/ast-types-flow/-/ast-types-flow-0.0.8.tgz 0ms (cache hit)
4312 http cache aria-query@https://registry.npmjs.org/aria-query/-/aria-query-5.3.2.tgz 0ms (cache hit)
4313 http cache is-symbol@https://registry.npmjs.org/is-symbol/-/is-symbol-1.1.1.tgz 0ms (cache hit)
4314 http cache is-date-object@https://registry.npmjs.org/is-date-object/-/is-date-object-1.1.0.tgz 0ms (cache hit)
4315 http cache has-tostringtag@https://registry.npmjs.org/has-tostringtag/-/has-tostringtag-1.0.2.tgz 0ms (cache hit)
4316 http cache possible-typed-array-names@https://registry.npmjs.org/possible-typed-array-names/-/possible-typed-array-names-1.1.0.tgz 0ms (cache hit)
4317 http cache which-typed-array@https://registry.npmjs.org/which-typed-array/-/which-typed-array-1.1.22.tgz 0ms (cache hit)
4318 http cache es-abstract-get@https://registry.npmjs.org/es-abstract-get/-/es-abstract-get-1.0.0.tgz 0ms (cache hit)
4319 http cache axobject-query@https://registry.npmjs.org/axobject-query/-/axobject-query-4.1.0.tgz 0ms (cache hit)
4320 http cache typed-array-buffer@https://registry.npmjs.org/typed-array-buffer/-/typed-array-buffer-1.0.3.tgz 0ms (cache hit)
4321 http cache typed-array-byte-length@https://registry.npmjs.org/typed-array-byte-length/-/typed-array-byte-length-1.0.3.tgz 0ms (cache hit)
4322 http cache string.prototype.trimstart@https://registry.npmjs.org/string.prototype.trimstart/-/string.prototype.trimstart-1.0.8.tgz 0ms (cache hit)
4323 http cache typed-array-byte-offset@https://registry.npmjs.org/typed-array-byte-offset/-/typed-array-byte-offset-1.0.4.tgz 0ms (cache hit)
4324 http cache string.prototype.trim@https://registry.npmjs.org/string.prototype.trim/-/string.prototype.trim-1.2.11.tgz 0ms (cache hit)
4325 http cache typed-array-length@https://registry.npmjs.org/typed-array-length/-/typed-array-length-1.0.8.tgz 0ms (cache hit)
4326 http cache stop-iteration-iterator@https://registry.npmjs.org/stop-iteration-iterator/-/stop-iteration-iterator-1.1.0.tgz 0ms (cache hit)
4327 http cache safe-regex-test@https://registry.npmjs.org/safe-regex-test/-/safe-regex-test-1.1.0.tgz 0ms (cache hit)
4328 http cache safe-array-concat@https://registry.npmjs.org/safe-array-concat/-/safe-array-concat-1.1.4.tgz 0ms (cache hit)
4329 http cache set-proto@https://registry.npmjs.org/set-proto/-/set-proto-1.0.0.tgz 1ms (cache hit)
4330 http cache regexp.prototype.flags@https://registry.npmjs.org/regexp.prototype.flags/-/regexp.prototype.flags-1.5.4.tgz 0ms (cache hit)
4331 http cache own-keys@https://registry.npmjs.org/own-keys/-/own-keys-1.0.2.tgz 0ms (cache hit)
4332 http cache object.assign@https://registry.npmjs.org/object.assign/-/object.assign-4.1.7.tgz 0ms (cache hit)
4333 http cache is-typed-array@https://registry.npmjs.org/is-typed-array/-/is-typed-array-1.1.15.tgz 0ms (cache hit)
4334 http cache is-shared-array-buffer@https://registry.npmjs.org/is-shared-array-buffer/-/is-shared-array-buffer-1.0.4.tgz 0ms (cache hit)
4335 http cache is-set@https://registry.npmjs.org/is-set/-/is-set-2.0.3.tgz 0ms (cache hit)
4336 http cache is-regex@https://registry.npmjs.org/is-regex/-/is-regex-1.2.1.tgz 0ms (cache hit)
4337 http cache is-negative-zero@https://registry.npmjs.org/is-negative-zero/-/is-negative-zero-2.0.3.tgz 0ms (cache hit)
4338 http cache safe-push-apply@https://registry.npmjs.org/safe-push-apply/-/safe-push-apply-1.0.0.tgz 0ms (cache hit)
4339 http cache is-array-buffer@https://registry.npmjs.org/is-array-buffer/-/is-array-buffer-3.0.5.tgz 0ms (cache hit)
4340 http cache internal-slot@https://registry.npmjs.org/internal-slot/-/internal-slot-1.1.0.tgz 0ms (cache hit)
4341 http cache has-symbols@https://registry.npmjs.org/has-symbols/-/has-symbols-1.1.0.tgz 0ms (cache hit)
4342 http cache unbox-primitive@https://registry.npmjs.org/unbox-primitive/-/unbox-primitive-1.1.0.tgz 0ms (cache hit)
4343 http cache object-inspect@https://registry.npmjs.org/object-inspect/-/object-inspect-1.13.4.tgz 0ms (cache hit)
4344 http cache is-data-view@https://registry.npmjs.org/is-data-view/-/is-data-view-1.0.2.tgz 0ms (cache hit)
4345 http cache has-proto@https://registry.npmjs.org/has-proto/-/has-proto-1.2.0.tgz 0ms (cache hit)
4346 http cache is-weakref@https://registry.npmjs.org/is-weakref/-/is-weakref-1.1.1.tgz 0ms (cache hit)
4347 http cache globalthis@https://registry.npmjs.org/globalthis/-/globalthis-1.0.4.tgz 0ms (cache hit)
4348 http cache get-symbol-description@https://registry.npmjs.org/get-symbol-description/-/get-symbol-description-1.1.0.tgz 0ms (cache hit)
4349 http cache get-proto@https://registry.npmjs.org/get-proto/-/get-proto-1.0.1.tgz 0ms (cache hit)
4350 http cache function.prototype.name@https://registry.npmjs.org/function.prototype.name/-/function.prototype.name-1.2.0.tgz 0ms (cache hit)
4351 http cache es-set-tostringtag@https://registry.npmjs.org/es-set-tostringtag/-/es-set-tostringtag-2.1.0.tgz 0ms (cache hit)
4352 http cache es-to-primitive@https://registry.npmjs.org/es-to-primitive/-/es-to-primitive-1.3.4.tgz 0ms (cache hit)
4353 http cache is-callable@https://registry.npmjs.org/is-callable/-/is-callable-1.2.7.tgz 0ms (cache hit)
4354 http cache available-typed-arrays@https://registry.npmjs.org/available-typed-arrays/-/available-typed-arrays-1.0.7.tgz 0ms (cache hit)
4355 http cache data-view-byte-length@https://registry.npmjs.org/data-view-byte-length/-/data-view-byte-length-1.0.2.tgz 0ms (cache hit)
4356 http cache data-view-byte-offset@https://registry.npmjs.org/data-view-byte-offset/-/data-view-byte-offset-1.0.1.tgz 0ms (cache hit)
4357 http cache arraybuffer.prototype.slice@https://registry.npmjs.org/arraybuffer.prototype.slice/-/arraybuffer.prototype.slice-1.0.4.tgz 0ms (cache hit)
4358 http cache object-keys@https://registry.npmjs.org/object-keys/-/object-keys-1.1.1.tgz 0ms (cache hit)
4359 http cache data-view-buffer@https://registry.npmjs.org/data-view-buffer/-/data-view-buffer-1.0.2.tgz 0ms (cache hit)
4360 http cache gopd@https://registry.npmjs.org/gopd/-/gopd-1.2.0.tgz 0ms (cache hit)
4361 http cache has-property-descriptors@https://registry.npmjs.org/has-property-descriptors/-/has-property-descriptors-1.0.2.tgz 0ms (cache hit)
4362 http cache set-function-length@https://registry.npmjs.org/set-function-length/-/set-function-length-1.2.2.tgz 0ms (cache hit)
4363 http cache define-data-property@https://registry.npmjs.org/define-data-property/-/define-data-property-1.1.4.tgz 0ms (cache hit)
4364 http cache call-bind-apply-helpers@https://registry.npmjs.org/call-bind-apply-helpers/-/call-bind-apply-helpers-1.0.2.tgz 0ms (cache hit)
4365 http cache es-shim-unscopables@https://registry.npmjs.org/es-shim-unscopables/-/es-shim-unscopables-1.1.0.tgz 0ms (cache hit)
4366 http cache es-errors@https://registry.npmjs.org/es-errors/-/es-errors-1.3.0.tgz 0ms (cache hit)
4367 http cache es-define-property@https://registry.npmjs.org/es-define-property/-/es-define-property-1.0.1.tgz 0ms (cache hit)
4368 http cache function-bind@https://registry.npmjs.org/function-bind/-/function-bind-1.1.2.tgz 0ms (cache hit)
4369 http cache math-intrinsics@https://registry.npmjs.org/math-intrinsics/-/math-intrinsics-1.1.0.tgz 0ms (cache hit)
4370 http cache is-string@https://registry.npmjs.org/is-string/-/is-string-1.1.1.tgz 0ms (cache hit)
4371 http cache array-buffer-byte-length@https://registry.npmjs.org/array-buffer-byte-length/-/array-buffer-byte-length-1.0.2.tgz 0ms (cache hit)
4372 http cache es-abstract@https://registry.npmjs.org/es-abstract/-/es-abstract-1.24.2.tgz 0ms (cache hit)
4373 http cache call-bound@https://registry.npmjs.org/call-bound/-/call-bound-1.0.4.tgz 0ms (cache hit)
4374 http cache define-properties@https://registry.npmjs.org/define-properties/-/define-properties-1.2.1.tgz 0ms (cache hit)
4375 http cache get-intrinsic@https://registry.npmjs.org/get-intrinsic/-/get-intrinsic-1.3.0.tgz 0ms (cache hit)
4376 http cache call-bind@https://registry.npmjs.org/call-bind/-/call-bind-1.0.9.tgz 0ms (cache hit)
4377 http cache semver@https://registry.npmjs.org/semver/-/semver-6.3.1.tgz 0ms (cache hit)
4378 http cache es-object-atoms@https://registry.npmjs.org/es-object-atoms/-/es-object-atoms-1.1.2.tgz 0ms (cache hit)
4379 http cache hasown@https://registry.npmjs.org/hasown/-/hasown-2.0.4.tgz 0ms (cache hit)
4380 http cache object.groupby@https://registry.npmjs.org/object.groupby/-/object.groupby-1.0.3.tgz 0ms (cache hit)
4381 http cache string.prototype.trimend@https://registry.npmjs.org/string.prototype.trimend/-/string.prototype.trimend-1.0.10.tgz 0ms (cache hit)
4382 http cache object.fromentries@https://registry.npmjs.org/object.fromentries/-/object.fromentries-2.0.8.tgz 0ms (cache hit)
4383 http cache object.values@https://registry.npmjs.org/object.values/-/object.values-1.2.1.tgz 0ms (cache hit)
4384 http cache eslint-module-utils@https://registry.npmjs.org/eslint-module-utils/-/eslint-module-utils-2.14.0.tgz 0ms (cache hit)
4385 http cache array.prototype.flat@https://registry.npmjs.org/array.prototype.flat/-/array.prototype.flat-1.3.3.tgz 0ms (cache hit)
4386 http cache doctrine@https://registry.npmjs.org/doctrine/-/doctrine-2.1.0.tgz 0ms (cache hit)
4387 http cache array.prototype.flatmap@https://registry.npmjs.org/array.prototype.flatmap/-/array.prototype.flatmap-1.3.3.tgz 0ms (cache hit)
4388 http cache tsconfig-paths@https://registry.npmjs.org/tsconfig-paths/-/tsconfig-paths-3.15.0.tgz 0ms (cache hit)
4389 http cache array.prototype.findlastindex@https://registry.npmjs.org/array.prototype.findlastindex/-/array.prototype.findlastindex-1.2.6.tgz 0ms (cache hit)
4390 http cache array-includes@https://registry.npmjs.org/array-includes/-/array-includes-3.1.9.tgz 0ms (cache hit)
4391 http cache unrs-resolver@https://registry.npmjs.org/unrs-resolver/-/unrs-resolver-1.12.2.tgz 0ms (cache hit)
4392 http cache stable-hash@https://registry.npmjs.org/stable-hash/-/stable-hash-0.0.5.tgz 0ms (cache hit)
4393 http cache get-tsconfig@https://registry.npmjs.org/get-tsconfig/-/get-tsconfig-4.14.1.tgz 0ms (cache hit)
4394 http cache @nolyfill/is-core-module@https://registry.npmjs.org/@nolyfill/is-core-module/-/is-core-module-1.0.39.tgz 0ms (cache hit)
4395 http cache is-bun-module@https://registry.npmjs.org/is-bun-module/-/is-bun-module-2.0.0.tgz 0ms (cache hit)
4396 http cache tinyglobby@https://registry.npmjs.org/tinyglobby/-/tinyglobby-0.2.17.tgz 0ms (cache hit)
4397 http cache is-core-module@https://registry.npmjs.org/is-core-module/-/is-core-module-2.16.2.tgz 0ms (cache hit)
4398 http cache @rtsao/scc@https://registry.npmjs.org/@rtsao/scc/-/scc-1.1.0.tgz 0ms (cache hit)
4399 http cache fast-glob@https://registry.npmjs.org/fast-glob/-/fast-glob-3.3.1.tgz 0ms (cache hit)
4400 http cache eslint-plugin-react-hooks@https://registry.npmjs.org/eslint-plugin-react-hooks/-/eslint-plugin-react-hooks-7.1.1.tgz 0ms (cache hit)
4401 http cache typescript-eslint@https://registry.npmjs.org/typescript-eslint/-/typescript-eslint-8.67.0.tgz 0ms (cache hit)
4402 http cache eslint-plugin-react@https://registry.npmjs.org/eslint-plugin-react/-/eslint-plugin-react-7.37.5.tgz 0ms (cache hit)
4403 http cache eslint-plugin-import@https://registry.npmjs.org/eslint-plugin-import/-/eslint-plugin-import-2.32.0.tgz 0ms (cache hit)
4404 http cache eslint-plugin-jsx-a11y@https://registry.npmjs.org/eslint-plugin-jsx-a11y/-/eslint-plugin-jsx-a11y-6.10.2.tgz 0ms (cache hit)
4405 http cache eslint-import-resolver-node@https://registry.npmjs.org/eslint-import-resolver-node/-/eslint-import-resolver-node-0.3.10.tgz 0ms (cache hit)
4406 http cache resolve@https://registry.npmjs.org/resolve/-/resolve-2.0.0-next.7.tgz 0ms (cache hit)
4407 http cache ms@https://registry.npmjs.org/ms/-/ms-2.1.3.tgz 0ms (cache hit)
4408 http cache @next/eslint-plugin-next@https://registry.npmjs.org/@next/eslint-plugin-next/-/eslint-plugin-next-16.2.12.tgz 0ms (cache hit)
4409 http cache path-key@https://registry.npmjs.org/path-key/-/path-key-3.1.1.tgz 0ms (cache hit)
4410 http cache shebang-command@https://registry.npmjs.org/shebang-command/-/shebang-command-2.0.0.tgz 0ms (cache hit)
4411 http cache eslint-import-resolver-typescript@https://registry.npmjs.org/eslint-import-resolver-typescript/-/eslint-import-resolver-typescript-3.10.1.tgz 0ms (cache hit)
4412 http cache color-name@https://registry.npmjs.org/color-name/-/color-name-1.1.4.tgz 0ms (cache hit)
4413 http cache color-convert@https://registry.npmjs.org/color-convert/-/color-convert-2.0.1.tgz 0ms (cache hit)
4414 http cache ansi-styles@https://registry.npmjs.org/ansi-styles/-/ansi-styles-4.3.0.tgz 0ms (cache hit)
4415 http cache which@https://registry.npmjs.org/which/-/which-2.0.2.tgz 0ms (cache hit)
4416 http cache json-schema-traverse@https://registry.npmjs.org/json-schema-traverse/-/json-schema-traverse-0.4.1.tgz 0ms (cache hit)
4417 http cache uri-js@https://registry.npmjs.org/uri-js/-/uri-js-4.4.1.tgz 0ms (cache hit)
4418 http cache supports-color@https://registry.npmjs.org/supports-color/-/supports-color-7.2.0.tgz 0ms (cache hit)
4419 http cache @humanfs/core@https://registry.npmjs.org/@humanfs/core/-/core-0.19.2.tgz 0ms (cache hit)
4420 http cache @humanfs/types@https://registry.npmjs.org/@humanfs/types/-/types-0.15.0.tgz 0ms (cache hit)
4421 http cache js-yaml@https://registry.npmjs.org/js-yaml/-/js-yaml-4.3.1.tgz 0ms (cache hit)
4422 http cache strip-json-comments@https://registry.npmjs.org/strip-json-comments/-/strip-json-comments-3.1.1.tgz 0ms (cache hit)
4423 http cache import-fresh@https://registry.npmjs.org/import-fresh/-/import-fresh-3.3.1.tgz 0ms (cache hit)
4424 http cache levn@https://registry.npmjs.org/levn/-/levn-0.4.1.tgz 0ms (cache hit)
4425 http cache globals@https://registry.npmjs.org/globals/-/globals-14.0.0.tgz 0ms (cache hit)
4426 http cache @eslint/object-schema@https://registry.npmjs.org/@eslint/object-schema/-/object-schema-2.1.7.tgz 0ms (cache hit)
4427 http cache @types/json-schema@https://registry.npmjs.org/@types/json-schema/-/json-schema-7.0.15.tgz 0ms (cache hit)
4428 http cache json-stable-stringify-without-jsonify@https://registry.npmjs.org/json-stable-stringify-without-jsonify/-/json-stable-stringify-without-jsonify-1.0.1.tgz 0ms (cache hit)
4429 http cache optionator@https://registry.npmjs.org/optionator/-/optionator-0.9.4.tgz 0ms (cache hit)
4430 http cache lodash.merge@https://registry.npmjs.org/lodash.merge/-/lodash.merge-4.6.2.tgz 0ms (cache hit)
4431 http cache minimatch@https://registry.npmjs.org/minimatch/-/minimatch-3.1.5.tgz 0ms (cache hit)
4432 http cache imurmurhash@https://registry.npmjs.org/imurmurhash/-/imurmurhash-0.1.4.tgz 0ms (cache hit)
4433 http cache fast-json-stable-stringify@https://registry.npmjs.org/fast-json-stable-stringify/-/fast-json-stable-stringify-2.1.0.tgz 0ms (cache hit)
4434 http cache glob-parent@https://registry.npmjs.org/glob-parent/-/glob-parent-6.0.2.tgz 0ms (cache hit)
4435 http cache ignore@https://registry.npmjs.org/ignore/-/ignore-5.3.2.tgz 0ms (cache hit)
4436 http cache is-glob@https://registry.npmjs.org/is-glob/-/is-glob-4.0.3.tgz 0ms (cache hit)
4437 http cache natural-compare@https://registry.npmjs.org/natural-compare/-/natural-compare-1.4.0.tgz 0ms (cache hit)
4438 http cache file-entry-cache@https://registry.npmjs.org/file-entry-cache/-/file-entry-cache-8.0.0.tgz 0ms (cache hit)
4439 http cache fast-deep-equal@https://registry.npmjs.org/fast-deep-equal/-/fast-deep-equal-3.1.3.tgz 0ms (cache hit)
4440 http cache find-up@https://registry.npmjs.org/find-up/-/find-up-5.0.0.tgz 0ms (cache hit)
4441 http cache espree@https://registry.npmjs.org/espree/-/espree-10.4.0.tgz 0ms (cache hit)
4442 http cache eslint-scope@https://registry.npmjs.org/eslint-scope/-/eslint-scope-8.4.0.tgz 0ms (cache hit)
4443 http cache esquery@https://registry.npmjs.org/esquery/-/esquery-1.7.0.tgz 0ms (cache hit)
4444 http cache esutils@https://registry.npmjs.org/esutils/-/esutils-2.0.3.tgz 0ms (cache hit)
4445 http cache debug@https://registry.npmjs.org/debug/-/debug-4.4.3.tgz 0ms (cache hit)
4446 http cache escape-string-regexp@https://registry.npmjs.org/escape-string-regexp/-/escape-string-regexp-4.0.0.tgz 0ms (cache hit)
4447 http cache @humanwhocodes/retry@https://registry.npmjs.org/@humanwhocodes/retry/-/retry-0.4.3.tgz 0ms (cache hit)
4448 http cache cross-spawn@https://registry.npmjs.org/cross-spawn/-/cross-spawn-7.0.6.tgz 0ms (cache hit)
4449 http cache @types/estree@https://registry.npmjs.org/@types/estree/-/estree-1.0.9.tgz 0ms (cache hit)
4450 http cache ajv@https://registry.npmjs.org/ajv/-/ajv-6.15.0.tgz 0ms (cache hit)
4451 http cache @humanwhocodes/module-importer@https://registry.npmjs.org/@humanwhocodes/module-importer/-/module-importer-1.0.1.tgz 0ms (cache hit)
4452 http cache @humanfs/node@https://registry.npmjs.org/@humanfs/node/-/node-0.16.8.tgz 0ms (cache hit)
4453 http cache @eslint/eslintrc@https://registry.npmjs.org/@eslint/eslintrc/-/eslintrc-3.3.6.tgz 0ms (cache hit)
4454 http cache chalk@https://registry.npmjs.org/chalk/-/chalk-4.1.2.tgz 0ms (cache hit)
4455 http cache @eslint/plugin-kit@https://registry.npmjs.org/@eslint/plugin-kit/-/plugin-kit-0.4.1.tgz 0ms (cache hit)
4456 http cache @eslint/core@https://registry.npmjs.org/@eslint/core/-/core-0.17.0.tgz 0ms (cache hit)
4457 http cache @eslint/config-array@https://registry.npmjs.org/@eslint/config-array/-/config-array-0.21.2.tgz 0ms (cache hit)
4458 http cache @eslint/config-helpers@https://registry.npmjs.org/@eslint/config-helpers/-/config-helpers-0.4.2.tgz 0ms (cache hit)
4459 http cache @eslint/js@https://registry.npmjs.org/@eslint/js/-/js-9.39.5.tgz 0ms (cache hit)
4460 http cache @eslint-community/regexpp@https://registry.npmjs.org/@eslint-community/regexpp/-/regexpp-4.12.2.tgz 0ms (cache hit)
4461 http cache @eslint-community/eslint-utils@https://registry.npmjs.org/@eslint-community/eslint-utils/-/eslint-utils-4.10.1.tgz 0ms (cache hit)
4462 http cache csstype@https://registry.npmjs.org/csstype/-/csstype-3.2.3.tgz 0ms (cache hit)
4463 http cache eslint-visitor-keys@https://registry.npmjs.org/eslint-visitor-keys/-/eslint-visitor-keys-4.2.1.tgz 0ms (cache hit)
4464 http cache tapable@https://registry.npmjs.org/tapable/-/tapable-2.3.3.tgz 0ms (cache hit)
4465 http cache @tailwindcss/oxide-darwin-arm64@https://registry.npmjs.org/@tailwindcss/oxide-darwin-arm64/-/oxide-darwin-arm64-4.3.3.tgz 0ms (cache hit)
4466 http cache @jridgewell/sourcemap-codec@https://registry.npmjs.org/@jridgewell/sourcemap-codec/-/sourcemap-codec-1.5.5.tgz 0ms (cache hit)
4467 http cache undici-types@https://registry.npmjs.org/undici-types/-/undici-types-6.21.0.tgz 0ms (cache hit)
4468 http cache @jridgewell/resolve-uri@https://registry.npmjs.org/@jridgewell/resolve-uri/-/resolve-uri-3.1.2.tgz 0ms (cache hit)
4469 http cache @jridgewell/trace-mapping@https://registry.npmjs.org/@jridgewell/trace-mapping/-/trace-mapping-0.3.31.tgz 0ms (cache hit)
4470 http cache graceful-fs@https://registry.npmjs.org/graceful-fs/-/graceful-fs-4.2.11.tgz 0ms (cache hit)
4471 http cache lightningcss@https://registry.npmjs.org/lightningcss/-/lightningcss-1.32.0.tgz 0ms (cache hit)
4472 http cache enhanced-resolve@https://registry.npmjs.org/enhanced-resolve/-/enhanced-resolve-5.24.5.tgz 0ms (cache hit)
4473 http cache @jridgewell/gen-mapping@https://registry.npmjs.org/@jridgewell/gen-mapping/-/gen-mapping-0.3.13.tgz 0ms (cache hit)
4474 http cache @jridgewell/remapping@https://registry.npmjs.org/@jridgewell/remapping/-/remapping-2.3.5.tgz 0ms (cache hit)
4475 http cache jiti@https://registry.npmjs.org/jiti/-/jiti-2.7.0.tgz 0ms (cache hit)
4476 http cache postcss@https://registry.npmjs.org/postcss/-/postcss-8.5.26.tgz 0ms (cache hit)
4477 http cache @tailwindcss/node@https://registry.npmjs.org/@tailwindcss/node/-/node-4.3.3.tgz 0ms (cache hit)
4478 http cache source-map-js@https://registry.npmjs.org/source-map-js/-/source-map-js-1.2.1.tgz 0ms (cache hit)
4479 http cache @floating-ui/core@https://registry.npmjs.org/@floating-ui/core/-/core-1.8.0.tgz 0ms (cache hit)
4480 http cache @tailwindcss/oxide@https://registry.npmjs.org/@tailwindcss/oxide/-/oxide-4.3.3.tgz 0ms (cache hit)
4481 http cache @alloc/quick-lru@https://registry.npmjs.org/@alloc/quick-lru/-/quick-lru-5.2.0.tgz 0ms (cache hit)
4482 http cache use-sync-external-store@https://registry.npmjs.org/use-sync-external-store/-/use-sync-external-store-1.6.0.tgz 0ms (cache hit)
4483 http cache @floating-ui/utils@https://registry.npmjs.org/@floating-ui/utils/-/utils-0.2.12.tgz 0ms (cache hit)
4484 http cache reselect@https://registry.npmjs.org/reselect/-/reselect-5.2.0.tgz 0ms (cache hit)
4485 http cache @floating-ui/dom@https://registry.npmjs.org/@floating-ui/dom/-/dom-1.8.0.tgz 0ms (cache hit)
4486 http cache @babel/runtime@https://registry.npmjs.org/@babel/runtime/-/runtime-7.29.7.tgz 0ms (cache hit)
4487 http cache @floating-ui/react-dom@https://registry.npmjs.org/@floating-ui/react-dom/-/react-dom-2.1.9.tgz 0ms (cache hit)
4488 http cache tailwindcss@https://registry.npmjs.org/tailwindcss/-/tailwindcss-4.3.3.tgz 0ms (cache hit)
4489 http cache magic-string@https://registry.npmjs.org/magic-string/-/magic-string-0.30.21.tgz 0ms (cache hit)
4490 http cache tw-animate-css@https://registry.npmjs.org/tw-animate-css/-/tw-animate-css-1.4.0.tgz 0ms (cache hit)
4491 http cache shadcn@https://registry.npmjs.org/shadcn/-/shadcn-4.16.2.tgz 0ms (cache hit)
4492 http cache recharts@https://registry.npmjs.org/recharts/-/recharts-3.10.1.tgz 0ms (cache hit)
4493 http cache @base-ui/utils@https://registry.npmjs.org/@base-ui/utils/-/utils-0.3.2.tgz 0ms (cache hit)
4494 http cache tailwind-merge@https://registry.npmjs.org/tailwind-merge/-/tailwind-merge-3.6.0.tgz 0ms (cache hit)
4495 http cache typescript@https://registry.npmjs.org/typescript/-/typescript-5.9.3.tgz 0ms (cache hit)
4496 http cache react-is@https://registry.npmjs.org/react-is/-/react-is-19.2.8.tgz 0ms (cache hit)
4497 http cache framer-motion@https://registry.npmjs.org/framer-motion/-/framer-motion-12.43.0.tgz 0ms (cache hit)
4498 http cache clsx@https://registry.npmjs.org/clsx/-/clsx-2.1.1.tgz 0ms (cache hit)
4499 http cache next-themes@https://registry.npmjs.org/next-themes/-/next-themes-0.4.6.tgz 0ms (cache hit)
4500 http cache next@https://registry.npmjs.org/next/-/next-16.2.12.tgz 0ms (cache hit)
4501 http cache class-variance-authority@https://registry.npmjs.org/class-variance-authority/-/class-variance-authority-0.7.1.tgz 0ms (cache hit)
4502 http cache @types/react-dom@https://registry.npmjs.org/@types/react-dom/-/react-dom-19.2.4.tgz 0ms (cache hit)
4503 http cache lucide-react@https://registry.npmjs.org/lucide-react/-/lucide-react-1.31.0.tgz 0ms (cache hit)
4504 http cache @types/react@https://registry.npmjs.org/@types/react/-/react-19.2.18.tgz 0ms (cache hit)
4505 http cache @types/node@https://registry.npmjs.org/@types/node/-/node-20.19.43.tgz 0ms (cache hit)
4506 http cache eslint@https://registry.npmjs.org/eslint/-/eslint-9.39.5.tgz 0ms (cache hit)
4507 http cache react@https://registry.npmjs.org/react/-/react-19.2.4.tgz 0ms (cache hit)
4508 http cache react-dom@https://registry.npmjs.org/react-dom/-/react-dom-19.2.4.tgz 0ms (cache hit)
4509 http cache eslint-visitor-keys@https://registry.npmjs.org/eslint-visitor-keys/-/eslint-visitor-keys-5.0.1.tgz 0ms (cache hit)
4510 http cache brace-expansion@https://registry.npmjs.org/brace-expansion/-/brace-expansion-5.0.9.tgz 0ms (cache hit)
4511 http cache eslint-config-next@https://registry.npmjs.org/eslint-config-next/-/eslint-config-next-16.2.12.tgz 0ms (cache hit)
4512 http cache @tailwindcss/postcss@https://registry.npmjs.org/@tailwindcss/postcss/-/postcss-4.3.3.tgz 0ms (cache hit)
4513 http cache minimatch@https://registry.npmjs.org/minimatch/-/minimatch-10.2.6.tgz 0ms (cache hit)
4514 http cache @base-ui/react@https://registry.npmjs.org/@base-ui/react/-/react-1.7.0.tgz 0ms (cache hit)
4515 http cache balanced-match@https://registry.npmjs.org/balanced-match/-/balanced-match-4.0.4.tgz 0ms (cache hit)
4516 http cache brace-expansion@https://registry.npmjs.org/brace-expansion/-/brace-expansion-5.0.9.tgz 0ms (cache hit)
4517 http cache balanced-match@https://registry.npmjs.org/balanced-match/-/balanced-match-4.0.4.tgz 0ms (cache hit)
4518 http cache semver@https://registry.npmjs.org/semver/-/semver-7.8.5.tgz 0ms (cache hit)
4519 http cache minimatch@https://registry.npmjs.org/minimatch/-/minimatch-10.2.6.tgz 0ms (cache hit)
4520 http cache fast-glob@https://registry.npmjs.org/fast-glob/-/fast-glob-3.3.3.tgz 0ms (cache hit)
4521 http cache glob-parent@https://registry.npmjs.org/glob-parent/-/glob-parent-5.1.2.tgz 0ms (cache hit)
4522 http cache ignore@https://registry.npmjs.org/ignore/-/ignore-7.0.6.tgz 0ms (cache hit)
4523 http cache ansi-regex@https://registry.npmjs.org/ansi-regex/-/ansi-regex-6.2.2.tgz 0ms (cache hit)
4524 http cache is-unicode-supported@https://registry.npmjs.org/is-unicode-supported/-/is-unicode-supported-1.3.0.tgz 0ms (cache hit)
4525 http cache strip-ansi@https://registry.npmjs.org/strip-ansi/-/strip-ansi-7.2.0.tgz 0ms (cache hit)
4526 http cache onetime@https://registry.npmjs.org/onetime/-/onetime-7.0.0.tgz 0ms (cache hit)
4527 http cache content-type@https://registry.npmjs.org/content-type/-/content-type-2.0.0.tgz 0ms (cache hit)
4528 http cache p-locate@https://registry.npmjs.org/p-locate/-/p-locate-3.0.0.tgz 0ms (cache hit)
4529 http cache chalk@https://registry.npmjs.org/chalk/-/chalk-5.6.2.tgz 0ms (cache hit)
4530 http cache locate-path@https://registry.npmjs.org/locate-path/-/locate-path-3.0.0.tgz 0ms (cache hit)
4531 http cache content-type@https://registry.npmjs.org/content-type/-/content-type-2.0.0.tgz 0ms (cache hit)
4532 http cache mimic-fn@https://registry.npmjs.org/mimic-fn/-/mimic-fn-2.1.0.tgz 0ms (cache hit)
4533 http cache path-key@https://registry.npmjs.org/path-key/-/path-key-4.0.0.tgz 1ms (cache hit)
4534 http cache path-exists@https://registry.npmjs.org/path-exists/-/path-exists-3.0.0.tgz 0ms (cache hit)
4535 http cache json-schema-traverse@https://registry.npmjs.org/json-schema-traverse/-/json-schema-traverse-1.0.0.tgz 0ms (cache hit)
4536 http cache find-up@https://registry.npmjs.org/find-up/-/find-up-3.0.0.tgz 0ms (cache hit)
4537 http cache ajv@https://registry.npmjs.org/ajv/-/ajv-8.20.0.tgz 0ms (cache hit)
4538 http cache semver@https://registry.npmjs.org/semver/-/semver-7.8.5.tgz 0ms (cache hit)
4539 http cache json-schema-traverse@https://registry.npmjs.org/json-schema-traverse/-/json-schema-traverse-1.0.0.tgz 0ms (cache hit)
4540 http cache json-schema-typed@https://registry.npmjs.org/json-schema-typed/-/json-schema-typed-7.0.3.tgz 0ms (cache hit)
4541 http cache is-obj@https://registry.npmjs.org/is-obj/-/is-obj-3.0.0.tgz 0ms (cache hit)
4542 http cache ajv-formats@https://registry.npmjs.org/ajv-formats/-/ajv-formats-2.1.1.tgz 0ms (cache hit)
4543 http cache kleur@https://registry.npmjs.org/kleur/-/kleur-3.0.3.tgz 0ms (cache hit)
4544 http cache strip-ansi@https://registry.npmjs.org/strip-ansi/-/strip-ansi-7.2.0.tgz 0ms (cache hit)
4545 http cache chalk@https://registry.npmjs.org/chalk/-/chalk-5.6.2.tgz 0ms (cache hit)
4546 http cache emoji-regex@https://registry.npmjs.org/emoji-regex/-/emoji-regex-10.6.0.tgz 0ms (cache hit)
4547 http cache is-wsl@https://registry.npmjs.org/is-wsl/-/is-wsl-2.2.0.tgz 0ms (cache hit)
4548 http cache ajv@https://registry.npmjs.org/ajv/-/ajv-8.20.0.tgz 0ms (cache hit)
4549 http cache ajv@https://registry.npmjs.org/ajv/-/ajv-8.20.0.tgz 0ms (cache hit)
4550 http cache isexe@https://registry.npmjs.org/isexe/-/isexe-3.1.5.tgz 0ms (cache hit)
4551 http cache is-docker@https://registry.npmjs.org/is-docker/-/is-docker-2.2.1.tgz 0ms (cache hit)
4552 http cache define-lazy-prop@https://registry.npmjs.org/define-lazy-prop/-/define-lazy-prop-2.0.0.tgz 0ms (cache hit)
4553 http cache strip-final-newline@https://registry.npmjs.org/strip-final-newline/-/strip-final-newline-2.0.0.tgz 0ms (cache hit)
4554 http cache npm-run-path@https://registry.npmjs.org/npm-run-path/-/npm-run-path-4.0.1.tgz 0ms (cache hit)
4555 http cache ansi-regex@https://registry.npmjs.org/ansi-regex/-/ansi-regex-6.2.2.tgz 0ms (cache hit)
4556 http cache json-schema-traverse@https://registry.npmjs.org/json-schema-traverse/-/json-schema-traverse-1.0.0.tgz 0ms (cache hit)
4557 http cache is-stream@https://registry.npmjs.org/is-stream/-/is-stream-2.0.1.tgz 0ms (cache hit)
4558 http cache open@https://registry.npmjs.org/open/-/open-8.4.2.tgz 0ms (cache hit)
4559 http cache which@https://registry.npmjs.org/which/-/which-4.0.0.tgz 0ms (cache hit)
4560 http cache p-limit@https://registry.npmjs.org/p-limit/-/p-limit-2.3.0.tgz 0ms (cache hit)
4561 http cache signal-exit@https://registry.npmjs.org/signal-exit/-/signal-exit-3.0.7.tgz 0ms (cache hit)
4562 http cache picomatch@https://registry.npmjs.org/picomatch/-/picomatch-4.0.5.tgz 0ms (cache hit)
4563 http cache human-signals@https://registry.npmjs.org/human-signals/-/human-signals-2.1.0.tgz 0ms (cache hit)
4564 http cache get-stream@https://registry.npmjs.org/get-stream/-/get-stream-6.0.1.tgz 0ms (cache hit)
4565 http cache fdir@https://registry.npmjs.org/fdir/-/fdir-6.5.0.tgz 0ms (cache hit)
4566 http cache react-is@https://registry.npmjs.org/react-is/-/react-is-16.13.1.tgz 0ms (cache hit)
4567 http cache execa@https://registry.npmjs.org/execa/-/execa-5.1.1.tgz 0ms (cache hit)
4568 http cache semver@https://registry.npmjs.org/semver/-/semver-7.8.5.tgz 0ms (cache hit)
4569 http cache json5@https://registry.npmjs.org/json5/-/json5-1.0.2.tgz 0ms (cache hit)
4570 http cache fdir@https://registry.npmjs.org/fdir/-/fdir-6.5.0.tgz 0ms (cache hit)
4571 http cache commander@https://registry.npmjs.org/commander/-/commander-11.1.0.tgz 0ms (cache hit)
4572 http cache debug@https://registry.npmjs.org/debug/-/debug-3.2.7.tgz 0ms (cache hit)
4573 http cache debug@https://registry.npmjs.org/debug/-/debug-3.2.7.tgz 0ms (cache hit)
4574 http cache picomatch@https://registry.npmjs.org/picomatch/-/picomatch-4.0.5.tgz 0ms (cache hit)
4575 http cache debug@https://registry.npmjs.org/debug/-/debug-3.2.7.tgz 0ms (cache hit)
4576 http cache glob-parent@https://registry.npmjs.org/glob-parent/-/glob-parent-5.1.2.tgz 0ms (cache hit)
4577 http cache glob-parent@https://registry.npmjs.org/glob-parent/-/glob-parent-5.1.2.tgz 0ms (cache hit)
4578 http cache semver@https://registry.npmjs.org/semver/-/semver-7.8.5.tgz 0ms (cache hit)
4579 http cache fast-glob@https://registry.npmjs.org/fast-glob/-/fast-glob-3.3.3.tgz 0ms (cache hit)
4580 http cache tsconfig-paths@https://registry.npmjs.org/tsconfig-paths/-/tsconfig-paths-4.2.0.tgz 0ms (cache hit)
4581 http cache eslint-visitor-keys@https://registry.npmjs.org/eslint-visitor-keys/-/eslint-visitor-keys-3.4.3.tgz 0ms (cache hit)
4582 silly tarball no local data for mimic-function@https://registry.npmjs.org/mimic-function/-/mimic-function-5.0.1.tgz. Extracting by manifest.
4583 silly tarball no local data for require-from-string@https://registry.npmjs.org/require-from-string/-/require-from-string-2.0.2.tgz. Extracting by manifest.
4584 silly tarball no local data for p-try@https://registry.npmjs.org/p-try/-/p-try-2.2.0.tgz. Extracting by manifest.
4585 silly tarball no local data for fast-uri@https://registry.npmjs.org/fast-uri/-/fast-uri-3.1.5.tgz. Extracting by manifest.
4586 silly tarball no local data for merge-stream@https://registry.npmjs.org/merge-stream/-/merge-stream-2.0.0.tgz. Extracting by manifest.
4587 silly tarball no local data for is-wsl@https://registry.npmjs.org/is-wsl/-/is-wsl-3.1.1.tgz. Extracting by manifest.
4588 http cache zod@https://registry.npmjs.org/zod/-/zod-3.25.76.tgz 0ms (cache hit)
4589 silly tarball no local data for is-weakmap@https://registry.npmjs.org/is-weakmap/-/is-weakmap-2.0.2.tgz. Extracting by manifest.
4590 silly tarball no local data for is-weakset@https://registry.npmjs.org/is-weakset/-/is-weakset-2.0.4.tgz. Extracting by manifest.
4591 http cache globals@https://registry.npmjs.org/globals/-/globals-16.4.0.tgz 0ms (cache hit)
4592 silly tarball no local data for async-function@https://registry.npmjs.org/async-function/-/async-function-1.0.0.tgz. Extracting by manifest.
4593 http cache postcss@https://registry.npmjs.org/postcss/-/postcss-8.4.31.tgz 0ms (cache hit)
4594 silly tarball no local data for is-map@https://registry.npmjs.org/is-map/-/is-map-2.0.3.tgz. Extracting by manifest.
4595 silly tarball no local data for is-finalizationregistry@https://registry.npmjs.org/is-finalizationregistry/-/is-finalizationregistry-1.1.1.tgz. Extracting by manifest.
4596 silly tarball no local data for is-async-function@https://registry.npmjs.org/is-async-function/-/is-async-function-2.1.1.tgz. Extracting by manifest.
4597 silly tarball no local data for is-generator-function@https://registry.npmjs.org/is-generator-function/-/is-generator-function-1.1.2.tgz. Extracting by manifest.
4598 silly tarball no local data for is-number-object@https://registry.npmjs.org/is-number-object/-/is-number-object-1.1.1.tgz. Extracting by manifest.
4599 silly tarball no local data for is-bigint@https://registry.npmjs.org/is-bigint/-/is-bigint-1.1.0.tgz. Extracting by manifest.
4600 silly tarball no local data for is-boolean-object@https://registry.npmjs.org/is-boolean-object/-/is-boolean-object-1.2.2.tgz. Extracting by manifest.
4601 silly tarball no local data for which-collection@https://registry.npmjs.org/which-collection/-/which-collection-1.0.2.tgz. Extracting by manifest.
4602 silly tarball no local data for isexe@https://registry.npmjs.org/isexe/-/isexe-2.0.0.tgz. Extracting by manifest.
4603 silly tarball no local data for d3-time-format@https://registry.npmjs.org/d3-time-format/-/d3-time-format-4.1.0.tgz. Extracting by manifest.
4604 silly tarball no local data for generator-function@https://registry.npmjs.org/generator-function/-/generator-function-2.0.1.tgz. Extracting by manifest.
4605 silly tarball no local data for d3-path@https://registry.npmjs.org/d3-path/-/d3-path-3.1.0.tgz. Extracting by manifest.
4606 silly tarball no local data for d3-format@https://registry.npmjs.org/d3-format/-/d3-format-3.1.2.tgz. Extracting by manifest.
4607 silly tarball no local data for d3-timer@https://registry.npmjs.org/d3-timer/-/d3-timer-3.0.1.tgz. Extracting by manifest.
4608 silly tarball no local data for d3-color@https://registry.npmjs.org/d3-color/-/d3-color-3.1.0.tgz. Extracting by manifest.
4609 silly tarball no local data for internmap@https://registry.npmjs.org/internmap/-/internmap-2.0.3.tgz. Extracting by manifest.
4610 silly tarball no local data for d3-time@https://registry.npmjs.org/d3-time/-/d3-time-3.1.0.tgz. Extracting by manifest.
4611 silly tarball no local data for @types/d3-path@https://registry.npmjs.org/@types/d3-path/-/d3-path-3.1.1.tgz. Extracting by manifest.
4612 silly tarball no local data for d3-shape@https://registry.npmjs.org/d3-shape/-/d3-shape-3.2.0.tgz. Extracting by manifest.
4613 silly tarball no local data for d3-ease@https://registry.npmjs.org/d3-ease/-/d3-ease-3.0.1.tgz. Extracting by manifest.
4614 silly tarball no local data for d3-scale@https://registry.npmjs.org/d3-scale/-/d3-scale-4.0.2.tgz. Extracting by manifest.
4615 silly tarball no local data for @types/d3-timer@https://registry.npmjs.org/@types/d3-timer/-/d3-timer-3.0.2.tgz. Extracting by manifest.
4616 silly tarball no local data for @types/d3-time@https://registry.npmjs.org/@types/d3-time/-/d3-time-3.0.4.tgz. Extracting by manifest.
4617 silly tarball no local data for @types/d3-scale@https://registry.npmjs.org/@types/d3-scale/-/d3-scale-4.0.9.tgz. Extracting by manifest.
4618 silly tarball no local data for @types/d3-shape@https://registry.npmjs.org/@types/d3-shape/-/d3-shape-3.1.8.tgz. Extracting by manifest.
4619 silly tarball no local data for @types/d3-interpolate@https://registry.npmjs.org/@types/d3-interpolate/-/d3-interpolate-3.0.4.tgz. Extracting by manifest.
4620 silly tarball no local data for d3-array@https://registry.npmjs.org/d3-array/-/d3-array-3.2.4.tgz. Extracting by manifest.
4621 silly tarball no local data for @types/d3-ease@https://registry.npmjs.org/@types/d3-ease/-/d3-ease-3.0.2.tgz. Extracting by manifest.
4622 silly tarball no local data for @types/d3-array@https://registry.npmjs.org/@types/d3-array/-/d3-array-3.2.2.tgz. Extracting by manifest.
4623 silly tarball no local data for escalade@https://registry.npmjs.org/escalade/-/escalade-3.2.0.tgz. Extracting by manifest.
4624 silly tarball no local data for napi-postinstall@https://registry.npmjs.org/napi-postinstall/-/napi-postinstall-0.3.4.tgz. Extracting by manifest.
4625 silly tarball no local data for d3-interpolate@https://registry.npmjs.org/d3-interpolate/-/d3-interpolate-3.0.1.tgz. Extracting by manifest.
4626 silly tarball no local data for which-boxed-primitive@https://registry.npmjs.org/which-boxed-primitive/-/which-boxed-primitive-1.1.1.tgz. Extracting by manifest.
4627 silly tarball no local data for @unrs/resolver-binding-darwin-arm64@https://registry.npmjs.org/@unrs/resolver-binding-darwin-arm64/-/resolver-binding-darwin-arm64-1.12.2.tgz. Extracting by manifest.
4628 silly tarball no local data for punycode@https://registry.npmjs.org/punycode/-/punycode-2.3.1.tgz. Extracting by manifest.
4629 silly tarball no local data for @typescript-eslint/tsconfig-utils@https://registry.npmjs.org/@typescript-eslint/tsconfig-utils/-/tsconfig-utils-8.67.0.tgz. Extracting by manifest.
4630 silly tarball no local data for @typescript-eslint/types@https://registry.npmjs.org/@typescript-eslint/types/-/types-8.67.0.tgz. Extracting by manifest.
4631 silly tarball no local data for @typescript-eslint/visitor-keys@https://registry.npmjs.org/@typescript-eslint/visitor-keys/-/visitor-keys-8.67.0.tgz. Extracting by manifest.
4632 silly tarball no local data for @types/d3-color@https://registry.npmjs.org/@types/d3-color/-/d3-color-3.1.3.tgz. Extracting by manifest.
4633 silly tarball no local data for has-bigints@https://registry.npmjs.org/has-bigints/-/has-bigints-1.1.0.tgz. Extracting by manifest.
4634 silly tarball no local data for @typescript-eslint/project-service@https://registry.npmjs.org/@typescript-eslint/project-service/-/project-service-8.67.0.tgz. Extracting by manifest.
4635 silly tarball no local data for ts-api-utils@https://registry.npmjs.org/ts-api-utils/-/ts-api-utils-2.5.0.tgz. Extracting by manifest.
4636 silly tarball no local data for @typescript-eslint/type-utils@https://registry.npmjs.org/@typescript-eslint/type-utils/-/type-utils-8.67.0.tgz. Extracting by manifest.
4637 silly tarball no local data for @typescript-eslint/scope-manager@https://registry.npmjs.org/@typescript-eslint/scope-manager/-/scope-manager-8.67.0.tgz. Extracting by manifest.
4638 silly tarball no local data for @typescript-eslint/parser@https://registry.npmjs.org/@typescript-eslint/parser/-/parser-8.67.0.tgz. Extracting by manifest.
4639 silly tarball no local data for which-builtin-type@https://registry.npmjs.org/which-builtin-type/-/which-builtin-type-1.2.1.tgz. Extracting by manifest.
4640 silly tarball no local data for @typescript-eslint/eslint-plugin@https://registry.npmjs.org/@typescript-eslint/eslint-plugin/-/eslint-plugin-8.67.0.tgz. Extracting by manifest.
4641 silly tarball no local data for reflect.getprototypeof@https://registry.npmjs.org/reflect.getprototypeof/-/reflect.getprototypeof-1.0.10.tgz. Extracting by manifest.
4642 silly tarball no local data for @typescript-eslint/utils@https://registry.npmjs.org/@typescript-eslint/utils/-/utils-8.67.0.tgz. Extracting by manifest.
4643 silly tarball no local data for strip-bom@https://registry.npmjs.org/strip-bom/-/strip-bom-3.0.0.tgz. Extracting by manifest.
4644 silly tarball no local data for @typescript-eslint/typescript-estree@https://registry.npmjs.org/@typescript-eslint/typescript-estree/-/typescript-estree-8.67.0.tgz. Extracting by manifest.
4645 silly tarball no local data for for-each@https://registry.npmjs.org/for-each/-/for-each-0.3.5.tgz. Extracting by manifest.
4646 silly tarball no local data for minimist@https://registry.npmjs.org/minimist/-/minimist-1.2.8.tgz. Extracting by manifest.
4647 silly tarball no local data for path-browserify@https://registry.npmjs.org/path-browserify/-/path-browserify-1.0.1.tgz. Extracting by manifest.
4648 silly tarball no local data for has-flag@https://registry.npmjs.org/has-flag/-/has-flag-4.0.0.tgz. Extracting by manifest.
4649 silly tarball no local data for media-typer@https://registry.npmjs.org/media-typer/-/media-typer-1.1.1.tgz. Extracting by manifest.
4650 silly tarball no local data for @ts-morph/common@https://registry.npmjs.org/@ts-morph/common/-/common-0.27.0.tgz. Extracting by manifest.
4651 silly tarball no local data for is-number@https://registry.npmjs.org/is-number/-/is-number-7.0.0.tgz. Extracting by manifest.
4652 silly tarball no local data for ansi-regex@https://registry.npmjs.org/ansi-regex/-/ansi-regex-5.0.1.tgz. Extracting by manifest.
4653 silly tarball no local data for code-block-writer@https://registry.npmjs.org/code-block-writer/-/code-block-writer-13.0.3.tgz. Extracting by manifest.
4654 silly tarball no local data for is-regexp@https://registry.npmjs.org/is-regexp/-/is-regexp-3.1.0.tgz. Extracting by manifest.
4655 silly tarball no local data for client-only@https://registry.npmjs.org/client-only/-/client-only-0.0.1.tgz. Extracting by manifest.
4656 silly tarball no local data for get-own-enumerable-keys@https://registry.npmjs.org/get-own-enumerable-keys/-/get-own-enumerable-keys-1.0.0.tgz. Extracting by manifest.
4657 silly tarball no local data for side-channel-map@https://registry.npmjs.org/side-channel-map/-/side-channel-map-1.0.1.tgz. Extracting by manifest.
4658 silly tarball no local data for side-channel-weakmap@https://registry.npmjs.org/side-channel-weakmap/-/side-channel-weakmap-1.0.2.tgz. Extracting by manifest.
4659 silly tarball no local data for side-channel-list@https://registry.npmjs.org/side-channel-list/-/side-channel-list-1.0.1.tgz. Extracting by manifest.
4660 silly tarball no local data for get-east-asian-width@https://registry.npmjs.org/get-east-asian-width/-/get-east-asian-width-1.6.0.tgz. Extracting by manifest.
4661 silly tarball no local data for @types/json5@https://registry.npmjs.org/@types/json5/-/json5-0.0.29.tgz. Extracting by manifest.
4662 silly tarball no local data for @img/colour@https://registry.npmjs.org/@img/colour/-/colour-1.1.0.tgz. Extracting by manifest.
4663 silly tarball no local data for path-to-regexp@https://registry.npmjs.org/path-to-regexp/-/path-to-regexp-8.4.2.tgz. Extracting by manifest.
4664 silly tarball no local data for shebang-regex@https://registry.npmjs.org/shebang-regex/-/shebang-regex-3.0.0.tgz. Extracting by manifest.
4665 silly tarball no local data for esprima@https://registry.npmjs.org/esprima/-/esprima-4.0.1.tgz. Extracting by manifest.
4666 silly tarball no local data for @img/sharp-libvips-darwin-arm64@https://registry.npmjs.org/@img/sharp-libvips-darwin-arm64/-/sharp-libvips-darwin-arm64-1.2.4.tgz. Extracting by manifest.
4667 silly tarball no local data for source-map@https://registry.npmjs.org/source-map/-/source-map-0.6.1.tgz. Extracting by manifest.
4668 silly tarball no local data for ast-types@https://registry.npmjs.org/ast-types/-/ast-types-0.16.1.tgz. Extracting by manifest.
4669 silly tarball no local data for @img/sharp-darwin-arm64@https://registry.npmjs.org/@img/sharp-darwin-arm64/-/sharp-darwin-arm64-0.34.5.tgz. Extracting by manifest.
4670 silly tarball no local data for is-promise@https://registry.npmjs.org/is-promise/-/is-promise-4.0.0.tgz. Extracting by manifest.
4671 silly tarball no local data for forwarded@https://registry.npmjs.org/forwarded/-/forwarded-0.2.0.tgz. Extracting by manifest.
4672 silly tarball no local data for ipaddr.js@https://registry.npmjs.org/ipaddr.js/-/ipaddr.js-1.9.1.tgz. Extracting by manifest.
4673 silly tarball no local data for unpipe@https://registry.npmjs.org/unpipe/-/unpipe-1.0.0.tgz. Extracting by manifest.
4674 silly tarball no local data for parse-ms@https://registry.npmjs.org/parse-ms/-/parse-ms-4.0.0.tgz. Extracting by manifest.
4675 silly tarball no local data for sisteransi@https://registry.npmjs.org/sisteransi/-/sisteransi-1.0.5.tgz. Extracting by manifest.
4676 silly tarball no local data for cssesc@https://registry.npmjs.org/cssesc/-/cssesc-3.0.0.tgz. Extracting by manifest.
4677 silly tarball no local data for restore-cursor@https://registry.npmjs.org/restore-cursor/-/restore-cursor-5.1.0.tgz. Extracting by manifest.
4678 silly tarball no local data for error-ex@https://registry.npmjs.org/error-ex/-/error-ex-1.3.4.tgz. Extracting by manifest.
4679 silly tarball no local data for json-parse-even-better-errors@https://registry.npmjs.org/json-parse-even-better-errors/-/json-parse-even-better-errors-2.3.1.tgz. Extracting by manifest.
4680 silly tarball no local data for lines-and-columns@https://registry.npmjs.org/lines-and-columns/-/lines-and-columns-1.2.4.tgz. Extracting by manifest.
4681 silly tarball no local data for util-deprecate@https://registry.npmjs.org/util-deprecate/-/util-deprecate-1.0.2.tgz. Extracting by manifest.
4682 silly tarball no local data for string-width@https://registry.npmjs.org/string-width/-/string-width-7.2.0.tgz. Extracting by manifest.
4683 silly tarball no local data for is-arrayish@https://registry.npmjs.org/is-arrayish/-/is-arrayish-0.2.1.tgz. Extracting by manifest.
4684 silly tarball no local data for cli-spinners@https://registry.npmjs.org/cli-spinners/-/cli-spinners-2.9.2.tgz. Extracting by manifest.
4685 silly tarball no local data for is-interactive@https://registry.npmjs.org/is-interactive/-/is-interactive-2.0.0.tgz. Extracting by manifest.
4686 silly tarball no local data for stdin-discarder@https://registry.npmjs.org/stdin-discarder/-/stdin-discarder-0.2.2.tgz. Extracting by manifest.
4687 silly tarball no local data for default-browser-id@https://registry.npmjs.org/default-browser-id/-/default-browser-id-5.0.1.tgz. Extracting by manifest.
4688 silly tarball no local data for bundle-name@https://registry.npmjs.org/bundle-name/-/bundle-name-4.1.0.tgz. Extracting by manifest.
4689 silly tarball no local data for wsl-utils@https://registry.npmjs.org/wsl-utils/-/wsl-utils-0.3.1.tgz. Extracting by manifest.
4690 silly tarball no local data for run-applescript@https://registry.npmjs.org/run-applescript/-/run-applescript-7.1.0.tgz. Extracting by manifest.
4691 silly tarball no local data for log-symbols@https://registry.npmjs.org/log-symbols/-/log-symbols-6.0.0.tgz. Extracting by manifest.
4692 silly tarball no local data for cli-cursor@https://registry.npmjs.org/cli-cursor/-/cli-cursor-5.0.0.tgz. Extracting by manifest.
4693 silly tarball no local data for is-inside-container@https://registry.npmjs.org/is-inside-container/-/is-inside-container-1.0.0.tgz. Extracting by manifest.
4694 silly tarball no local data for default-browser@https://registry.npmjs.org/default-browser/-/default-browser-5.5.0.tgz. Extracting by manifest.
4695 silly tarball no local data for powershell-utils@https://registry.npmjs.org/powershell-utils/-/powershell-utils-0.1.0.tgz. Extracting by manifest.
4696 silly tarball no local data for define-lazy-prop@https://registry.npmjs.org/define-lazy-prop/-/define-lazy-prop-3.0.0.tgz. Extracting by manifest.
4697 silly tarball no local data for unicorn-magic@https://registry.npmjs.org/unicorn-magic/-/unicorn-magic-0.3.0.tgz. Extracting by manifest.
4698 silly tarball no local data for ee-first@https://registry.npmjs.org/ee-first/-/ee-first-1.1.1.tgz. Extracting by manifest.
4699 silly tarball no local data for mime-db@https://registry.npmjs.org/mime-db/-/mime-db-1.54.0.tgz. Extracting by manifest.
4700 silly tarball no local data for toidentifier@https://registry.npmjs.org/toidentifier/-/toidentifier-1.0.1.tgz. Extracting by manifest.
4701 silly tarball no local data for is-docker@https://registry.npmjs.org/is-docker/-/is-docker-3.0.0.tgz. Extracting by manifest.
4702 silly tarball no local data for inherits@https://registry.npmjs.org/inherits/-/inherits-2.0.4.tgz. Extracting by manifest.
4703 silly tarball no local data for setprototypeof@https://registry.npmjs.org/setprototypeof/-/setprototypeof-1.2.0.tgz. Extracting by manifest.
4704 silly tarball no local data for jsonfile@https://registry.npmjs.org/jsonfile/-/jsonfile-6.2.1.tgz. Extracting by manifest.
4705 silly tarball no local data for universalify@https://registry.npmjs.org/universalify/-/universalify-2.0.1.tgz. Extracting by manifest.
4706 silly tarball no local data for ip-address@https://registry.npmjs.org/ip-address/-/ip-address-10.5.0.tgz. Extracting by manifest.
4707 silly tarball no local data for safer-buffer@https://registry.npmjs.org/safer-buffer/-/safer-buffer-2.1.2.tgz. Extracting by manifest.
4708 silly tarball no local data for bytes@https://registry.npmjs.org/bytes/-/bytes-3.1.2.tgz. Extracting by manifest.
4709 silly tarball no local data for wrappy@https://registry.npmjs.org/wrappy/-/wrappy-1.0.2.tgz. Extracting by manifest.
4710 silly tarball no local data for @sec-ant/readable-stream@https://registry.npmjs.org/@sec-ant/readable-stream/-/readable-stream-0.4.1.tgz. Extracting by manifest.
4711 silly tarball no local data for is-unicode-supported@https://registry.npmjs.org/is-unicode-supported/-/is-unicode-supported-2.1.0.tgz. Extracting by manifest.
4712 silly tarball no local data for statuses@https://registry.npmjs.org/statuses/-/statuses-2.0.2.tgz. Extracting by manifest.
4713 silly tarball no local data for iconv-lite@https://registry.npmjs.org/iconv-lite/-/iconv-lite-0.7.3.tgz. Extracting by manifest.
4714 silly tarball no local data for type-is@https://registry.npmjs.org/type-is/-/type-is-2.1.0.tgz. Extracting by manifest.
4715 silly tarball no local data for router@https://registry.npmjs.org/router/-/router-2.2.0.tgz. Extracting by manifest.
4716 silly tarball no local data for serve-static@https://registry.npmjs.org/serve-static/-/serve-static-2.2.1.tgz. Extracting by manifest.
4717 silly tarball no local data for qs@https://registry.npmjs.org/qs/-/qs-6.15.3.tgz. Extracting by manifest.
4718 silly tarball no local data for parseurl@https://registry.npmjs.org/parseurl/-/parseurl-1.3.3.tgz. Extracting by manifest.
4719 silly tarball no local data for once@https://registry.npmjs.org/once/-/once-1.4.0.tgz. Extracting by manifest.
4720 silly tarball no local data for on-finished@https://registry.npmjs.org/on-finished/-/on-finished-2.4.1.tgz. Extracting by manifest.
4721 silly tarball no local data for range-parser@https://registry.npmjs.org/range-parser/-/range-parser-1.3.0.tgz. Extracting by manifest.
4722 silly tarball no local data for mime-types@https://registry.npmjs.org/mime-types/-/mime-types-3.0.2.tgz. Extracting by manifest.
4723 silly tarball no local data for is-in-ssh@https://registry.npmjs.org/is-in-ssh/-/is-in-ssh-1.0.0.tgz. Extracting by manifest.
4724 silly tarball no local data for merge-descriptors@https://registry.npmjs.org/merge-descriptors/-/merge-descriptors-2.0.0.tgz. Extracting by manifest.
4725 silly tarball no local data for proxy-addr@https://registry.npmjs.org/proxy-addr/-/proxy-addr-2.0.7.tgz. Extracting by manifest.
4726 silly tarball no local data for finalhandler@https://registry.npmjs.org/finalhandler/-/finalhandler-2.1.1.tgz. Extracting by manifest.
4727 silly tarball no local data for negotiator@https://registry.npmjs.org/negotiator/-/negotiator-1.0.0.tgz. Extracting by manifest.
4728 silly tarball no local data for fresh@https://registry.npmjs.org/fresh/-/fresh-2.0.0.tgz. Extracting by manifest.
4729 silly tarball no local data for escape-html@https://registry.npmjs.org/escape-html/-/escape-html-1.0.3.tgz. Extracting by manifest.
4730 silly tarball no local data for send@https://registry.npmjs.org/send/-/send-1.2.1.tgz. Extracting by manifest.
4731 silly tarball no local data for encodeurl@https://registry.npmjs.org/encodeurl/-/encodeurl-2.0.0.tgz. Extracting by manifest.
4732 silly tarball no local data for etag@https://registry.npmjs.org/etag/-/etag-1.8.1.tgz. Extracting by manifest.
4733 silly tarball no local data for depd@https://registry.npmjs.org/depd/-/depd-2.0.0.tgz. Extracting by manifest.
4734 silly tarball no local data for cookie-signature@https://registry.npmjs.org/cookie-signature/-/cookie-signature-1.2.2.tgz. Extracting by manifest.
4735 silly tarball no local data for accepts@https://registry.npmjs.org/accepts/-/accepts-2.0.0.tgz. Extracting by manifest.
4736 silly tarball no local data for yoctocolors@https://registry.npmjs.org/yoctocolors/-/yoctocolors-2.2.0.tgz. Extracting by manifest.
4737 silly tarball no local data for cookie@https://registry.npmjs.org/cookie/-/cookie-0.7.2.tgz. Extracting by manifest.
4738 silly tarball no local data for content-disposition@https://registry.npmjs.org/content-disposition/-/content-disposition-1.1.0.tgz. Extracting by manifest.
4739 silly tarball no local data for strip-final-newline@https://registry.npmjs.org/strip-final-newline/-/strip-final-newline-4.0.0.tgz. Extracting by manifest.
4740 silly tarball no local data for signal-exit@https://registry.npmjs.org/signal-exit/-/signal-exit-4.1.0.tgz. Extracting by manifest.
4741 silly tarball no local data for pretty-ms@https://registry.npmjs.org/pretty-ms/-/pretty-ms-9.3.0.tgz. Extracting by manifest.
4742 silly tarball no local data for is-plain-obj@https://registry.npmjs.org/is-plain-obj/-/is-plain-obj-4.1.0.tgz. Extracting by manifest.
4743 silly tarball no local data for get-stream@https://registry.npmjs.org/get-stream/-/get-stream-9.0.1.tgz. Extracting by manifest.
4744 silly tarball no local data for is-stream@https://registry.npmjs.org/is-stream/-/is-stream-4.0.1.tgz. Extracting by manifest.
4745 silly tarball no local data for npm-run-path@https://registry.npmjs.org/npm-run-path/-/npm-run-path-6.0.0.tgz. Extracting by manifest.
4746 silly tarball no local data for http-errors@https://registry.npmjs.org/http-errors/-/http-errors-2.0.1.tgz. Extracting by manifest.
4747 silly tarball no local data for human-signals@https://registry.npmjs.org/human-signals/-/human-signals-8.0.1.tgz. Extracting by manifest.
4748 silly tarball no local data for body-parser@https://registry.npmjs.org/body-parser/-/body-parser-2.3.0.tgz. Extracting by manifest.
4749 silly tarball no local data for figures@https://registry.npmjs.org/figures/-/figures-6.1.0.tgz. Extracting by manifest.
4750 silly tarball no local data for @sindresorhus/merge-streams@https://registry.npmjs.org/@sindresorhus/merge-streams/-/merge-streams-4.0.0.tgz. Extracting by manifest.
4751 silly tarball no local data for is-obj@https://registry.npmjs.org/is-obj/-/is-obj-2.0.0.tgz. Extracting by manifest.
4752 silly tarball no local data for mimic-fn@https://registry.npmjs.org/mimic-fn/-/mimic-fn-3.1.0.tgz. Extracting by manifest.
4753 silly tarball no local data for ansi-colors@https://registry.npmjs.org/ansi-colors/-/ansi-colors-4.1.3.tgz. Extracting by manifest.
4754 silly tarball no local data for vary@https://registry.npmjs.org/vary/-/vary-1.1.2.tgz. Extracting by manifest.
4755 silly tarball no local data for parse-json@https://registry.npmjs.org/parse-json/-/parse-json-5.2.0.tgz. Extracting by manifest.
4756 silly tarball no local data for atomically@https://registry.npmjs.org/atomically/-/atomically-1.7.0.tgz. Extracting by manifest.
4757 silly tarball no local data for strip-ansi@https://registry.npmjs.org/strip-ansi/-/strip-ansi-6.0.1.tgz. Extracting by manifest.
4758 silly tarball no local data for onetime@https://registry.npmjs.org/onetime/-/onetime-5.1.2.tgz. Extracting by manifest.
4759 silly tarball no local data for pkg-up@https://registry.npmjs.org/pkg-up/-/pkg-up-3.1.0.tgz. Extracting by manifest.
4760 silly tarball no local data for dot-prop@https://registry.npmjs.org/dot-prop/-/dot-prop-6.0.1.tgz. Extracting by manifest.
4761 silly tarball no local data for json-schema-typed@https://registry.npmjs.org/json-schema-typed/-/json-schema-typed-8.0.2.tgz. Extracting by manifest.
4762 silly tarball no local data for raw-body@https://registry.npmjs.org/raw-body/-/raw-body-3.0.2.tgz. Extracting by manifest.
4763 silly tarball no local data for jose@https://registry.npmjs.org/jose/-/jose-6.2.8.tgz. Extracting by manifest.
4764 silly tarball no local data for express@https://registry.npmjs.org/express/-/express-5.2.1.tgz. Extracting by manifest.
4765 silly tarball no local data for express-rate-limit@https://registry.npmjs.org/express-rate-limit/-/express-rate-limit-8.6.2.tgz. Extracting by manifest.
4766 silly tarball no local data for eventsource-parser@https://registry.npmjs.org/eventsource-parser/-/eventsource-parser-3.1.1.tgz. Extracting by manifest.
4767 silly tarball no local data for eventsource@https://registry.npmjs.org/eventsource/-/eventsource-3.0.7.tgz. Extracting by manifest.
4768 silly tarball no local data for cors@https://registry.npmjs.org/cors/-/cors-2.8.6.tgz. Extracting by manifest.
4769 silly tarball no local data for pkce-challenge@https://registry.npmjs.org/pkce-challenge/-/pkce-challenge-5.0.1.tgz. Extracting by manifest.
4770 silly tarball no local data for content-type@https://registry.npmjs.org/content-type/-/content-type-1.0.5.tgz. Extracting by manifest.
4771 silly tarball no local data for hono@https://registry.npmjs.org/hono/-/hono-4.13.1.tgz. Extracting by manifest.
4772 silly tarball no local data for ajv-formats@https://registry.npmjs.org/ajv-formats/-/ajv-formats-3.0.1.tgz. Extracting by manifest.
4773 silly tarball no local data for systeminformation@https://registry.npmjs.org/systeminformation/-/systeminformation-5.33.1.tgz. Extracting by manifest.
4774 silly tarball no local data for object-treeify@https://registry.npmjs.org/object-treeify/-/object-treeify-1.1.33.tgz. Extracting by manifest.
4775 silly tarball no local data for debounce-fn@https://registry.npmjs.org/debounce-fn/-/debounce-fn-4.0.0.tgz. Extracting by manifest.
4776 silly tarball no local data for yocto-spinner@https://registry.npmjs.org/yocto-spinner/-/yocto-spinner-1.2.2.tgz. Extracting by manifest.
4777 silly tarball no local data for env-paths@https://registry.npmjs.org/env-paths/-/env-paths-2.2.1.tgz. Extracting by manifest.
4778 silly tarball no local data for @dotenvx/primitives@https://registry.npmjs.org/@dotenvx/primitives/-/primitives-0.8.0.tgz. Extracting by manifest.
4779 silly tarball no local data for conf@https://registry.npmjs.org/conf/-/conf-10.2.0.tgz. Extracting by manifest.
4780 silly tarball no local data for dotenv@https://registry.npmjs.org/dotenv/-/dotenv-17.4.2.tgz. Extracting by manifest.
4781 silly tarball no local data for enquirer@https://registry.npmjs.org/enquirer/-/enquirer-2.4.1.tgz. Extracting by manifest.
4782 silly tarball no local data for @babel/plugin-syntax-jsx@https://registry.npmjs.org/@babel/plugin-syntax-jsx/-/plugin-syntax-jsx-7.29.7.tgz. Extracting by manifest.
4783 silly tarball no local data for @babel/helper-optimise-call-expression@https://registry.npmjs.org/@babel/helper-optimise-call-expression/-/helper-optimise-call-expression-7.29.7.tgz. Extracting by manifest.
4784 silly tarball no local data for @babel/helper-replace-supers@https://registry.npmjs.org/@babel/helper-replace-supers/-/helper-replace-supers-7.29.7.tgz. Extracting by manifest.
4785 silly tarball no local data for @babel/helper-member-expression-to-functions@https://registry.npmjs.org/@babel/helper-member-expression-to-functions/-/helper-member-expression-to-functions-7.29.7.tgz. Extracting by manifest.
4786 silly tarball no local data for @babel/plugin-syntax-typescript@https://registry.npmjs.org/@babel/plugin-syntax-typescript/-/plugin-syntax-typescript-7.29.7.tgz. Extracting by manifest.
4787 silly tarball no local data for @babel/helper-annotate-as-pure@https://registry.npmjs.org/@babel/helper-annotate-as-pure/-/helper-annotate-as-pure-7.29.7.tgz. Extracting by manifest.
4788 silly tarball no local data for @babel/helper-plugin-utils@https://registry.npmjs.org/@babel/helper-plugin-utils/-/helper-plugin-utils-7.29.7.tgz. Extracting by manifest.
4789 silly tarball no local data for @babel/helper-skip-transparent-expression-wrappers@https://registry.npmjs.org/@babel/helper-skip-transparent-expression-wrappers/-/helper-skip-transparent-expression-wrappers-7.29.7.tgz. Extracting by manifest.
4790 silly tarball no local data for @babel/plugin-transform-modules-commonjs@https://registry.npmjs.org/@babel/plugin-transform-modules-commonjs/-/plugin-transform-modules-commonjs-7.29.7.tgz. Extracting by manifest.
4791 silly tarball no local data for @babel/helper-create-class-features-plugin@https://registry.npmjs.org/@babel/helper-create-class-features-plugin/-/helper-create-class-features-plugin-7.29.7.tgz. Extracting by manifest.
4792 silly tarball no local data for zod-to-json-schema@https://registry.npmjs.org/zod-to-json-schema/-/zod-to-json-schema-3.25.2.tgz. Extracting by manifest.
4793 silly tarball no local data for ts-morph@https://registry.npmjs.org/ts-morph/-/ts-morph-26.0.0.tgz. Extracting by manifest.
4794 silly tarball no local data for recast@https://registry.npmjs.org/recast/-/recast-0.23.21.tgz. Extracting by manifest.
4795 silly tarball no local data for validate-npm-package-name@https://registry.npmjs.org/validate-npm-package-name/-/validate-npm-package-name-7.0.2.tgz. Extracting by manifest.
4796 silly tarball no local data for postcss-selector-parser@https://registry.npmjs.org/postcss-selector-parser/-/postcss-selector-parser-7.1.5.tgz. Extracting by manifest.
4797 silly tarball no local data for open@https://registry.npmjs.org/open/-/open-11.0.0.tgz. Extracting by manifest.
4798 silly tarball no local data for prompts@https://registry.npmjs.org/prompts/-/prompts-2.4.2.tgz. Extracting by manifest.
4799 silly tarball no local data for ora@https://registry.npmjs.org/ora/-/ora-8.2.0.tgz. Extracting by manifest.
4800 silly tarball no local data for fuzzysort@https://registry.npmjs.org/fuzzysort/-/fuzzysort-3.1.0.tgz. Extracting by manifest.
4801 silly tarball no local data for undici@https://registry.npmjs.org/undici/-/undici-7.29.0.tgz. Extracting by manifest.
4802 silly tarball no local data for execa@https://registry.npmjs.org/execa/-/execa-9.6.1.tgz. Extracting by manifest.
4803 silly tarball no local data for deepmerge@https://registry.npmjs.org/deepmerge/-/deepmerge-4.3.1.tgz. Extracting by manifest.
4804 silly tarball no local data for @hono/node-server@https://registry.npmjs.org/@hono/node-server/-/node-server-2.1.0.tgz. Extracting by manifest.
4805 silly tarball no local data for stringify-object@https://registry.npmjs.org/stringify-object/-/stringify-object-5.0.0.tgz. Extracting by manifest.
4806 silly tarball no local data for kleur@https://registry.npmjs.org/kleur/-/kleur-4.1.5.tgz. Extracting by manifest.
4807 silly tarball no local data for @modelcontextprotocol/sdk@https://registry.npmjs.org/@modelcontextprotocol/sdk/-/sdk-1.30.0.tgz. Extracting by manifest.
4808 silly tarball no local data for @dotenvx/dotenvx@https://registry.npmjs.org/@dotenvx/dotenvx/-/dotenvx-1.75.1.tgz. Extracting by manifest.
4809 silly tarball no local data for cosmiconfig@https://registry.npmjs.org/cosmiconfig/-/cosmiconfig-9.0.2.tgz. Extracting by manifest.
4810 silly tarball no local data for fs-extra@https://registry.npmjs.org/fs-extra/-/fs-extra-11.4.0.tgz. Extracting by manifest.
4811 silly tarball no local data for @types/validate-npm-package-name@https://registry.npmjs.org/@types/validate-npm-package-name/-/validate-npm-package-name-4.0.2.tgz. Extracting by manifest.
4812 silly tarball no local data for @babel/preset-typescript@https://registry.npmjs.org/@babel/preset-typescript/-/preset-typescript-7.29.7.tgz. Extracting by manifest.
4813 silly tarball no local data for @babel/plugin-transform-typescript@https://registry.npmjs.org/@babel/plugin-transform-typescript/-/plugin-transform-typescript-7.29.7.tgz. Extracting by manifest.
4814 silly tarball no local data for isarray@https://registry.npmjs.org/isarray/-/isarray-2.0.5.tgz. Extracting by manifest.
4815 silly tarball no local data for diff@https://registry.npmjs.org/diff/-/diff-8.0.4.tgz. Extracting by manifest.
4816 silly tarball no local data for commander@https://registry.npmjs.org/commander/-/commander-14.0.3.tgz. Extracting by manifest.
4817 silly tarball no local data for supports-preserve-symlinks-flag@https://registry.npmjs.org/supports-preserve-symlinks-flag/-/supports-preserve-symlinks-flag-1.0.0.tgz. Extracting by manifest.
4818 silly tarball no local data for path-parse@https://registry.npmjs.org/path-parse/-/path-parse-1.0.7.tgz. Extracting by manifest.
4819 silly tarball no local data for redux@https://registry.npmjs.org/redux/-/redux-5.0.1.tgz. Extracting by manifest.
4820 silly tarball no local data for @standard-schema/utils@https://registry.npmjs.org/@standard-schema/utils/-/utils-0.3.0.tgz. Extracting by manifest.
4821 silly tarball no local data for redux-thunk@https://registry.npmjs.org/redux-thunk/-/redux-thunk-3.1.0.tgz. Extracting by manifest.
4822 silly tarball no local data for node-exports-info@https://registry.npmjs.org/node-exports-info/-/node-exports-info-1.6.2.tgz. Extracting by manifest.
4823 silly tarball no local data for queue-microtask@https://registry.npmjs.org/queue-microtask/-/queue-microtask-1.2.3.tgz. Extracting by manifest.
4824 silly tarball no local data for dedent@https://registry.npmjs.org/dedent/-/dedent-1.7.2.tgz. Extracting by manifest.
4825 silly tarball no local data for @standard-schema/spec@https://registry.npmjs.org/@standard-schema/spec/-/spec-1.1.0.tgz. Extracting by manifest.
4826 silly tarball no local data for victory-vendor@https://registry.npmjs.org/victory-vendor/-/victory-vendor-37.3.6.tgz. Extracting by manifest.
4827 silly tarball no local data for tiny-invariant@https://registry.npmjs.org/tiny-invariant/-/tiny-invariant-1.3.3.tgz. Extracting by manifest.
4828 silly tarball no local data for es-toolkit@https://registry.npmjs.org/es-toolkit/-/es-toolkit-1.50.0.tgz. Extracting by manifest.
4829 silly tarball no local data for @types/use-sync-external-store@https://registry.npmjs.org/@types/use-sync-external-store/-/use-sync-external-store-0.0.6.tgz. Extracting by manifest.
4830 silly tarball no local data for immer@https://registry.npmjs.org/immer/-/immer-11.1.16.tgz. Extracting by manifest.
4831 silly tarball no local data for eventemitter3@https://registry.npmjs.org/eventemitter3/-/eventemitter3-5.0.4.tgz. Extracting by manifest.
4832 silly tarball no local data for scheduler@https://registry.npmjs.org/scheduler/-/scheduler-0.27.0.tgz. Extracting by manifest.
4833 silly tarball no local data for decimal.js-light@https://registry.npmjs.org/decimal.js-light/-/decimal.js-light-2.5.1.tgz. Extracting by manifest.
4834 silly tarball no local data for object-assign@https://registry.npmjs.org/object-assign/-/object-assign-4.1.1.tgz. Extracting by manifest.
4835 silly tarball no local data for react-redux@https://registry.npmjs.org/react-redux/-/react-redux-9.3.0.tgz. Extracting by manifest.
4836 silly tarball no local data for loose-envify@https://registry.npmjs.org/loose-envify/-/loose-envify-1.4.0.tgz. Extracting by manifest.
4837 silly tarball no local data for callsites@https://registry.npmjs.org/callsites/-/callsites-3.1.0.tgz. Extracting by manifest.
4838 silly tarball no local data for p-limit@https://registry.npmjs.org/p-limit/-/p-limit-3.1.0.tgz. Extracting by manifest.
4839 silly tarball no local data for @reduxjs/toolkit@https://registry.npmjs.org/@reduxjs/toolkit/-/toolkit-2.12.0.tgz. Extracting by manifest.
4840 silly tarball no local data for yocto-queue@https://registry.npmjs.org/yocto-queue/-/yocto-queue-0.1.0.tgz. Extracting by manifest.
4841 silly tarball no local data for nanoid@https://registry.npmjs.org/nanoid/-/nanoid-3.3.18.tgz. Extracting by manifest.
4842 silly tarball no local data for deep-is@https://registry.npmjs.org/deep-is/-/deep-is-0.1.4.tgz. Extracting by manifest.
4843 silly tarball no local data for word-wrap@https://registry.npmjs.org/word-wrap/-/word-wrap-1.2.5.tgz. Extracting by manifest.
4844 silly tarball no local data for styled-jsx@https://registry.npmjs.org/styled-jsx/-/styled-jsx-5.1.6.tgz. Extracting by manifest.
4845 silly tarball no local data for sharp@https://registry.npmjs.org/sharp/-/sharp-0.34.5.tgz. Extracting by manifest.
4846 silly tarball no local data for @swc/helpers@https://registry.npmjs.org/@swc/helpers/-/helpers-0.5.15.tgz. Extracting by manifest.
4847 silly tarball no local data for @next/swc-darwin-arm64@https://registry.npmjs.org/@next/swc-darwin-arm64/-/swc-darwin-arm64-16.2.12.tgz. Extracting by manifest.
4848 silly tarball no local data for @next/env@https://registry.npmjs.org/@next/env/-/env-16.2.12.tgz. Extracting by manifest.
4849 silly tarball no local data for fast-levenshtein@https://registry.npmjs.org/fast-levenshtein/-/fast-levenshtein-2.0.6.tgz. Extracting by manifest.
4850 silly tarball no local data for to-regex-range@https://registry.npmjs.org/to-regex-range/-/to-regex-range-5.0.1.tgz. Extracting by manifest.
4851 silly tarball no local data for brace-expansion@https://registry.npmjs.org/brace-expansion/-/brace-expansion-1.1.18.tgz. Extracting by manifest.
4852 silly tarball no local data for balanced-match@https://registry.npmjs.org/balanced-match/-/balanced-match-1.0.2.tgz. Extracting by manifest.
4853 silly tarball no local data for fill-range@https://registry.npmjs.org/fill-range/-/fill-range-7.1.1.tgz. Extracting by manifest.
4854 silly tarball no local data for braces@https://registry.npmjs.org/braces/-/braces-3.0.3.tgz. Extracting by manifest.
4855 silly tarball no local data for concat-map@https://registry.npmjs.org/concat-map/-/concat-map-0.0.1.tgz. Extracting by manifest.
4856 silly tarball no local data for p-locate@https://registry.npmjs.org/p-locate/-/p-locate-5.0.0.tgz. Extracting by manifest.
4857 silly tarball no local data for yallist@https://registry.npmjs.org/yallist/-/yallist-3.1.1.tgz. Extracting by manifest.
4858 silly tarball no local data for picomatch@https://registry.npmjs.org/picomatch/-/picomatch-2.3.2.tgz. Extracting by manifest.
4859 silly tarball no local data for type-check@https://registry.npmjs.org/type-check/-/type-check-0.4.0.tgz. Extracting by manifest.
4860 silly tarball no local data for language-subtag-registry@https://registry.npmjs.org/language-subtag-registry/-/language-subtag-registry-0.3.23.tgz. Extracting by manifest.
4861 silly tarball no local data for json-buffer@https://registry.npmjs.org/json-buffer/-/json-buffer-3.0.1.tgz. Extracting by manifest.
4862 silly tarball no local data for detect-libc@https://registry.npmjs.org/detect-libc/-/detect-libc-2.1.2.tgz. Extracting by manifest.
4863 silly tarball no local data for lightningcss-darwin-arm64@https://registry.npmjs.org/lightningcss-darwin-arm64/-/lightningcss-darwin-arm64-1.32.0.tgz. Extracting by manifest.
4864 silly tarball no local data for argparse@https://registry.npmjs.org/argparse/-/argparse-2.0.1.tgz. Extracting by manifest.
4865 silly tarball no local data for is-extglob@https://registry.npmjs.org/is-extglob/-/is-extglob-2.1.1.tgz. Extracting by manifest.
4866 silly tarball no local data for side-channel@https://registry.npmjs.org/side-channel/-/side-channel-1.1.1.tgz. Extracting by manifest.
4867 silly tarball no local data for resolve-pkg-maps@https://registry.npmjs.org/resolve-pkg-maps/-/resolve-pkg-maps-1.0.0.tgz. Extracting by manifest.
4868 silly tarball no local data for hermes-estree@https://registry.npmjs.org/hermes-estree/-/hermes-estree-0.25.1.tgz. Extracting by manifest.
4869 silly tarball no local data for parent-module@https://registry.npmjs.org/parent-module/-/parent-module-1.0.1.tgz. Extracting by manifest.
4870 silly tarball no local data for resolve-from@https://registry.npmjs.org/resolve-from/-/resolve-from-4.0.0.tgz. Extracting by manifest.
4871 silly tarball no local data for is-document.all@https://registry.npmjs.org/is-document.all/-/is-document.all-1.0.0.tgz. Extracting by manifest.
4872 silly tarball no local data for dunder-proto@https://registry.npmjs.org/dunder-proto/-/dunder-proto-1.0.1.tgz. Extracting by manifest.
4873 silly tarball no local data for tslib@https://registry.npmjs.org/tslib/-/tslib-2.8.1.tgz. Extracting by manifest.
4874 silly tarball no local data for motion-utils@https://registry.npmjs.org/motion-utils/-/motion-utils-12.39.0.tgz. Extracting by manifest.
4875 silly tarball no local data for functions-have-names@https://registry.npmjs.org/functions-have-names/-/functions-have-names-1.2.3.tgz. Extracting by manifest.
4876 silly tarball no local data for keyv@https://registry.npmjs.org/keyv/-/keyv-4.5.4.tgz. Extracting by manifest.
4877 silly tarball no local data for motion-dom@https://registry.npmjs.org/motion-dom/-/motion-dom-12.43.0.tgz. Extracting by manifest.
4878 silly tarball no local data for path-exists@https://registry.npmjs.org/path-exists/-/path-exists-4.0.0.tgz. Extracting by manifest.
4879 silly tarball no local data for locate-path@https://registry.npmjs.org/locate-path/-/locate-path-6.0.0.tgz. Extracting by manifest.
4880 silly tarball no local data for flat-cache@https://registry.npmjs.org/flat-cache/-/flat-cache-4.0.1.tgz. Extracting by manifest.
4881 silly tarball no local data for reusify@https://registry.npmjs.org/reusify/-/reusify-1.1.0.tgz. Extracting by manifest.
4882 silly tarball no local data for set-function-name@https://registry.npmjs.org/set-function-name/-/set-function-name-2.0.2.tgz. Extracting by manifest.
4883 silly tarball no local data for fastq@https://registry.npmjs.org/fastq/-/fastq-1.20.1.tgz. Extracting by manifest.
4884 silly tarball no local data for flatted@https://registry.npmjs.org/flatted/-/flatted-3.4.4.tgz. Extracting by manifest.
4885 silly tarball no local data for run-parallel@https://registry.npmjs.org/run-parallel/-/run-parallel-1.2.0.tgz. Extracting by manifest.
4886 silly tarball no local data for merge2@https://registry.npmjs.org/merge2/-/merge2-1.4.1.tgz. Extracting by manifest.
4887 silly tarball no local data for micromatch@https://registry.npmjs.org/micromatch/-/micromatch-4.0.8.tgz. Extracting by manifest.
4888 silly tarball no local data for acorn-jsx@https://registry.npmjs.org/acorn-jsx/-/acorn-jsx-5.3.2.tgz. Extracting by manifest.
4889 silly tarball no local data for acorn@https://registry.npmjs.org/acorn/-/acorn-8.18.0.tgz. Extracting by manifest.
4890 silly tarball no local data for prelude-ls@https://registry.npmjs.org/prelude-ls/-/prelude-ls-1.2.1.tgz. Extracting by manifest.
4891 silly tarball no local data for esrecurse@https://registry.npmjs.org/esrecurse/-/esrecurse-4.3.0.tgz. Extracting by manifest.
4892 silly tarball no local data for @nodelib/fs.walk@https://registry.npmjs.org/@nodelib/fs.walk/-/fs.walk-1.2.8.tgz. Extracting by manifest.
4893 silly tarball no local data for update-browserslist-db@https://registry.npmjs.org/update-browserslist-db/-/update-browserslist-db-1.3.1.tgz. Extracting by manifest.
4894 silly tarball no local data for node-releases@https://registry.npmjs.org/node-releases/-/node-releases-2.0.53.tgz. Extracting by manifest.
4895 silly tarball no local data for @nodelib/fs.stat@https://registry.npmjs.org/@nodelib/fs.stat/-/fs.stat-2.0.5.tgz. Extracting by manifest.
4896 silly tarball no local data for caniuse-lite@https://registry.npmjs.org/caniuse-lite/-/caniuse-lite-1.0.30001809.tgz. Extracting by manifest.
4897 silly tarball no local data for baseline-browser-mapping@https://registry.npmjs.org/baseline-browser-mapping/-/baseline-browser-mapping-2.11.13.tgz. Extracting by manifest.
4898 silly tarball no local data for electron-to-chromium@https://registry.npmjs.org/electron-to-chromium/-/electron-to-chromium-1.5.404.tgz. Extracting by manifest.
4899 silly tarball no local data for @babel/helper-globals@https://registry.npmjs.org/@babel/helper-globals/-/helper-globals-7.29.7.tgz. Extracting by manifest.
4900 silly tarball no local data for lru-cache@https://registry.npmjs.org/lru-cache/-/lru-cache-5.1.1.tgz. Extracting by manifest.
4901 silly tarball no local data for @babel/helper-module-imports@https://registry.npmjs.org/@babel/helper-module-imports/-/helper-module-imports-7.29.7.tgz. Extracting by manifest.
4902 silly tarball no local data for @babel/helper-validator-option@https://registry.npmjs.org/@babel/helper-validator-option/-/helper-validator-option-7.29.7.tgz. Extracting by manifest.
4903 silly tarball no local data for @nodelib/fs.scandir@https://registry.npmjs.org/@nodelib/fs.scandir/-/fs.scandir-2.1.5.tgz. Extracting by manifest.
4904 silly tarball no local data for browserslist@https://registry.npmjs.org/browserslist/-/browserslist-4.28.8.tgz. Extracting by manifest.
4905 silly tarball no local data for @babel/compat-data@https://registry.npmjs.org/@babel/compat-data/-/compat-data-7.29.7.tgz. Extracting by manifest.
4906 silly tarball no local data for jsesc@https://registry.npmjs.org/jsesc/-/jsesc-3.1.0.tgz. Extracting by manifest.
4907 silly tarball no local data for picocolors@https://registry.npmjs.org/picocolors/-/picocolors-1.1.1.tgz. Extracting by manifest.
4908 silly tarball no local data for json5@https://registry.npmjs.org/json5/-/json5-2.2.3.tgz. Extracting by manifest.
4909 silly tarball no local data for js-tokens@https://registry.npmjs.org/js-tokens/-/js-tokens-4.0.0.tgz. Extracting by manifest.
4910 silly tarball no local data for convert-source-map@https://registry.npmjs.org/convert-source-map/-/convert-source-map-2.0.0.tgz. Extracting by manifest.
4911 silly tarball no local data for @babel/helper-validator-identifier@https://registry.npmjs.org/@babel/helper-validator-identifier/-/helper-validator-identifier-7.29.7.tgz. Extracting by manifest.
4912 silly tarball no local data for @babel/types@https://registry.npmjs.org/@babel/types/-/types-7.29.8.tgz. Extracting by manifest.
4913 silly tarball no local data for @babel/traverse@https://registry.npmjs.org/@babel/traverse/-/traverse-7.29.8.tgz. Extracting by manifest.
4914 silly tarball no local data for @babel/helper-string-parser@https://registry.npmjs.org/@babel/helper-string-parser/-/helper-string-parser-7.29.7.tgz. Extracting by manifest.
4915 silly tarball no local data for gensync@https://registry.npmjs.org/gensync/-/gensync-1.0.0-beta.2.tgz. Extracting by manifest.
4916 silly tarball no local data for @babel/generator@https://registry.npmjs.org/@babel/generator/-/generator-7.29.8.tgz. Extracting by manifest.
4917 silly tarball no local data for @babel/code-frame@https://registry.npmjs.org/@babel/code-frame/-/code-frame-7.29.7.tgz. Extracting by manifest.
4918 silly tarball no local data for zod@https://registry.npmjs.org/zod/-/zod-4.4.3.tgz. Extracting by manifest.
4919 silly tarball no local data for hermes-parser@https://registry.npmjs.org/hermes-parser/-/hermes-parser-0.25.1.tgz. Extracting by manifest.
4920 silly tarball no local data for @babel/template@https://registry.npmjs.org/@babel/template/-/template-7.29.7.tgz. Extracting by manifest.
4921 silly tarball no local data for zod-validation-error@https://registry.npmjs.org/zod-validation-error/-/zod-validation-error-4.0.2.tgz. Extracting by manifest.
4922 silly tarball no local data for @babel/helper-compilation-targets@https://registry.npmjs.org/@babel/helper-compilation-targets/-/helper-compilation-targets-7.29.7.tgz. Extracting by manifest.
4923 silly tarball no local data for @babel/helper-module-transforms@https://registry.npmjs.org/@babel/helper-module-transforms/-/helper-module-transforms-7.29.7.tgz. Extracting by manifest.
4924 silly tarball no local data for prop-types@https://registry.npmjs.org/prop-types/-/prop-types-15.8.1.tgz. Extracting by manifest.
4925 silly tarball no local data for @babel/helpers@https://registry.npmjs.org/@babel/helpers/-/helpers-7.29.7.tgz. Extracting by manifest.
4926 silly tarball no local data for @babel/core@https://registry.npmjs.org/@babel/core/-/core-7.29.7.tgz. Extracting by manifest.
4927 silly tarball no local data for string.prototype.repeat@https://registry.npmjs.org/string.prototype.repeat/-/string.prototype.repeat-1.0.0.tgz. Extracting by manifest.
4928 silly tarball no local data for @babel/parser@https://registry.npmjs.org/@babel/parser/-/parser-7.29.8.tgz. Extracting by manifest.
4929 silly tarball no local data for iterator.prototype@https://registry.npmjs.org/iterator.prototype/-/iterator.prototype-1.1.5.tgz. Extracting by manifest.
4930 silly tarball no local data for object.entries@https://registry.npmjs.org/object.entries/-/object.entries-1.1.9.tgz. Extracting by manifest.
4931 silly tarball no local data for estraverse@https://registry.npmjs.org/estraverse/-/estraverse-5.3.0.tgz. Extracting by manifest.
4932 silly tarball no local data for string.prototype.includes@https://registry.npmjs.org/string.prototype.includes/-/string.prototype.includes-2.0.1.tgz. Extracting by manifest.
4933 silly tarball no local data for array.prototype.findlast@https://registry.npmjs.org/array.prototype.findlast/-/array.prototype.findlast-1.2.5.tgz. Extracting by manifest.
4934 silly tarball no local data for array.prototype.tosorted@https://registry.npmjs.org/array.prototype.tosorted/-/array.prototype.tosorted-1.1.4.tgz. Extracting by manifest.
4935 silly tarball no local data for es-iterator-helpers@https://registry.npmjs.org/es-iterator-helpers/-/es-iterator-helpers-1.4.0.tgz. Extracting by manifest.
4936 silly tarball no local data for language-tags@https://registry.npmjs.org/language-tags/-/language-tags-1.0.9.tgz. Extracting by manifest.
4937 silly tarball no local data for jsx-ast-utils@https://registry.npmjs.org/jsx-ast-utils/-/jsx-ast-utils-3.3.5.tgz. Extracting by manifest.
4938 silly tarball no local data for string.prototype.matchall@https://registry.npmjs.org/string.prototype.matchall/-/string.prototype.matchall-4.0.12.tgz. Extracting by manifest.
4939 silly tarball no local data for damerau-levenshtein@https://registry.npmjs.org/damerau-levenshtein/-/damerau-levenshtein-1.0.8.tgz. Extracting by manifest.
4940 silly tarball no local data for emoji-regex@https://registry.npmjs.org/emoji-regex/-/emoji-regex-9.2.2.tgz. Extracting by manifest.
4941 silly tarball no local data for axe-core@https://registry.npmjs.org/axe-core/-/axe-core-4.13.0.tgz. Extracting by manifest.
4942 silly tarball no local data for ast-types-flow@https://registry.npmjs.org/ast-types-flow/-/ast-types-flow-0.0.8.tgz. Extracting by manifest.
4943 silly tarball no local data for aria-query@https://registry.npmjs.org/aria-query/-/aria-query-5.3.2.tgz. Extracting by manifest.
4944 silly tarball no local data for is-symbol@https://registry.npmjs.org/is-symbol/-/is-symbol-1.1.1.tgz. Extracting by manifest.
4945 silly tarball no local data for is-date-object@https://registry.npmjs.org/is-date-object/-/is-date-object-1.1.0.tgz. Extracting by manifest.
4946 silly tarball no local data for has-tostringtag@https://registry.npmjs.org/has-tostringtag/-/has-tostringtag-1.0.2.tgz. Extracting by manifest.
4947 silly tarball no local data for possible-typed-array-names@https://registry.npmjs.org/possible-typed-array-names/-/possible-typed-array-names-1.1.0.tgz. Extracting by manifest.
4948 silly tarball no local data for which-typed-array@https://registry.npmjs.org/which-typed-array/-/which-typed-array-1.1.22.tgz. Extracting by manifest.
4949 silly tarball no local data for es-abstract-get@https://registry.npmjs.org/es-abstract-get/-/es-abstract-get-1.0.0.tgz. Extracting by manifest.
4950 silly tarball no local data for axobject-query@https://registry.npmjs.org/axobject-query/-/axobject-query-4.1.0.tgz. Extracting by manifest.
4951 silly tarball no local data for typed-array-buffer@https://registry.npmjs.org/typed-array-buffer/-/typed-array-buffer-1.0.3.tgz. Extracting by manifest.
4952 silly tarball no local data for typed-array-byte-length@https://registry.npmjs.org/typed-array-byte-length/-/typed-array-byte-length-1.0.3.tgz. Extracting by manifest.
4953 silly tarball no local data for string.prototype.trimstart@https://registry.npmjs.org/string.prototype.trimstart/-/string.prototype.trimstart-1.0.8.tgz. Extracting by manifest.
4954 silly tarball no local data for typed-array-byte-offset@https://registry.npmjs.org/typed-array-byte-offset/-/typed-array-byte-offset-1.0.4.tgz. Extracting by manifest.
4955 silly tarball no local data for string.prototype.trim@https://registry.npmjs.org/string.prototype.trim/-/string.prototype.trim-1.2.11.tgz. Extracting by manifest.
4956 silly tarball no local data for typed-array-length@https://registry.npmjs.org/typed-array-length/-/typed-array-length-1.0.8.tgz. Extracting by manifest.
4957 silly tarball no local data for stop-iteration-iterator@https://registry.npmjs.org/stop-iteration-iterator/-/stop-iteration-iterator-1.1.0.tgz. Extracting by manifest.
4958 silly tarball no local data for safe-regex-test@https://registry.npmjs.org/safe-regex-test/-/safe-regex-test-1.1.0.tgz. Extracting by manifest.
4959 silly tarball no local data for safe-array-concat@https://registry.npmjs.org/safe-array-concat/-/safe-array-concat-1.1.4.tgz. Extracting by manifest.
4960 silly tarball no local data for set-proto@https://registry.npmjs.org/set-proto/-/set-proto-1.0.0.tgz. Extracting by manifest.
4961 silly tarball no local data for regexp.prototype.flags@https://registry.npmjs.org/regexp.prototype.flags/-/regexp.prototype.flags-1.5.4.tgz. Extracting by manifest.
4962 silly tarball no local data for own-keys@https://registry.npmjs.org/own-keys/-/own-keys-1.0.2.tgz. Extracting by manifest.
4963 silly tarball no local data for object.assign@https://registry.npmjs.org/object.assign/-/object.assign-4.1.7.tgz. Extracting by manifest.
4964 silly tarball no local data for is-typed-array@https://registry.npmjs.org/is-typed-array/-/is-typed-array-1.1.15.tgz. Extracting by manifest.
4965 silly tarball no local data for is-shared-array-buffer@https://registry.npmjs.org/is-shared-array-buffer/-/is-shared-array-buffer-1.0.4.tgz. Extracting by manifest.
4966 silly tarball no local data for is-set@https://registry.npmjs.org/is-set/-/is-set-2.0.3.tgz. Extracting by manifest.
4967 silly tarball no local data for is-regex@https://registry.npmjs.org/is-regex/-/is-regex-1.2.1.tgz. Extracting by manifest.
4968 silly tarball no local data for is-negative-zero@https://registry.npmjs.org/is-negative-zero/-/is-negative-zero-2.0.3.tgz. Extracting by manifest.
4969 silly tarball no local data for safe-push-apply@https://registry.npmjs.org/safe-push-apply/-/safe-push-apply-1.0.0.tgz. Extracting by manifest.
4970 silly tarball no local data for is-array-buffer@https://registry.npmjs.org/is-array-buffer/-/is-array-buffer-3.0.5.tgz. Extracting by manifest.
4971 silly tarball no local data for internal-slot@https://registry.npmjs.org/internal-slot/-/internal-slot-1.1.0.tgz. Extracting by manifest.
4972 silly tarball no local data for has-symbols@https://registry.npmjs.org/has-symbols/-/has-symbols-1.1.0.tgz. Extracting by manifest.
4973 silly tarball no local data for unbox-primitive@https://registry.npmjs.org/unbox-primitive/-/unbox-primitive-1.1.0.tgz. Extracting by manifest.
4974 silly tarball no local data for object-inspect@https://registry.npmjs.org/object-inspect/-/object-inspect-1.13.4.tgz. Extracting by manifest.
4975 silly tarball no local data for is-data-view@https://registry.npmjs.org/is-data-view/-/is-data-view-1.0.2.tgz. Extracting by manifest.
4976 silly tarball no local data for has-proto@https://registry.npmjs.org/has-proto/-/has-proto-1.2.0.tgz. Extracting by manifest.
4977 silly tarball no local data for is-weakref@https://registry.npmjs.org/is-weakref/-/is-weakref-1.1.1.tgz. Extracting by manifest.
4978 silly tarball no local data for globalthis@https://registry.npmjs.org/globalthis/-/globalthis-1.0.4.tgz. Extracting by manifest.
4979 silly tarball no local data for get-symbol-description@https://registry.npmjs.org/get-symbol-description/-/get-symbol-description-1.1.0.tgz. Extracting by manifest.
4980 silly tarball no local data for get-proto@https://registry.npmjs.org/get-proto/-/get-proto-1.0.1.tgz. Extracting by manifest.
4981 silly tarball no local data for function.prototype.name@https://registry.npmjs.org/function.prototype.name/-/function.prototype.name-1.2.0.tgz. Extracting by manifest.
4982 silly tarball no local data for es-set-tostringtag@https://registry.npmjs.org/es-set-tostringtag/-/es-set-tostringtag-2.1.0.tgz. Extracting by manifest.
4983 silly tarball no local data for es-to-primitive@https://registry.npmjs.org/es-to-primitive/-/es-to-primitive-1.3.4.tgz. Extracting by manifest.
4984 silly tarball no local data for is-callable@https://registry.npmjs.org/is-callable/-/is-callable-1.2.7.tgz. Extracting by manifest.
4985 silly tarball no local data for available-typed-arrays@https://registry.npmjs.org/available-typed-arrays/-/available-typed-arrays-1.0.7.tgz. Extracting by manifest.
4986 silly tarball no local data for data-view-byte-length@https://registry.npmjs.org/data-view-byte-length/-/data-view-byte-length-1.0.2.tgz. Extracting by manifest.
4987 silly tarball no local data for data-view-byte-offset@https://registry.npmjs.org/data-view-byte-offset/-/data-view-byte-offset-1.0.1.tgz. Extracting by manifest.
4988 silly tarball no local data for arraybuffer.prototype.slice@https://registry.npmjs.org/arraybuffer.prototype.slice/-/arraybuffer.prototype.slice-1.0.4.tgz. Extracting by manifest.
4989 silly tarball no local data for object-keys@https://registry.npmjs.org/object-keys/-/object-keys-1.1.1.tgz. Extracting by manifest.
4990 silly tarball no local data for data-view-buffer@https://registry.npmjs.org/data-view-buffer/-/data-view-buffer-1.0.2.tgz. Extracting by manifest.
4991 silly tarball no local data for gopd@https://registry.npmjs.org/gopd/-/gopd-1.2.0.tgz. Extracting by manifest.
4992 silly tarball no local data for has-property-descriptors@https://registry.npmjs.org/has-property-descriptors/-/has-property-descriptors-1.0.2.tgz. Extracting by manifest.
4993 silly tarball no local data for set-function-length@https://registry.npmjs.org/set-function-length/-/set-function-length-1.2.2.tgz. Extracting by manifest.
4994 silly tarball no local data for define-data-property@https://registry.npmjs.org/define-data-property/-/define-data-property-1.1.4.tgz. Extracting by manifest.
4995 silly tarball no local data for call-bind-apply-helpers@https://registry.npmjs.org/call-bind-apply-helpers/-/call-bind-apply-helpers-1.0.2.tgz. Extracting by manifest.
4996 silly tarball no local data for es-shim-unscopables@https://registry.npmjs.org/es-shim-unscopables/-/es-shim-unscopables-1.1.0.tgz. Extracting by manifest.
4997 silly tarball no local data for es-errors@https://registry.npmjs.org/es-errors/-/es-errors-1.3.0.tgz. Extracting by manifest.
4998 silly tarball no local data for es-define-property@https://registry.npmjs.org/es-define-property/-/es-define-property-1.0.1.tgz. Extracting by manifest.
4999 silly tarball no local data for function-bind@https://registry.npmjs.org/function-bind/-/function-bind-1.1.2.tgz. Extracting by manifest.
5000 silly tarball no local data for math-intrinsics@https://registry.npmjs.org/math-intrinsics/-/math-intrinsics-1.1.0.tgz. Extracting by manifest.
5001 silly tarball no local data for is-string@https://registry.npmjs.org/is-string/-/is-string-1.1.1.tgz. Extracting by manifest.
5002 silly tarball no local data for array-buffer-byte-length@https://registry.npmjs.org/array-buffer-byte-length/-/array-buffer-byte-length-1.0.2.tgz. Extracting by manifest.
5003 silly tarball no local data for es-abstract@https://registry.npmjs.org/es-abstract/-/es-abstract-1.24.2.tgz. Extracting by manifest.
5004 silly tarball no local data for call-bound@https://registry.npmjs.org/call-bound/-/call-bound-1.0.4.tgz. Extracting by manifest.
5005 silly tarball no local data for define-properties@https://registry.npmjs.org/define-properties/-/define-properties-1.2.1.tgz. Extracting by manifest.
5006 silly tarball no local data for get-intrinsic@https://registry.npmjs.org/get-intrinsic/-/get-intrinsic-1.3.0.tgz. Extracting by manifest.
5007 silly tarball no local data for call-bind@https://registry.npmjs.org/call-bind/-/call-bind-1.0.9.tgz. Extracting by manifest.
5008 silly tarball no local data for semver@https://registry.npmjs.org/semver/-/semver-6.3.1.tgz. Extracting by manifest.
5009 silly tarball no local data for es-object-atoms@https://registry.npmjs.org/es-object-atoms/-/es-object-atoms-1.1.2.tgz. Extracting by manifest.
5010 silly tarball no local data for hasown@https://registry.npmjs.org/hasown/-/hasown-2.0.4.tgz. Extracting by manifest.
5011 silly tarball no local data for object.groupby@https://registry.npmjs.org/object.groupby/-/object.groupby-1.0.3.tgz. Extracting by manifest.
5012 silly tarball no local data for string.prototype.trimend@https://registry.npmjs.org/string.prototype.trimend/-/string.prototype.trimend-1.0.10.tgz. Extracting by manifest.
5013 silly tarball no local data for object.fromentries@https://registry.npmjs.org/object.fromentries/-/object.fromentries-2.0.8.tgz. Extracting by manifest.
5014 silly tarball no local data for object.values@https://registry.npmjs.org/object.values/-/object.values-1.2.1.tgz. Extracting by manifest.
5015 silly tarball no local data for eslint-module-utils@https://registry.npmjs.org/eslint-module-utils/-/eslint-module-utils-2.14.0.tgz. Extracting by manifest.
5016 silly tarball no local data for array.prototype.flat@https://registry.npmjs.org/array.prototype.flat/-/array.prototype.flat-1.3.3.tgz. Extracting by manifest.
5017 silly tarball no local data for doctrine@https://registry.npmjs.org/doctrine/-/doctrine-2.1.0.tgz. Extracting by manifest.
5018 silly tarball no local data for array.prototype.flatmap@https://registry.npmjs.org/array.prototype.flatmap/-/array.prototype.flatmap-1.3.3.tgz. Extracting by manifest.
5019 silly tarball no local data for tsconfig-paths@https://registry.npmjs.org/tsconfig-paths/-/tsconfig-paths-3.15.0.tgz. Extracting by manifest.
5020 silly tarball no local data for array.prototype.findlastindex@https://registry.npmjs.org/array.prototype.findlastindex/-/array.prototype.findlastindex-1.2.6.tgz. Extracting by manifest.
5021 silly tarball no local data for array-includes@https://registry.npmjs.org/array-includes/-/array-includes-3.1.9.tgz. Extracting by manifest.
5022 silly tarball no local data for unrs-resolver@https://registry.npmjs.org/unrs-resolver/-/unrs-resolver-1.12.2.tgz. Extracting by manifest.
5023 silly tarball no local data for stable-hash@https://registry.npmjs.org/stable-hash/-/stable-hash-0.0.5.tgz. Extracting by manifest.
5024 silly tarball no local data for get-tsconfig@https://registry.npmjs.org/get-tsconfig/-/get-tsconfig-4.14.1.tgz. Extracting by manifest.
5025 silly tarball no local data for @nolyfill/is-core-module@https://registry.npmjs.org/@nolyfill/is-core-module/-/is-core-module-1.0.39.tgz. Extracting by manifest.
5026 silly tarball no local data for is-bun-module@https://registry.npmjs.org/is-bun-module/-/is-bun-module-2.0.0.tgz. Extracting by manifest.
5027 silly tarball no local data for tinyglobby@https://registry.npmjs.org/tinyglobby/-/tinyglobby-0.2.17.tgz. Extracting by manifest.
5028 silly tarball no local data for is-core-module@https://registry.npmjs.org/is-core-module/-/is-core-module-2.16.2.tgz. Extracting by manifest.
5029 silly tarball no local data for @rtsao/scc@https://registry.npmjs.org/@rtsao/scc/-/scc-1.1.0.tgz. Extracting by manifest.
5030 silly tarball no local data for fast-glob@https://registry.npmjs.org/fast-glob/-/fast-glob-3.3.1.tgz. Extracting by manifest.
5031 silly tarball no local data for eslint-plugin-react-hooks@https://registry.npmjs.org/eslint-plugin-react-hooks/-/eslint-plugin-react-hooks-7.1.1.tgz. Extracting by manifest.
5032 silly tarball no local data for typescript-eslint@https://registry.npmjs.org/typescript-eslint/-/typescript-eslint-8.67.0.tgz. Extracting by manifest.
5033 silly tarball no local data for eslint-plugin-react@https://registry.npmjs.org/eslint-plugin-react/-/eslint-plugin-react-7.37.5.tgz. Extracting by manifest.
5034 silly tarball no local data for eslint-plugin-import@https://registry.npmjs.org/eslint-plugin-import/-/eslint-plugin-import-2.32.0.tgz. Extracting by manifest.
5035 silly tarball no local data for eslint-plugin-jsx-a11y@https://registry.npmjs.org/eslint-plugin-jsx-a11y/-/eslint-plugin-jsx-a11y-6.10.2.tgz. Extracting by manifest.
5036 silly tarball no local data for eslint-import-resolver-node@https://registry.npmjs.org/eslint-import-resolver-node/-/eslint-import-resolver-node-0.3.10.tgz. Extracting by manifest.
5037 silly tarball no local data for resolve@https://registry.npmjs.org/resolve/-/resolve-2.0.0-next.7.tgz. Extracting by manifest.
5038 silly tarball no local data for ms@https://registry.npmjs.org/ms/-/ms-2.1.3.tgz. Extracting by manifest.
5039 silly tarball no local data for @next/eslint-plugin-next@https://registry.npmjs.org/@next/eslint-plugin-next/-/eslint-plugin-next-16.2.12.tgz. Extracting by manifest.
5040 silly tarball no local data for path-key@https://registry.npmjs.org/path-key/-/path-key-3.1.1.tgz. Extracting by manifest.
5041 silly tarball no local data for shebang-command@https://registry.npmjs.org/shebang-command/-/shebang-command-2.0.0.tgz. Extracting by manifest.
5042 silly tarball no local data for eslint-import-resolver-typescript@https://registry.npmjs.org/eslint-import-resolver-typescript/-/eslint-import-resolver-typescript-3.10.1.tgz. Extracting by manifest.
5043 silly tarball no local data for color-name@https://registry.npmjs.org/color-name/-/color-name-1.1.4.tgz. Extracting by manifest.
5044 silly tarball no local data for color-convert@https://registry.npmjs.org/color-convert/-/color-convert-2.0.1.tgz. Extracting by manifest.
5045 silly tarball no local data for ansi-styles@https://registry.npmjs.org/ansi-styles/-/ansi-styles-4.3.0.tgz. Extracting by manifest.
5046 silly tarball no local data for which@https://registry.npmjs.org/which/-/which-2.0.2.tgz. Extracting by manifest.
5047 silly tarball no local data for json-schema-traverse@https://registry.npmjs.org/json-schema-traverse/-/json-schema-traverse-0.4.1.tgz. Extracting by manifest.
5048 silly tarball no local data for uri-js@https://registry.npmjs.org/uri-js/-/uri-js-4.4.1.tgz. Extracting by manifest.
5049 silly tarball no local data for supports-color@https://registry.npmjs.org/supports-color/-/supports-color-7.2.0.tgz. Extracting by manifest.
5050 silly tarball no local data for @humanfs/core@https://registry.npmjs.org/@humanfs/core/-/core-0.19.2.tgz. Extracting by manifest.
5051 silly tarball no local data for @humanfs/types@https://registry.npmjs.org/@humanfs/types/-/types-0.15.0.tgz. Extracting by manifest.
5052 silly tarball no local data for js-yaml@https://registry.npmjs.org/js-yaml/-/js-yaml-4.3.1.tgz. Extracting by manifest.
5053 silly tarball no local data for strip-json-comments@https://registry.npmjs.org/strip-json-comments/-/strip-json-comments-3.1.1.tgz. Extracting by manifest.
5054 silly tarball no local data for import-fresh@https://registry.npmjs.org/import-fresh/-/import-fresh-3.3.1.tgz. Extracting by manifest.
5055 silly tarball no local data for levn@https://registry.npmjs.org/levn/-/levn-0.4.1.tgz. Extracting by manifest.
5056 silly tarball no local data for globals@https://registry.npmjs.org/globals/-/globals-14.0.0.tgz. Extracting by manifest.
5057 silly tarball no local data for @eslint/object-schema@https://registry.npmjs.org/@eslint/object-schema/-/object-schema-2.1.7.tgz. Extracting by manifest.
5058 silly tarball no local data for @types/json-schema@https://registry.npmjs.org/@types/json-schema/-/json-schema-7.0.15.tgz. Extracting by manifest.
5059 silly tarball no local data for json-stable-stringify-without-jsonify@https://registry.npmjs.org/json-stable-stringify-without-jsonify/-/json-stable-stringify-without-jsonify-1.0.1.tgz. Extracting by manifest.
5060 silly tarball no local data for optionator@https://registry.npmjs.org/optionator/-/optionator-0.9.4.tgz. Extracting by manifest.
5061 silly tarball no local data for lodash.merge@https://registry.npmjs.org/lodash.merge/-/lodash.merge-4.6.2.tgz. Extracting by manifest.
5062 silly tarball no local data for minimatch@https://registry.npmjs.org/minimatch/-/minimatch-3.1.5.tgz. Extracting by manifest.
5063 silly tarball no local data for imurmurhash@https://registry.npmjs.org/imurmurhash/-/imurmurhash-0.1.4.tgz. Extracting by manifest.
5064 silly tarball no local data for fast-json-stable-stringify@https://registry.npmjs.org/fast-json-stable-stringify/-/fast-json-stable-stringify-2.1.0.tgz. Extracting by manifest.
5065 silly tarball no local data for glob-parent@https://registry.npmjs.org/glob-parent/-/glob-parent-6.0.2.tgz. Extracting by manifest.
5066 silly tarball no local data for ignore@https://registry.npmjs.org/ignore/-/ignore-5.3.2.tgz. Extracting by manifest.
5067 silly tarball no local data for is-glob@https://registry.npmjs.org/is-glob/-/is-glob-4.0.3.tgz. Extracting by manifest.
5068 silly tarball no local data for natural-compare@https://registry.npmjs.org/natural-compare/-/natural-compare-1.4.0.tgz. Extracting by manifest.
5069 silly tarball no local data for file-entry-cache@https://registry.npmjs.org/file-entry-cache/-/file-entry-cache-8.0.0.tgz. Extracting by manifest.
5070 silly tarball no local data for fast-deep-equal@https://registry.npmjs.org/fast-deep-equal/-/fast-deep-equal-3.1.3.tgz. Extracting by manifest.
5071 silly tarball no local data for find-up@https://registry.npmjs.org/find-up/-/find-up-5.0.0.tgz. Extracting by manifest.
5072 silly tarball no local data for espree@https://registry.npmjs.org/espree/-/espree-10.4.0.tgz. Extracting by manifest.
5073 silly tarball no local data for eslint-scope@https://registry.npmjs.org/eslint-scope/-/eslint-scope-8.4.0.tgz. Extracting by manifest.
5074 silly tarball no local data for esquery@https://registry.npmjs.org/esquery/-/esquery-1.7.0.tgz. Extracting by manifest.
5075 silly tarball no local data for esutils@https://registry.npmjs.org/esutils/-/esutils-2.0.3.tgz. Extracting by manifest.
5076 silly tarball no local data for debug@https://registry.npmjs.org/debug/-/debug-4.4.3.tgz. Extracting by manifest.
5077 silly tarball no local data for escape-string-regexp@https://registry.npmjs.org/escape-string-regexp/-/escape-string-regexp-4.0.0.tgz. Extracting by manifest.
5078 silly tarball no local data for @humanwhocodes/retry@https://registry.npmjs.org/@humanwhocodes/retry/-/retry-0.4.3.tgz. Extracting by manifest.
5079 silly tarball no local data for cross-spawn@https://registry.npmjs.org/cross-spawn/-/cross-spawn-7.0.6.tgz. Extracting by manifest.
5080 silly tarball no local data for @types/estree@https://registry.npmjs.org/@types/estree/-/estree-1.0.9.tgz. Extracting by manifest.
5081 silly tarball no local data for ajv@https://registry.npmjs.org/ajv/-/ajv-6.15.0.tgz. Extracting by manifest.
5082 silly tarball no local data for @humanwhocodes/module-importer@https://registry.npmjs.org/@humanwhocodes/module-importer/-/module-importer-1.0.1.tgz. Extracting by manifest.
5083 silly tarball no local data for @humanfs/node@https://registry.npmjs.org/@humanfs/node/-/node-0.16.8.tgz. Extracting by manifest.
5084 silly tarball no local data for @eslint/eslintrc@https://registry.npmjs.org/@eslint/eslintrc/-/eslintrc-3.3.6.tgz. Extracting by manifest.
5085 silly tarball no local data for chalk@https://registry.npmjs.org/chalk/-/chalk-4.1.2.tgz. Extracting by manifest.
5086 silly tarball no local data for @eslint/plugin-kit@https://registry.npmjs.org/@eslint/plugin-kit/-/plugin-kit-0.4.1.tgz. Extracting by manifest.
5087 silly tarball no local data for @eslint/core@https://registry.npmjs.org/@eslint/core/-/core-0.17.0.tgz. Extracting by manifest.
5088 silly tarball no local data for @eslint/config-array@https://registry.npmjs.org/@eslint/config-array/-/config-array-0.21.2.tgz. Extracting by manifest.
5089 silly tarball no local data for @eslint/config-helpers@https://registry.npmjs.org/@eslint/config-helpers/-/config-helpers-0.4.2.tgz. Extracting by manifest.
5090 silly tarball no local data for @eslint/js@https://registry.npmjs.org/@eslint/js/-/js-9.39.5.tgz. Extracting by manifest.
5091 silly tarball no local data for @eslint-community/regexpp@https://registry.npmjs.org/@eslint-community/regexpp/-/regexpp-4.12.2.tgz. Extracting by manifest.
5092 silly tarball no local data for @eslint-community/eslint-utils@https://registry.npmjs.org/@eslint-community/eslint-utils/-/eslint-utils-4.10.1.tgz. Extracting by manifest.
5093 silly tarball no local data for csstype@https://registry.npmjs.org/csstype/-/csstype-3.2.3.tgz. Extracting by manifest.
5094 silly tarball no local data for eslint-visitor-keys@https://registry.npmjs.org/eslint-visitor-keys/-/eslint-visitor-keys-4.2.1.tgz. Extracting by manifest.
5095 silly tarball no local data for tapable@https://registry.npmjs.org/tapable/-/tapable-2.3.3.tgz. Extracting by manifest.
5096 silly tarball no local data for @tailwindcss/oxide-darwin-arm64@https://registry.npmjs.org/@tailwindcss/oxide-darwin-arm64/-/oxide-darwin-arm64-4.3.3.tgz. Extracting by manifest.
5097 silly tarball no local data for @jridgewell/sourcemap-codec@https://registry.npmjs.org/@jridgewell/sourcemap-codec/-/sourcemap-codec-1.5.5.tgz. Extracting by manifest.
5098 silly tarball no local data for undici-types@https://registry.npmjs.org/undici-types/-/undici-types-6.21.0.tgz. Extracting by manifest.
5099 silly tarball no local data for @jridgewell/resolve-uri@https://registry.npmjs.org/@jridgewell/resolve-uri/-/resolve-uri-3.1.2.tgz. Extracting by manifest.
5100 silly tarball no local data for @jridgewell/trace-mapping@https://registry.npmjs.org/@jridgewell/trace-mapping/-/trace-mapping-0.3.31.tgz. Extracting by manifest.
5101 silly tarball no local data for graceful-fs@https://registry.npmjs.org/graceful-fs/-/graceful-fs-4.2.11.tgz. Extracting by manifest.
5102 silly tarball no local data for lightningcss@https://registry.npmjs.org/lightningcss/-/lightningcss-1.32.0.tgz. Extracting by manifest.
5103 silly tarball no local data for enhanced-resolve@https://registry.npmjs.org/enhanced-resolve/-/enhanced-resolve-5.24.5.tgz. Extracting by manifest.
5104 silly tarball no local data for @jridgewell/gen-mapping@https://registry.npmjs.org/@jridgewell/gen-mapping/-/gen-mapping-0.3.13.tgz. Extracting by manifest.
5105 silly tarball no local data for @jridgewell/remapping@https://registry.npmjs.org/@jridgewell/remapping/-/remapping-2.3.5.tgz. Extracting by manifest.
5106 silly tarball no local data for jiti@https://registry.npmjs.org/jiti/-/jiti-2.7.0.tgz. Extracting by manifest.
5107 silly tarball no local data for postcss@https://registry.npmjs.org/postcss/-/postcss-8.5.26.tgz. Extracting by manifest.
5108 silly tarball no local data for @tailwindcss/node@https://registry.npmjs.org/@tailwindcss/node/-/node-4.3.3.tgz. Extracting by manifest.
5109 silly tarball no local data for source-map-js@https://registry.npmjs.org/source-map-js/-/source-map-js-1.2.1.tgz. Extracting by manifest.
5110 silly tarball no local data for @floating-ui/core@https://registry.npmjs.org/@floating-ui/core/-/core-1.8.0.tgz. Extracting by manifest.
5111 silly tarball no local data for @tailwindcss/oxide@https://registry.npmjs.org/@tailwindcss/oxide/-/oxide-4.3.3.tgz. Extracting by manifest.
5112 silly tarball no local data for @alloc/quick-lru@https://registry.npmjs.org/@alloc/quick-lru/-/quick-lru-5.2.0.tgz. Extracting by manifest.
5113 silly tarball no local data for use-sync-external-store@https://registry.npmjs.org/use-sync-external-store/-/use-sync-external-store-1.6.0.tgz. Extracting by manifest.
5114 silly tarball no local data for @floating-ui/utils@https://registry.npmjs.org/@floating-ui/utils/-/utils-0.2.12.tgz. Extracting by manifest.
5115 silly tarball no local data for reselect@https://registry.npmjs.org/reselect/-/reselect-5.2.0.tgz. Extracting by manifest.
5116 silly tarball no local data for @floating-ui/dom@https://registry.npmjs.org/@floating-ui/dom/-/dom-1.8.0.tgz. Extracting by manifest.
5117 silly tarball no local data for @babel/runtime@https://registry.npmjs.org/@babel/runtime/-/runtime-7.29.7.tgz. Extracting by manifest.
5118 silly tarball no local data for @floating-ui/react-dom@https://registry.npmjs.org/@floating-ui/react-dom/-/react-dom-2.1.9.tgz. Extracting by manifest.
5119 silly tarball no local data for tailwindcss@https://registry.npmjs.org/tailwindcss/-/tailwindcss-4.3.3.tgz. Extracting by manifest.
5120 silly tarball no local data for magic-string@https://registry.npmjs.org/magic-string/-/magic-string-0.30.21.tgz. Extracting by manifest.
5121 silly tarball no local data for tw-animate-css@https://registry.npmjs.org/tw-animate-css/-/tw-animate-css-1.4.0.tgz. Extracting by manifest.
5122 silly tarball no local data for shadcn@https://registry.npmjs.org/shadcn/-/shadcn-4.16.2.tgz. Extracting by manifest.
5123 silly tarball no local data for recharts@https://registry.npmjs.org/recharts/-/recharts-3.10.1.tgz. Extracting by manifest.
5124 silly tarball no local data for @base-ui/utils@https://registry.npmjs.org/@base-ui/utils/-/utils-0.3.2.tgz. Extracting by manifest.
5125 silly tarball no local data for tailwind-merge@https://registry.npmjs.org/tailwind-merge/-/tailwind-merge-3.6.0.tgz. Extracting by manifest.
5126 silly tarball no local data for typescript@https://registry.npmjs.org/typescript/-/typescript-5.9.3.tgz. Extracting by manifest.
5127 silly tarball no local data for react-is@https://registry.npmjs.org/react-is/-/react-is-19.2.8.tgz. Extracting by manifest.
5128 silly tarball no local data for framer-motion@https://registry.npmjs.org/framer-motion/-/framer-motion-12.43.0.tgz. Extracting by manifest.
5129 silly tarball no local data for clsx@https://registry.npmjs.org/clsx/-/clsx-2.1.1.tgz. Extracting by manifest.
5130 silly tarball no local data for next-themes@https://registry.npmjs.org/next-themes/-/next-themes-0.4.6.tgz. Extracting by manifest.
5131 silly tarball no local data for next@https://registry.npmjs.org/next/-/next-16.2.12.tgz. Extracting by manifest.
5132 silly tarball no local data for class-variance-authority@https://registry.npmjs.org/class-variance-authority/-/class-variance-authority-0.7.1.tgz. Extracting by manifest.
5133 silly tarball no local data for @types/react-dom@https://registry.npmjs.org/@types/react-dom/-/react-dom-19.2.4.tgz. Extracting by manifest.
5134 silly tarball no local data for lucide-react@https://registry.npmjs.org/lucide-react/-/lucide-react-1.31.0.tgz. Extracting by manifest.
5135 silly tarball no local data for @types/react@https://registry.npmjs.org/@types/react/-/react-19.2.18.tgz. Extracting by manifest.
5136 silly tarball no local data for @types/node@https://registry.npmjs.org/@types/node/-/node-20.19.43.tgz. Extracting by manifest.
5137 silly tarball no local data for eslint@https://registry.npmjs.org/eslint/-/eslint-9.39.5.tgz. Extracting by manifest.
5138 silly tarball no local data for react@https://registry.npmjs.org/react/-/react-19.2.4.tgz. Extracting by manifest.
5139 silly tarball no local data for react-dom@https://registry.npmjs.org/react-dom/-/react-dom-19.2.4.tgz. Extracting by manifest.
5140 silly tarball no local data for eslint-visitor-keys@https://registry.npmjs.org/eslint-visitor-keys/-/eslint-visitor-keys-5.0.1.tgz. Extracting by manifest.
5141 silly tarball no local data for brace-expansion@https://registry.npmjs.org/brace-expansion/-/brace-expansion-5.0.9.tgz. Extracting by manifest.
5142 silly tarball no local data for eslint-config-next@https://registry.npmjs.org/eslint-config-next/-/eslint-config-next-16.2.12.tgz. Extracting by manifest.
5143 silly tarball no local data for @tailwindcss/postcss@https://registry.npmjs.org/@tailwindcss/postcss/-/postcss-4.3.3.tgz. Extracting by manifest.
5144 silly tarball no local data for minimatch@https://registry.npmjs.org/minimatch/-/minimatch-10.2.6.tgz. Extracting by manifest.
5145 silly tarball no local data for @base-ui/react@https://registry.npmjs.org/@base-ui/react/-/react-1.7.0.tgz. Extracting by manifest.
5146 silly tarball no local data for balanced-match@https://registry.npmjs.org/balanced-match/-/balanced-match-4.0.4.tgz. Extracting by manifest.
5147 silly tarball no local data for brace-expansion@https://registry.npmjs.org/brace-expansion/-/brace-expansion-5.0.9.tgz. Extracting by manifest.
5148 silly tarball no local data for balanced-match@https://registry.npmjs.org/balanced-match/-/balanced-match-4.0.4.tgz. Extracting by manifest.
5149 silly tarball no local data for semver@https://registry.npmjs.org/semver/-/semver-7.8.5.tgz. Extracting by manifest.
5150 silly tarball no local data for minimatch@https://registry.npmjs.org/minimatch/-/minimatch-10.2.6.tgz. Extracting by manifest.
5151 silly tarball no local data for fast-glob@https://registry.npmjs.org/fast-glob/-/fast-glob-3.3.3.tgz. Extracting by manifest.
5152 silly tarball no local data for glob-parent@https://registry.npmjs.org/glob-parent/-/glob-parent-5.1.2.tgz. Extracting by manifest.
5153 silly tarball no local data for ignore@https://registry.npmjs.org/ignore/-/ignore-7.0.6.tgz. Extracting by manifest.
5154 silly tarball no local data for ansi-regex@https://registry.npmjs.org/ansi-regex/-/ansi-regex-6.2.2.tgz. Extracting by manifest.
5155 silly tarball no local data for is-unicode-supported@https://registry.npmjs.org/is-unicode-supported/-/is-unicode-supported-1.3.0.tgz. Extracting by manifest.
5156 silly tarball no local data for strip-ansi@https://registry.npmjs.org/strip-ansi/-/strip-ansi-7.2.0.tgz. Extracting by manifest.
5157 silly tarball no local data for onetime@https://registry.npmjs.org/onetime/-/onetime-7.0.0.tgz. Extracting by manifest.
5158 silly tarball no local data for content-type@https://registry.npmjs.org/content-type/-/content-type-2.0.0.tgz. Extracting by manifest.
5159 silly tarball no local data for p-locate@https://registry.npmjs.org/p-locate/-/p-locate-3.0.0.tgz. Extracting by manifest.
5160 silly tarball no local data for chalk@https://registry.npmjs.org/chalk/-/chalk-5.6.2.tgz. Extracting by manifest.
5161 silly tarball no local data for locate-path@https://registry.npmjs.org/locate-path/-/locate-path-3.0.0.tgz. Extracting by manifest.
5162 silly tarball no local data for content-type@https://registry.npmjs.org/content-type/-/content-type-2.0.0.tgz. Extracting by manifest.
5163 silly tarball no local data for mimic-fn@https://registry.npmjs.org/mimic-fn/-/mimic-fn-2.1.0.tgz. Extracting by manifest.
5164 silly tarball no local data for path-key@https://registry.npmjs.org/path-key/-/path-key-4.0.0.tgz. Extracting by manifest.
5165 silly tarball no local data for path-exists@https://registry.npmjs.org/path-exists/-/path-exists-3.0.0.tgz. Extracting by manifest.
5166 silly tarball no local data for json-schema-traverse@https://registry.npmjs.org/json-schema-traverse/-/json-schema-traverse-1.0.0.tgz. Extracting by manifest.
5167 silly tarball no local data for find-up@https://registry.npmjs.org/find-up/-/find-up-3.0.0.tgz. Extracting by manifest.
5168 silly tarball no local data for ajv@https://registry.npmjs.org/ajv/-/ajv-8.20.0.tgz. Extracting by manifest.
5169 silly tarball no local data for semver@https://registry.npmjs.org/semver/-/semver-7.8.5.tgz. Extracting by manifest.
5170 silly tarball no local data for json-schema-traverse@https://registry.npmjs.org/json-schema-traverse/-/json-schema-traverse-1.0.0.tgz. Extracting by manifest.
5171 silly tarball no local data for json-schema-typed@https://registry.npmjs.org/json-schema-typed/-/json-schema-typed-7.0.3.tgz. Extracting by manifest.
5172 silly tarball no local data for is-obj@https://registry.npmjs.org/is-obj/-/is-obj-3.0.0.tgz. Extracting by manifest.
5173 silly tarball no local data for ajv-formats@https://registry.npmjs.org/ajv-formats/-/ajv-formats-2.1.1.tgz. Extracting by manifest.
5174 silly tarball no local data for kleur@https://registry.npmjs.org/kleur/-/kleur-3.0.3.tgz. Extracting by manifest.
5175 silly tarball no local data for strip-ansi@https://registry.npmjs.org/strip-ansi/-/strip-ansi-7.2.0.tgz. Extracting by manifest.
5176 silly tarball no local data for chalk@https://registry.npmjs.org/chalk/-/chalk-5.6.2.tgz. Extracting by manifest.
5177 silly tarball no local data for emoji-regex@https://registry.npmjs.org/emoji-regex/-/emoji-regex-10.6.0.tgz. Extracting by manifest.
5178 silly tarball no local data for is-wsl@https://registry.npmjs.org/is-wsl/-/is-wsl-2.2.0.tgz. Extracting by manifest.
5179 silly tarball no local data for ajv@https://registry.npmjs.org/ajv/-/ajv-8.20.0.tgz. Extracting by manifest.
5180 silly tarball no local data for ajv@https://registry.npmjs.org/ajv/-/ajv-8.20.0.tgz. Extracting by manifest.
5181 silly tarball no local data for isexe@https://registry.npmjs.org/isexe/-/isexe-3.1.5.tgz. Extracting by manifest.
5182 silly tarball no local data for is-docker@https://registry.npmjs.org/is-docker/-/is-docker-2.2.1.tgz. Extracting by manifest.
5183 silly tarball no local data for define-lazy-prop@https://registry.npmjs.org/define-lazy-prop/-/define-lazy-prop-2.0.0.tgz. Extracting by manifest.
5184 silly tarball no local data for strip-final-newline@https://registry.npmjs.org/strip-final-newline/-/strip-final-newline-2.0.0.tgz. Extracting by manifest.
5185 silly tarball no local data for npm-run-path@https://registry.npmjs.org/npm-run-path/-/npm-run-path-4.0.1.tgz. Extracting by manifest.
5186 silly tarball no local data for ansi-regex@https://registry.npmjs.org/ansi-regex/-/ansi-regex-6.2.2.tgz. Extracting by manifest.
5187 silly tarball no local data for json-schema-traverse@https://registry.npmjs.org/json-schema-traverse/-/json-schema-traverse-1.0.0.tgz. Extracting by manifest.
5188 silly tarball no local data for is-stream@https://registry.npmjs.org/is-stream/-/is-stream-2.0.1.tgz. Extracting by manifest.
5189 silly tarball no local data for open@https://registry.npmjs.org/open/-/open-8.4.2.tgz. Extracting by manifest.
5190 silly tarball no local data for which@https://registry.npmjs.org/which/-/which-4.0.0.tgz. Extracting by manifest.
5191 silly tarball no local data for p-limit@https://registry.npmjs.org/p-limit/-/p-limit-2.3.0.tgz. Extracting by manifest.
5192 silly tarball no local data for signal-exit@https://registry.npmjs.org/signal-exit/-/signal-exit-3.0.7.tgz. Extracting by manifest.
5193 silly tarball no local data for picomatch@https://registry.npmjs.org/picomatch/-/picomatch-4.0.5.tgz. Extracting by manifest.
5194 silly tarball no local data for human-signals@https://registry.npmjs.org/human-signals/-/human-signals-2.1.0.tgz. Extracting by manifest.
5195 silly tarball no local data for get-stream@https://registry.npmjs.org/get-stream/-/get-stream-6.0.1.tgz. Extracting by manifest.
5196 silly tarball no local data for fdir@https://registry.npmjs.org/fdir/-/fdir-6.5.0.tgz. Extracting by manifest.
5197 silly tarball no local data for react-is@https://registry.npmjs.org/react-is/-/react-is-16.13.1.tgz. Extracting by manifest.
5198 silly tarball no local data for execa@https://registry.npmjs.org/execa/-/execa-5.1.1.tgz. Extracting by manifest.
5199 silly tarball no local data for semver@https://registry.npmjs.org/semver/-/semver-7.8.5.tgz. Extracting by manifest.
5200 silly tarball no local data for json5@https://registry.npmjs.org/json5/-/json5-1.0.2.tgz. Extracting by manifest.
5201 silly tarball no local data for fdir@https://registry.npmjs.org/fdir/-/fdir-6.5.0.tgz. Extracting by manifest.
5202 silly tarball no local data for commander@https://registry.npmjs.org/commander/-/commander-11.1.0.tgz. Extracting by manifest.
5203 silly tarball no local data for debug@https://registry.npmjs.org/debug/-/debug-3.2.7.tgz. Extracting by manifest.
5204 silly tarball no local data for debug@https://registry.npmjs.org/debug/-/debug-3.2.7.tgz. Extracting by manifest.
5205 silly tarball no local data for picomatch@https://registry.npmjs.org/picomatch/-/picomatch-4.0.5.tgz. Extracting by manifest.
5206 silly tarball no local data for debug@https://registry.npmjs.org/debug/-/debug-3.2.7.tgz. Extracting by manifest.
5207 silly tarball no local data for glob-parent@https://registry.npmjs.org/glob-parent/-/glob-parent-5.1.2.tgz. Extracting by manifest.
5208 silly tarball no local data for glob-parent@https://registry.npmjs.org/glob-parent/-/glob-parent-5.1.2.tgz. Extracting by manifest.
5209 silly tarball no local data for semver@https://registry.npmjs.org/semver/-/semver-7.8.5.tgz. Extracting by manifest.
5210 silly tarball no local data for fast-glob@https://registry.npmjs.org/fast-glob/-/fast-glob-3.3.3.tgz. Extracting by manifest.
5211 silly tarball no local data for tsconfig-paths@https://registry.npmjs.org/tsconfig-paths/-/tsconfig-paths-4.2.0.tgz. Extracting by manifest.
5212 silly tarball no local data for eslint-visitor-keys@https://registry.npmjs.org/eslint-visitor-keys/-/eslint-visitor-keys-3.4.3.tgz. Extracting by manifest.
5213 silly tarball no local data for zod@https://registry.npmjs.org/zod/-/zod-3.25.76.tgz. Extracting by manifest.
5214 silly tarball no local data for globals@https://registry.npmjs.org/globals/-/globals-16.4.0.tgz. Extracting by manifest.
5215 silly tarball no local data for postcss@https://registry.npmjs.org/postcss/-/postcss-8.4.31.tgz. Extracting by manifest.
5216 http fetch GET 200 https://registry.npmjs.org/p-try/-/p-try-2.2.0.tgz 106ms (cache miss)
5217 http fetch GET 200 https://registry.npmjs.org/merge-stream/-/merge-stream-2.0.0.tgz 111ms (cache miss)
5218 http fetch GET 200 https://registry.npmjs.org/require-from-string/-/require-from-string-2.0.2.tgz 113ms (cache miss)
5219 http fetch GET 200 https://registry.npmjs.org/is-weakmap/-/is-weakmap-2.0.2.tgz 112ms (cache miss)
5220 http fetch GET 200 https://registry.npmjs.org/is-wsl/-/is-wsl-3.1.1.tgz 112ms (cache miss)
5221 http fetch GET 200 https://registry.npmjs.org/mimic-function/-/mimic-function-5.0.1.tgz 120ms (cache miss)
5222 http fetch GET 200 https://registry.npmjs.org/is-weakset/-/is-weakset-2.0.4.tgz 119ms (cache miss)
5223 http fetch GET 200 https://registry.npmjs.org/fast-uri/-/fast-uri-3.1.5.tgz 128ms (cache miss)
5224 http fetch GET 200 https://registry.npmjs.org/is-bigint/-/is-bigint-1.1.0.tgz 171ms (cache miss)
5225 http fetch GET 200 https://registry.npmjs.org/isexe/-/isexe-2.0.0.tgz 171ms (cache miss)
5226 http fetch GET 200 https://registry.npmjs.org/generator-function/-/generator-function-2.0.1.tgz 171ms (cache miss)
5227 http fetch GET 200 https://registry.npmjs.org/is-boolean-object/-/is-boolean-object-1.2.2.tgz 174ms (cache miss)
5228 http fetch GET 200 https://registry.npmjs.org/which-collection/-/which-collection-1.0.2.tgz 177ms (cache miss)
5229 http fetch GET 200 https://registry.npmjs.org/d3-time-format/-/d3-time-format-4.1.0.tgz 180ms (cache miss)
5230 http fetch GET 200 https://registry.npmjs.org/d3-format/-/d3-format-3.1.2.tgz 185ms (cache miss)
5231 http fetch GET 200 https://registry.npmjs.org/d3-path/-/d3-path-3.1.0.tgz 189ms (cache miss)
5232 http fetch GET 200 https://registry.npmjs.org/is-finalizationregistry/-/is-finalizationregistry-1.1.1.tgz 235ms (cache miss)
5233 http fetch GET 200 https://registry.npmjs.org/d3-ease/-/d3-ease-3.0.1.tgz 234ms (cache miss)
5234 http fetch GET 200 https://registry.npmjs.org/d3-timer/-/d3-timer-3.0.1.tgz 235ms (cache miss)
5235 http fetch GET 200 https://registry.npmjs.org/internmap/-/internmap-2.0.3.tgz 237ms (cache miss)
5236 http fetch GET 200 https://registry.npmjs.org/@types/d3-path/-/d3-path-3.1.1.tgz 247ms (cache miss)
5237 http fetch GET 200 https://registry.npmjs.org/d3-color/-/d3-color-3.1.0.tgz 248ms (cache miss)
5238 http fetch GET 200 https://registry.npmjs.org/is-async-function/-/is-async-function-2.1.1.tgz 249ms (cache miss)
5239 http fetch GET 200 https://registry.npmjs.org/d3-shape/-/d3-shape-3.2.0.tgz 249ms (cache miss)
5240 http fetch GET 200 https://registry.npmjs.org/is-map/-/is-map-2.0.3.tgz 255ms (cache miss)
5241 http fetch GET 200 https://registry.npmjs.org/d3-time/-/d3-time-3.1.0.tgz 256ms (cache miss)
5242 http fetch GET 200 https://registry.npmjs.org/is-generator-function/-/is-generator-function-1.1.2.tgz 262ms (cache miss)
5243 http fetch GET 200 https://registry.npmjs.org/is-number-object/-/is-number-object-1.1.1.tgz 263ms (cache miss)
5244 http fetch GET 200 https://registry.npmjs.org/async-function/-/async-function-1.0.0.tgz 264ms (cache miss)
5245 http fetch GET 200 https://registry.npmjs.org/@types/d3-timer/-/d3-timer-3.0.2.tgz 285ms (cache miss)
5246 http fetch GET 200 https://registry.npmjs.org/@types/d3-time/-/d3-time-3.0.4.tgz 289ms (cache miss)
5247 http fetch POST 200 https://registry.npmjs.org/-/npm/v1/security/advisories/bulk 341ms
5248 silly audit report {
5248 silly audit report   postcss: [
5248 silly audit report     {
5248 silly audit report       id: 1130709,
5248 silly audit report       url: 'https://github.com/advisories/GHSA-fxqj-rqcc-2cmp',
5248 silly audit report       title: 'PostCSS: incomplete fix of GHSA-6g55-p6wh-862q — attacker-controlled sourceMappingURL reads arbitrary .map files when `from` is unset',
5248 silly audit report       severity: 'moderate',
5248 silly audit report       vulnerable_versions: '<=8.5.22',
5248 silly audit report       cwe: [Array],
5248 silly audit report       cvss: [Object]
5248 silly audit report     },
5248 silly audit report     {
5248 silly audit report       id: 1117015,
5248 silly audit report       url: 'https://github.com/advisories/GHSA-qx2v-qp2m-jg93',
5248 silly audit report       title: 'PostCSS has XSS via Unescaped </style> in its CSS Stringify Output',
5248 silly audit report       severity: 'moderate',
5248 silly audit report       vulnerable_versions: '<8.5.10',
5248 silly audit report       cwe: [Array],
5248 silly audit report       cvss: [Object]
5248 silly audit report     },
5248 silly audit report     {
5248 silly audit report       id: 1124252,
5248 silly audit report       url: 'https://github.com/advisories/GHSA-6g55-p6wh-862q',
5248 silly audit report       title: 'PostCSS: Arbitrary file read and information disclosure via attacker-controlled sourceMappingURL in CSS comments',
5248 silly audit report       severity: 'high',
5248 silly audit report       vulnerable_versions: '<=8.5.11',
5248 silly audit report       cwe: [Array],
5248 silly audit report       cvss: [Object]
5248 silly audit report     },
5248 silly audit report     {
5248 silly audit report       id: 1124288,
5248 silly audit report       url: 'https://github.com/advisories/GHSA-r28c-9q8g-f849',
5248 silly audit report       title: 'PostCSS: Path Traversal in Previous Source Map Auto-Loading (sourceMappingURL) leads to Arbitrary .map File Disclosure',
5248 silly audit report       severity: 'high',
5248 silly audit report       vulnerable_versions: '<=8.5.17',
5248 silly audit report       cwe: [Array],
5248 silly audit report       cvss: [Object]
5248 silly audit report     }
5248 silly audit report   ],
5248 silly audit report   sharp: [
5248 silly audit report     {
5248 silly audit report       id: 1124066,
5248 silly audit report       url: 'https://github.com/advisories/GHSA-f88m-g3jw-g9cj',
5248 silly audit report       title: 'sharp inherited vulnerabilities in libvips: CVE-2026-33327, CVE-2026-33328, CVE-2026-35590, CVE-2026-35591',
5248 silly audit report       severity: 'high',
5248 silly audit report       vulnerable_versions: '<0.35.0',
5248 silly audit report       cwe: [Array],
5248 silly audit report       cvss: [Object]
5248 silly audit report     }
5248 silly audit report   ]
5248 silly audit report }
5249 silly packumentCache corgi:https://registry.npmjs.org/postcss cache-miss
5250 silly packumentCache corgi:https://registry.npmjs.org/sharp cache-miss
5251 http fetch GET 200 https://registry.npmjs.org/escalade/-/escalade-3.2.0.tgz 311ms (cache miss)
5252 http fetch GET 200 https://registry.npmjs.org/@types/d3-shape/-/d3-shape-3.1.8.tgz 315ms (cache miss)
5253 http fetch GET 200 https://registry.npmjs.org/d3-interpolate/-/d3-interpolate-3.0.1.tgz 330ms (cache miss)
5254 http fetch GET 200 https://registry.npmjs.org/@types/d3-ease/-/d3-ease-3.0.2.tgz 331ms (cache miss)
5255 http fetch GET 200 https://registry.npmjs.org/d3-array/-/d3-array-3.2.4.tgz 332ms (cache miss)
5256 http fetch GET 200 https://registry.npmjs.org/@types/d3-array/-/d3-array-3.2.2.tgz 332ms (cache miss)
5257 http fetch GET 200 https://registry.npmjs.org/which-boxed-primitive/-/which-boxed-primitive-1.1.1.tgz 331ms (cache miss)
5258 http fetch GET 200 https://registry.npmjs.org/punycode/-/punycode-2.3.1.tgz 331ms (cache miss)
5259 http fetch GET 200 https://registry.npmjs.org/napi-postinstall/-/napi-postinstall-0.3.4.tgz 335ms (cache miss)
5260 http fetch GET 200 https://registry.npmjs.org/@typescript-eslint/tsconfig-utils/-/tsconfig-utils-8.67.0.tgz 351ms (cache miss)
5261 http fetch GET 200 https://registry.npmjs.org/@typescript-eslint/parser/-/parser-8.67.0.tgz 386ms (cache miss)
5262 http fetch GET 200 https://registry.npmjs.org/@typescript-eslint/types/-/types-8.67.0.tgz 390ms (cache miss)
5263 http fetch GET 200 https://registry.npmjs.org/which-builtin-type/-/which-builtin-type-1.2.1.tgz 395ms (cache miss)
5264 http fetch GET 200 https://registry.npmjs.org/has-bigints/-/has-bigints-1.1.0.tgz 396ms (cache miss)
5265 http fetch GET 200 https://registry.npmjs.org/ts-api-utils/-/ts-api-utils-2.5.0.tgz 397ms (cache miss)
5266 http fetch GET 200 https://registry.npmjs.org/@types/d3-color/-/d3-color-3.1.3.tgz 399ms (cache miss)
5267 http fetch GET 200 https://registry.npmjs.org/@typescript-eslint/visitor-keys/-/visitor-keys-8.67.0.tgz 400ms (cache miss)
5268 http fetch GET 200 https://registry.npmjs.org/d3-scale/-/d3-scale-4.0.2.tgz 403ms (cache miss)
5269 http fetch GET 200 https://registry.npmjs.org/@typescript-eslint/project-service/-/project-service-8.67.0.tgz 406ms (cache miss)
5270 http fetch GET 200 https://registry.npmjs.org/@typescript-eslint/type-utils/-/type-utils-8.67.0.tgz 407ms (cache miss)
5271 http fetch GET 200 https://registry.npmjs.org/reflect.getprototypeof/-/reflect.getprototypeof-1.0.10.tgz 481ms (cache miss)
5272 http fetch GET 200 https://registry.npmjs.org/strip-bom/-/strip-bom-3.0.0.tgz 481ms (cache miss)
5273 http fetch GET 200 https://registry.npmjs.org/for-each/-/for-each-0.3.5.tgz 482ms (cache miss)
5274 http fetch GET 200 https://registry.npmjs.org/minimist/-/minimist-1.2.8.tgz 486ms (cache miss)
5275 http fetch GET 200 https://registry.npmjs.org/path-browserify/-/path-browserify-1.0.1.tgz 489ms (cache miss)
5276 http fetch GET 200 https://registry.npmjs.org/@typescript-eslint/scope-manager/-/scope-manager-8.67.0.tgz 512ms (cache miss)
5277 http fetch GET 200 https://registry.npmjs.org/@typescript-eslint/typescript-estree/-/typescript-estree-8.67.0.tgz 512ms (cache miss)
5278 http fetch GET 200 https://registry.npmjs.org/media-typer/-/media-typer-1.1.1.tgz 517ms (cache miss)
5279 http fetch GET 200 https://registry.npmjs.org/has-flag/-/has-flag-4.0.0.tgz 520ms (cache miss)
5280 http fetch GET 200 https://registry.npmjs.org/@typescript-eslint/utils/-/utils-8.67.0.tgz 526ms (cache miss)
5281 http fetch GET 200 https://registry.npmjs.org/is-number/-/is-number-7.0.0.tgz 568ms (cache miss)
5282 http fetch GET 200 https://registry.npmjs.org/@types/d3-interpolate/-/d3-interpolate-3.0.4.tgz 579ms (cache miss)
5283 http fetch GET 200 https://registry.npmjs.org/ansi-regex/-/ansi-regex-5.0.1.tgz 582ms (cache miss)
5284 http fetch GET 200 https://registry.npmjs.org/is-regexp/-/is-regexp-3.1.0.tgz 582ms (cache miss)
5285 http fetch GET 200 https://registry.npmjs.org/client-only/-/client-only-0.0.1.tgz 584ms (cache miss)
5286 http fetch GET 200 https://registry.npmjs.org/@types/d3-scale/-/d3-scale-4.0.9.tgz 590ms (cache miss)
5287 http fetch GET 200 https://registry.npmjs.org/code-block-writer/-/code-block-writer-13.0.3.tgz 589ms (cache miss)
5288 http fetch GET 200 https://registry.npmjs.org/side-channel-map/-/side-channel-map-1.0.1.tgz 592ms (cache miss)
5289 http fetch GET 200 https://registry.npmjs.org/get-own-enumerable-keys/-/get-own-enumerable-keys-1.0.0.tgz 593ms (cache miss)
5290 http fetch GET 200 https://registry.npmjs.org/side-channel-list/-/side-channel-list-1.0.1.tgz 625ms (cache miss)
5291 http fetch GET 200 https://registry.npmjs.org/get-east-asian-width/-/get-east-asian-width-1.6.0.tgz 627ms (cache miss)
5292 http fetch GET 200 https://registry.npmjs.org/@unrs/resolver-binding-darwin-arm64/-/resolver-binding-darwin-arm64-1.12.2.tgz 663ms (cache miss)
5293 http fetch GET 200 https://registry.npmjs.org/side-channel-weakmap/-/side-channel-weakmap-1.0.2.tgz 662ms (cache miss)
5294 http fetch GET 200 https://registry.npmjs.org/@types/json5/-/json5-0.0.29.tgz 662ms (cache miss)
5295 http fetch GET 200 https://registry.npmjs.org/shebang-regex/-/shebang-regex-3.0.0.tgz 665ms (cache miss)
5296 http fetch GET 200 https://registry.npmjs.org/esprima/-/esprima-4.0.1.tgz 724ms (cache miss)
5297 http fetch GET 200 https://registry.npmjs.org/path-to-regexp/-/path-to-regexp-8.4.2.tgz 745ms (cache miss)
5298 http fetch GET 200 https://registry.npmjs.org/@img/sharp-darwin-arm64/-/sharp-darwin-arm64-0.34.5.tgz 746ms (cache miss)
5299 http fetch GET 200 https://registry.npmjs.org/@img/colour/-/colour-1.1.0.tgz 748ms (cache miss)
5300 http fetch GET 200 https://registry.npmjs.org/forwarded/-/forwarded-0.2.0.tgz 754ms (cache miss)
5301 http fetch GET 200 https://registry.npmjs.org/is-promise/-/is-promise-4.0.0.tgz 754ms (cache miss)
5302 http fetch GET 200 https://registry.npmjs.org/parse-ms/-/parse-ms-4.0.0.tgz 771ms (cache miss)
5303 http fetch GET 200 https://registry.npmjs.org/ipaddr.js/-/ipaddr.js-1.9.1.tgz 771ms (cache miss)
5304 http fetch GET 200 https://registry.npmjs.org/sisteransi/-/sisteransi-1.0.5.tgz 788ms (cache miss)
5305 http fetch GET 200 https://registry.npmjs.org/unpipe/-/unpipe-1.0.0.tgz 788ms (cache miss)
5306 http fetch GET 200 https://registry.npmjs.org/error-ex/-/error-ex-1.3.4.tgz 813ms (cache miss)
5307 http fetch GET 200 https://registry.npmjs.org/restore-cursor/-/restore-cursor-5.1.0.tgz 813ms (cache miss)
5308 http fetch GET 200 https://registry.npmjs.org/cssesc/-/cssesc-3.0.0.tgz 819ms (cache miss)
5309 http fetch GET 200 https://registry.npmjs.org/lines-and-columns/-/lines-and-columns-1.2.4.tgz 834ms (cache miss)
5310 http fetch GET 200 https://registry.npmjs.org/util-deprecate/-/util-deprecate-1.0.2.tgz 835ms (cache miss)
5311 http fetch GET 200 https://registry.npmjs.org/json-parse-even-better-errors/-/json-parse-even-better-errors-2.3.1.tgz 845ms (cache miss)
5312 http fetch GET 200 https://registry.npmjs.org/string-width/-/string-width-7.2.0.tgz 848ms (cache miss)
5313 http fetch GET 200 https://registry.npmjs.org/is-arrayish/-/is-arrayish-0.2.1.tgz 863ms (cache miss)
5314 http fetch GET 200 https://registry.npmjs.org/ast-types/-/ast-types-0.16.1.tgz 865ms (cache miss)
5315 http fetch GET 200 https://registry.npmjs.org/stdin-discarder/-/stdin-discarder-0.2.2.tgz 896ms (cache miss)
5316 http fetch GET 200 https://registry.npmjs.org/cli-spinners/-/cli-spinners-2.9.2.tgz 897ms (cache miss)
5317 http fetch GET 200 https://registry.npmjs.org/default-browser-id/-/default-browser-id-5.0.1.tgz 899ms (cache miss)
5318 http fetch GET 200 https://registry.npmjs.org/is-interactive/-/is-interactive-2.0.0.tgz 907ms (cache miss)
5319 http fetch GET 200 https://registry.npmjs.org/@typescript-eslint/eslint-plugin/-/eslint-plugin-8.67.0.tgz 913ms (cache miss)
5320 http fetch GET 200 https://registry.npmjs.org/run-applescript/-/run-applescript-7.1.0.tgz 916ms (cache miss)
5321 http fetch GET 200 https://registry.npmjs.org/wsl-utils/-/wsl-utils-0.3.1.tgz 916ms (cache miss)
5322 http fetch GET 200 https://registry.npmjs.org/bundle-name/-/bundle-name-4.1.0.tgz 918ms (cache miss)
5323 http fetch GET 200 https://registry.npmjs.org/is-inside-container/-/is-inside-container-1.0.0.tgz 925ms (cache miss)
5324 http fetch GET 200 https://registry.npmjs.org/log-symbols/-/log-symbols-6.0.0.tgz 925ms (cache miss)
5325 http fetch GET 200 https://registry.npmjs.org/cli-cursor/-/cli-cursor-5.0.0.tgz 926ms (cache miss)
5326 http fetch GET 200 https://registry.npmjs.org/default-browser/-/default-browser-5.5.0.tgz 969ms (cache miss)
5327 http fetch GET 200 https://registry.npmjs.org/source-map/-/source-map-0.6.1.tgz 986ms (cache miss)
5328 http fetch GET 200 https://registry.npmjs.org/powershell-utils/-/powershell-utils-0.1.0.tgz 1002ms (cache miss)
5329 http fetch GET 200 https://registry.npmjs.org/setprototypeof/-/setprototypeof-1.2.0.tgz 1008ms (cache miss)
5330 http fetch GET 200 https://registry.npmjs.org/define-lazy-prop/-/define-lazy-prop-3.0.0.tgz 1008ms (cache miss)
5331 http fetch GET 200 https://registry.npmjs.org/is-docker/-/is-docker-3.0.0.tgz 1010ms (cache miss)
5332 http fetch GET 200 https://registry.npmjs.org/ee-first/-/ee-first-1.1.1.tgz 1015ms (cache miss)
5333 http fetch GET 200 https://registry.npmjs.org/jsonfile/-/jsonfile-6.2.1.tgz 1015ms (cache miss)
5334 http fetch GET 200 https://registry.npmjs.org/toidentifier/-/toidentifier-1.0.1.tgz 1018ms (cache miss)
5335 http fetch GET 200 https://registry.npmjs.org/inherits/-/inherits-2.0.4.tgz 1018ms (cache miss)
5336 http fetch GET 200 https://registry.npmjs.org/unicorn-magic/-/unicorn-magic-0.3.0.tgz 1018ms (cache miss)
5337 http fetch GET 200 https://registry.npmjs.org/universalify/-/universalify-2.0.1.tgz 1019ms (cache miss)
5338 http fetch GET 200 https://registry.npmjs.org/safer-buffer/-/safer-buffer-2.1.2.tgz 1044ms (cache miss)
5339 http fetch GET 200 https://registry.npmjs.org/wrappy/-/wrappy-1.0.2.tgz 1071ms (cache miss)
5340 http fetch GET 200 https://registry.npmjs.org/bytes/-/bytes-3.1.2.tgz 1095ms (cache miss)
5341 http fetch GET 200 https://registry.npmjs.org/type-is/-/type-is-2.1.0.tgz 1095ms (cache miss)
5342 http fetch GET 200 https://registry.npmjs.org/statuses/-/statuses-2.0.2.tgz 1102ms (cache miss)
5343 http fetch GET 200 https://registry.npmjs.org/is-unicode-supported/-/is-unicode-supported-2.1.0.tgz 1110ms (cache miss)
5344 http fetch GET 200 https://registry.npmjs.org/qs/-/qs-6.15.3.tgz 1111ms (cache miss)
5345 http fetch GET 200 https://registry.npmjs.org/serve-static/-/serve-static-2.2.1.tgz 1113ms (cache miss)
5346 http fetch GET 200 https://registry.npmjs.org/router/-/router-2.2.0.tgz 1114ms (cache miss)
5347 http fetch GET 200 https://registry.npmjs.org/@sec-ant/readable-stream/-/readable-stream-0.4.1.tgz 1140ms (cache miss)
5348 http fetch GET 200 https://registry.npmjs.org/iconv-lite/-/iconv-lite-0.7.3.tgz 1160ms (cache miss)
5349 http fetch GET 200 https://registry.npmjs.org/once/-/once-1.4.0.tgz 1167ms (cache miss)
5350 http fetch GET 200 https://registry.npmjs.org/parseurl/-/parseurl-1.3.3.tgz 1175ms (cache miss)
5351 http fetch GET 200 https://registry.npmjs.org/mime-db/-/mime-db-1.54.0.tgz 1186ms (cache miss)
5352 http fetch GET 200 https://registry.npmjs.org/ip-address/-/ip-address-10.5.0.tgz 1208ms (cache miss)
5353 http fetch GET 200 https://registry.npmjs.org/on-finished/-/on-finished-2.4.1.tgz 1246ms (cache miss)
5354 http fetch GET 200 https://registry.npmjs.org/mime-types/-/mime-types-3.0.2.tgz 1246ms (cache miss)
5355 http fetch GET 200 https://registry.npmjs.org/proxy-addr/-/proxy-addr-2.0.7.tgz 1246ms (cache miss)
5356 http fetch GET 200 https://registry.npmjs.org/is-in-ssh/-/is-in-ssh-1.0.0.tgz 1246ms (cache miss)
5357 http fetch GET 200 https://registry.npmjs.org/range-parser/-/range-parser-1.3.0.tgz 1246ms (cache miss)
5358 http fetch GET 200 https://registry.npmjs.org/merge-descriptors/-/merge-descriptors-2.0.0.tgz 1246ms (cache miss)
5359 http fetch GET 200 https://registry.npmjs.org/finalhandler/-/finalhandler-2.1.1.tgz 1252ms (cache miss)
5360 http fetch GET 200 https://registry.npmjs.org/negotiator/-/negotiator-1.0.0.tgz 1255ms (cache miss)
5361 http fetch GET 200 https://registry.npmjs.org/fresh/-/fresh-2.0.0.tgz 1270ms (cache miss)
5362 http fetch GET 200 https://registry.npmjs.org/escape-html/-/escape-html-1.0.3.tgz 1270ms (cache miss)
5363 http fetch GET 200 https://registry.npmjs.org/encodeurl/-/encodeurl-2.0.0.tgz 1291ms (cache miss)
5364 http fetch GET 200 https://registry.npmjs.org/send/-/send-1.2.1.tgz 1325ms (cache miss)
5365 http fetch GET 200 https://registry.npmjs.org/is-plain-obj/-/is-plain-obj-4.1.0.tgz 1329ms (cache miss)
5366 http fetch GET 200 https://registry.npmjs.org/depd/-/depd-2.0.0.tgz 1343ms (cache miss)
5367 http fetch GET 200 https://registry.npmjs.org/pretty-ms/-/pretty-ms-9.3.0.tgz 1343ms (cache miss)
5368 http fetch GET 200 https://registry.npmjs.org/cookie-signature/-/cookie-signature-1.2.2.tgz 1343ms (cache miss)
5369 http fetch GET 200 https://registry.npmjs.org/accepts/-/accepts-2.0.0.tgz 1343ms (cache miss)
5370 http fetch GET 200 https://registry.npmjs.org/cookie/-/cookie-0.7.2.tgz 1344ms (cache miss)
5371 http fetch GET 200 https://registry.npmjs.org/yoctocolors/-/yoctocolors-2.2.0.tgz 1346ms (cache miss)
5372 http fetch GET 200 https://registry.npmjs.org/content-disposition/-/content-disposition-1.1.0.tgz 1346ms (cache miss)
5373 http fetch GET 200 https://registry.npmjs.org/etag/-/etag-1.8.1.tgz 1351ms (cache miss)
5374 http fetch GET 200 https://registry.npmjs.org/strip-final-newline/-/strip-final-newline-4.0.0.tgz 1350ms (cache miss)
5375 http fetch GET 200 https://registry.npmjs.org/signal-exit/-/signal-exit-4.1.0.tgz 1353ms (cache miss)
5376 http fetch GET 200 https://registry.npmjs.org/@ts-morph/common/-/common-0.27.0.tgz 1372ms (cache miss)
5377 http fetch GET 200 https://registry.npmjs.org/is-stream/-/is-stream-4.0.1.tgz 1396ms (cache miss)
5378 http fetch GET 200 https://registry.npmjs.org/npm-run-path/-/npm-run-path-6.0.0.tgz 1398ms (cache miss)
5379 http fetch GET 200 https://registry.npmjs.org/get-stream/-/get-stream-9.0.1.tgz 1404ms (cache miss)
5380 http fetch GET 200 https://registry.npmjs.org/human-signals/-/human-signals-8.0.1.tgz 1416ms (cache miss)
5381 http fetch GET 200 https://registry.npmjs.org/parse-json/-/parse-json-5.2.0.tgz 1415ms (cache miss)
5382 http fetch GET 200 https://registry.npmjs.org/mimic-fn/-/mimic-fn-3.1.0.tgz 1420ms (cache miss)
5383 http fetch GET 200 https://registry.npmjs.org/vary/-/vary-1.1.2.tgz 1420ms (cache miss)
5384 http fetch GET 200 https://registry.npmjs.org/figures/-/figures-6.1.0.tgz 1420ms (cache miss)
5385 http fetch GET 200 https://registry.npmjs.org/http-errors/-/http-errors-2.0.1.tgz 1421ms (cache miss)
5386 http fetch GET 200 https://registry.npmjs.org/is-obj/-/is-obj-2.0.0.tgz 1420ms (cache miss)
5387 http fetch GET 200 https://registry.npmjs.org/body-parser/-/body-parser-2.3.0.tgz 1420ms (cache miss)
5388 http fetch GET 200 https://registry.npmjs.org/ansi-colors/-/ansi-colors-4.1.3.tgz 1424ms (cache miss)
5389 http fetch GET 200 https://registry.npmjs.org/atomically/-/atomically-1.7.0.tgz 1426ms (cache miss)
5390 http fetch GET 200 https://registry.npmjs.org/@sindresorhus/merge-streams/-/merge-streams-4.0.0.tgz 1429ms (cache miss)
5391 http fetch GET 200 https://registry.npmjs.org/onetime/-/onetime-5.1.2.tgz 1466ms (cache miss)
5392 http fetch GET 200 https://registry.npmjs.org/dot-prop/-/dot-prop-6.0.1.tgz 1468ms (cache miss)
5393 http fetch GET 200 https://registry.npmjs.org/raw-body/-/raw-body-3.0.2.tgz 1467ms (cache miss)
5394 http fetch GET 200 https://registry.npmjs.org/strip-ansi/-/strip-ansi-6.0.1.tgz 1482ms (cache miss)
5395 http fetch GET 200 https://registry.npmjs.org/eventsource/-/eventsource-3.0.7.tgz 1482ms (cache miss)
5396 http fetch GET 200 https://registry.npmjs.org/eventsource-parser/-/eventsource-parser-3.1.1.tgz 1483ms (cache miss)
5397 http fetch GET 200 https://registry.npmjs.org/cors/-/cors-2.8.6.tgz 1491ms (cache miss)
5398 http fetch GET 200 https://registry.npmjs.org/pkg-up/-/pkg-up-3.1.0.tgz 1498ms (cache miss)
5399 http fetch GET 200 https://registry.npmjs.org/content-type/-/content-type-1.0.5.tgz 1502ms (cache miss)
5400 http fetch GET 200 https://registry.npmjs.org/express/-/express-5.2.1.tgz 1502ms (cache miss)
5401 http fetch GET 200 https://registry.npmjs.org/pkce-challenge/-/pkce-challenge-5.0.1.tgz 1504ms (cache miss)
5402 http fetch GET 200 https://registry.npmjs.org/express-rate-limit/-/express-rate-limit-8.6.2.tgz 1508ms (cache miss)
5403 http fetch GET 200 https://registry.npmjs.org/json-schema-typed/-/json-schema-typed-8.0.2.tgz 1516ms (cache miss)
5404 http fetch GET 200 https://registry.npmjs.org/jose/-/jose-6.2.8.tgz 1519ms (cache miss)
5405 http fetch GET 200 https://registry.npmjs.org/ajv-formats/-/ajv-formats-3.0.1.tgz 1533ms (cache miss)
5406 http fetch GET 200 https://registry.npmjs.org/debounce-fn/-/debounce-fn-4.0.0.tgz 1534ms (cache miss)
5407 http fetch GET 200 https://registry.npmjs.org/yocto-spinner/-/yocto-spinner-1.2.2.tgz 1538ms (cache miss)
5408 http fetch GET 200 https://registry.npmjs.org/object-treeify/-/object-treeify-1.1.33.tgz 1546ms (cache miss)
5409 http fetch GET 200 https://registry.npmjs.org/env-paths/-/env-paths-2.2.1.tgz 1561ms (cache miss)
5410 http fetch GET 200 https://registry.npmjs.org/@babel/plugin-syntax-jsx/-/plugin-syntax-jsx-7.29.7.tgz 1572ms (cache miss)
5411 http fetch GET 200 https://registry.npmjs.org/dotenv/-/dotenv-17.4.2.tgz 1572ms (cache miss)
5412 http fetch GET 200 https://registry.npmjs.org/@babel/helper-replace-supers/-/helper-replace-supers-7.29.7.tgz 1574ms (cache miss)
5413 http fetch GET 200 https://registry.npmjs.org/conf/-/conf-10.2.0.tgz 1574ms (cache miss)
5414 http fetch GET 200 https://registry.npmjs.org/systeminformation/-/systeminformation-5.33.1.tgz 1619ms (cache miss)
5415 http fetch GET 200 https://registry.npmjs.org/@babel/helper-member-expression-to-functions/-/helper-member-expression-to-functions-7.29.7.tgz 1621ms (cache miss)
5416 http fetch GET 200 https://registry.npmjs.org/@babel/helper-annotate-as-pure/-/helper-annotate-as-pure-7.29.7.tgz 1621ms (cache miss)
5417 http fetch GET 200 https://registry.npmjs.org/@babel/helper-skip-transparent-expression-wrappers/-/helper-skip-transparent-expression-wrappers-7.29.7.tgz 1623ms (cache miss)
5418 http fetch GET 200 https://registry.npmjs.org/@babel/plugin-syntax-typescript/-/plugin-syntax-typescript-7.29.7.tgz 1623ms (cache miss)
5419 http fetch GET 200 https://registry.npmjs.org/hono/-/hono-4.13.1.tgz 1626ms (cache miss)
5420 http fetch GET 200 https://registry.npmjs.org/@babel/plugin-transform-modules-commonjs/-/plugin-transform-modules-commonjs-7.29.7.tgz 1647ms (cache miss)
5421 http fetch GET 200 https://registry.npmjs.org/@babel/helper-plugin-utils/-/helper-plugin-utils-7.29.7.tgz 1651ms (cache miss)
5422 http fetch GET 200 https://registry.npmjs.org/enquirer/-/enquirer-2.4.1.tgz 1667ms (cache miss)
5423 http fetch GET 200 https://registry.npmjs.org/validate-npm-package-name/-/validate-npm-package-name-7.0.2.tgz 1670ms (cache miss)
5424 http fetch GET 200 https://registry.npmjs.org/zod-to-json-schema/-/zod-to-json-schema-3.25.2.tgz 1671ms (cache miss)
5425 http fetch GET 200 https://registry.npmjs.org/open/-/open-11.0.0.tgz 1675ms (cache miss)
5426 http fetch GET 200 https://registry.npmjs.org/postcss-selector-parser/-/postcss-selector-parser-7.1.5.tgz 1675ms (cache miss)
5427 http fetch GET 200 https://registry.npmjs.org/recast/-/recast-0.23.21.tgz 1677ms (cache miss)
5428 http fetch GET 200 https://registry.npmjs.org/ora/-/ora-8.2.0.tgz 1691ms (cache miss)
5429 http fetch GET 200 https://registry.npmjs.org/prompts/-/prompts-2.4.2.tgz 1711ms (cache miss)
5430 http fetch GET 200 https://registry.npmjs.org/fuzzysort/-/fuzzysort-3.1.0.tgz 1720ms (cache miss)
5431 http fetch GET 200 https://registry.npmjs.org/@babel/helper-create-class-features-plugin/-/helper-create-class-features-plugin-7.29.7.tgz 1743ms (cache miss)
5432 http fetch GET 200 https://registry.npmjs.org/kleur/-/kleur-4.1.5.tgz 1749ms (cache miss)
5433 http fetch GET 200 https://registry.npmjs.org/stringify-object/-/stringify-object-5.0.0.tgz 1750ms (cache miss)
5434 http fetch GET 200 https://registry.npmjs.org/execa/-/execa-9.6.1.tgz 1757ms (cache miss)
5435 http fetch GET 200 https://registry.npmjs.org/@dotenvx/dotenvx/-/dotenvx-1.75.1.tgz 1800ms (cache miss)
5436 http fetch GET 200 https://registry.npmjs.org/@hono/node-server/-/node-server-2.1.0.tgz 1825ms (cache miss)
5437 http fetch GET 200 https://registry.npmjs.org/deepmerge/-/deepmerge-4.3.1.tgz 1827ms (cache miss)
5438 http fetch GET 200 https://registry.npmjs.org/@babel/helper-optimise-call-expression/-/helper-optimise-call-expression-7.29.7.tgz 1854ms (cache miss)
5439 http fetch GET 200 https://registry.npmjs.org/@babel/plugin-transform-typescript/-/plugin-transform-typescript-7.29.7.tgz 1856ms (cache miss)
5440 http fetch GET 200 https://registry.npmjs.org/@types/validate-npm-package-name/-/validate-npm-package-name-4.0.2.tgz 1859ms (cache miss)
5441 http fetch GET 200 https://registry.npmjs.org/@babel/preset-typescript/-/preset-typescript-7.29.7.tgz 1870ms (cache miss)
5442 http fetch GET 200 https://registry.npmjs.org/isarray/-/isarray-2.0.5.tgz 1872ms (cache miss)
5443 http fetch GET 200 https://registry.npmjs.org/cosmiconfig/-/cosmiconfig-9.0.2.tgz 1872ms (cache miss)
5444 http fetch GET 200 https://registry.npmjs.org/fs-extra/-/fs-extra-11.4.0.tgz 1875ms (cache miss)
5445 http fetch GET 200 https://registry.npmjs.org/@modelcontextprotocol/sdk/-/sdk-1.30.0.tgz 1891ms (cache miss)
5446 http fetch GET 200 https://registry.npmjs.org/supports-preserve-symlinks-flag/-/supports-preserve-symlinks-flag-1.0.0.tgz 1901ms (cache miss)
5447 http fetch GET 200 https://registry.npmjs.org/commander/-/commander-14.0.3.tgz 1906ms (cache miss)
5448 http fetch GET 200 https://registry.npmjs.org/diff/-/diff-8.0.4.tgz 1909ms (cache miss)
5449 http fetch GET 200 https://registry.npmjs.org/path-parse/-/path-parse-1.0.7.tgz 1982ms (cache miss)
5450 http fetch GET 200 https://registry.npmjs.org/redux-thunk/-/redux-thunk-3.1.0.tgz 1981ms (cache miss)
5451 http fetch GET 200 https://registry.npmjs.org/dedent/-/dedent-1.7.2.tgz 1981ms (cache miss)
5452 http fetch GET 200 https://registry.npmjs.org/@standard-schema/spec/-/spec-1.1.0.tgz 1981ms (cache miss)
5453 http fetch GET 200 https://registry.npmjs.org/@standard-schema/utils/-/utils-0.3.0.tgz 1981ms (cache miss)
5454 http fetch GET 200 https://registry.npmjs.org/queue-microtask/-/queue-microtask-1.2.3.tgz 1982ms (cache miss)
5455 http fetch GET 200 https://registry.npmjs.org/node-exports-info/-/node-exports-info-1.6.2.tgz 1985ms (cache miss)
5456 http fetch GET 200 https://registry.npmjs.org/ts-morph/-/ts-morph-26.0.0.tgz 2011ms (cache miss)
5457 http fetch GET 200 https://registry.npmjs.org/tiny-invariant/-/tiny-invariant-1.3.3.tgz 2009ms (cache miss)
5458 http fetch GET 200 https://registry.npmjs.org/victory-vendor/-/victory-vendor-37.3.6.tgz 2032ms (cache miss)
5459 http fetch GET 200 https://registry.npmjs.org/redux/-/redux-5.0.1.tgz 2061ms (cache miss)
5460 http fetch GET 200 https://registry.npmjs.org/scheduler/-/scheduler-0.27.0.tgz 2061ms (cache miss)
5461 http fetch GET 200 https://registry.npmjs.org/@types/use-sync-external-store/-/use-sync-external-store-0.0.6.tgz 2095ms (cache miss)
5462 http fetch GET 200 https://registry.npmjs.org/object-assign/-/object-assign-4.1.1.tgz 2095ms (cache miss)
5463 http fetch GET 200 https://registry.npmjs.org/decimal.js-light/-/decimal.js-light-2.5.1.tgz 2095ms (cache miss)
5464 http fetch GET 200 https://registry.npmjs.org/eventemitter3/-/eventemitter3-5.0.4.tgz 2097ms (cache miss)
5465 http fetch GET 200 https://registry.npmjs.org/loose-envify/-/loose-envify-1.4.0.tgz 2098ms (cache miss)
5466 http fetch GET 200 https://registry.npmjs.org/@dotenvx/primitives/-/primitives-0.8.0.tgz 2104ms (cache miss)
5467 http fetch GET 200 https://registry.npmjs.org/p-limit/-/p-limit-3.1.0.tgz 2110ms (cache miss)
5468 http fetch GET 200 https://registry.npmjs.org/react-redux/-/react-redux-9.3.0.tgz 2110ms (cache miss)
5469 http fetch GET 200 https://registry.npmjs.org/callsites/-/callsites-3.1.0.tgz 2121ms (cache miss)
5470 http fetch GET 200 https://registry.npmjs.org/yocto-queue/-/yocto-queue-0.1.0.tgz 2161ms (cache miss)
5471 http fetch GET 200 https://registry.npmjs.org/deep-is/-/deep-is-0.1.4.tgz 2166ms (cache miss)
5472 http fetch GET 200 https://registry.npmjs.org/nanoid/-/nanoid-3.3.18.tgz 2171ms (cache miss)
5473 http fetch GET 200 https://registry.npmjs.org/word-wrap/-/word-wrap-1.2.5.tgz 2171ms (cache miss)
5474 http fetch GET 200 https://registry.npmjs.org/sharp/-/sharp-0.34.5.tgz 2204ms (cache miss)
5475 http fetch GET 200 https://registry.npmjs.org/fast-levenshtein/-/fast-levenshtein-2.0.6.tgz 2220ms (cache miss)
5476 http fetch GET 200 https://registry.npmjs.org/brace-expansion/-/brace-expansion-1.1.18.tgz 2230ms (cache miss)
5477 http fetch GET 200 https://registry.npmjs.org/to-regex-range/-/to-regex-range-5.0.1.tgz 2232ms (cache miss)
5478 http fetch GET 200 https://registry.npmjs.org/immer/-/immer-11.1.16.tgz 2254ms (cache miss)
5479 http fetch GET 200 https://registry.npmjs.org/balanced-match/-/balanced-match-1.0.2.tgz 2259ms (cache miss)
5480 http fetch GET 200 https://registry.npmjs.org/fill-range/-/fill-range-7.1.1.tgz 2270ms (cache miss)
5481 http fetch GET 200 https://registry.npmjs.org/braces/-/braces-3.0.3.tgz 2275ms (cache miss)
5482 http fetch GET 200 https://registry.npmjs.org/@swc/helpers/-/helpers-0.5.15.tgz 2281ms (cache miss)
5483 http fetch GET 200 https://registry.npmjs.org/concat-map/-/concat-map-0.0.1.tgz 2307ms (cache miss)
5484 http fetch GET 200 https://registry.npmjs.org/type-check/-/type-check-0.4.0.tgz 2344ms (cache miss)
5485 http fetch GET 200 https://registry.npmjs.org/picomatch/-/picomatch-2.3.2.tgz 2344ms (cache miss)
5486 http fetch GET 200 https://registry.npmjs.org/p-locate/-/p-locate-5.0.0.tgz 2354ms (cache miss)
5487 http fetch GET 200 https://registry.npmjs.org/yallist/-/yallist-3.1.1.tgz 2353ms (cache miss)
5488 http fetch GET 200 https://registry.npmjs.org/json-buffer/-/json-buffer-3.0.1.tgz 2370ms (cache miss)
5489 http fetch GET 200 https://registry.npmjs.org/detect-libc/-/detect-libc-2.1.2.tgz 2378ms (cache miss)
5490 http fetch GET 200 https://registry.npmjs.org/styled-jsx/-/styled-jsx-5.1.6.tgz 2380ms (cache miss)
5491 http fetch GET 200 https://registry.npmjs.org/language-subtag-registry/-/language-subtag-registry-0.3.23.tgz 2380ms (cache miss)
5492 http fetch GET 200 https://registry.npmjs.org/undici/-/undici-7.29.0.tgz 2386ms (cache miss)
5493 http fetch GET 200 https://registry.npmjs.org/argparse/-/argparse-2.0.1.tgz 2401ms (cache miss)
5494 http fetch GET 200 https://registry.npmjs.org/side-channel/-/side-channel-1.1.1.tgz 2421ms (cache miss)
5495 http fetch GET 200 https://registry.npmjs.org/is-extglob/-/is-extglob-2.1.1.tgz 2421ms (cache miss)
5496 http fetch GET 200 https://registry.npmjs.org/@next/env/-/env-16.2.12.tgz 2431ms (cache miss)
5497 http fetch GET 200 https://registry.npmjs.org/resolve-pkg-maps/-/resolve-pkg-maps-1.0.0.tgz 2434ms (cache miss)
5498 http fetch GET 200 https://registry.npmjs.org/hermes-estree/-/hermes-estree-0.25.1.tgz 2435ms (cache miss)
5499 http fetch GET 200 https://registry.npmjs.org/is-document.all/-/is-document.all-1.0.0.tgz 2434ms (cache miss)
5500 http fetch GET 200 https://registry.npmjs.org/resolve-from/-/resolve-from-4.0.0.tgz 2445ms (cache miss)
5501 http fetch GET 200 https://registry.npmjs.org/tslib/-/tslib-2.8.1.tgz 2446ms (cache miss)
5502 http fetch GET 200 https://registry.npmjs.org/parent-module/-/parent-module-1.0.1.tgz 2448ms (cache miss)
5503 http fetch GET 200 https://registry.npmjs.org/dunder-proto/-/dunder-proto-1.0.1.tgz 2447ms (cache miss)
5504 http fetch GET 200 https://registry.npmjs.org/motion-utils/-/motion-utils-12.39.0.tgz 2473ms (cache miss)
5505 http fetch GET 200 https://registry.npmjs.org/keyv/-/keyv-4.5.4.tgz 2476ms (cache miss)
5506 http fetch GET 200 https://registry.npmjs.org/functions-have-names/-/functions-have-names-1.2.3.tgz 2477ms (cache miss)
5507 http fetch GET 200 https://registry.npmjs.org/reusify/-/reusify-1.1.0.tgz 2531ms (cache miss)
5508 http fetch GET 200 https://registry.npmjs.org/run-parallel/-/run-parallel-1.2.0.tgz 2532ms (cache miss)
5509 http fetch GET 200 https://registry.npmjs.org/merge2/-/merge2-1.4.1.tgz 2533ms (cache miss)
5510 http fetch GET 200 https://registry.npmjs.org/locate-path/-/locate-path-6.0.0.tgz 2536ms (cache miss)
5511 http fetch GET 200 https://registry.npmjs.org/set-function-name/-/set-function-name-2.0.2.tgz 2538ms (cache miss)
5512 http fetch GET 200 https://registry.npmjs.org/path-exists/-/path-exists-4.0.0.tgz 2541ms (cache miss)
5513 http fetch GET 200 https://registry.npmjs.org/flat-cache/-/flat-cache-4.0.1.tgz 2544ms (cache miss)
5514 http fetch GET 200 https://registry.npmjs.org/es-toolkit/-/es-toolkit-1.50.0.tgz 2554ms (cache miss)
5515 http fetch GET 200 https://registry.npmjs.org/fastq/-/fastq-1.20.1.tgz 2555ms (cache miss)
5516 http fetch GET 200 https://registry.npmjs.org/flatted/-/flatted-3.4.4.tgz 2559ms (cache miss)
5517 http fetch GET 200 https://registry.npmjs.org/micromatch/-/micromatch-4.0.8.tgz 2559ms (cache miss)
5518 http fetch GET 200 https://registry.npmjs.org/acorn-jsx/-/acorn-jsx-5.3.2.tgz 2657ms (cache miss)
5519 http fetch GET 200 https://registry.npmjs.org/esrecurse/-/esrecurse-4.3.0.tgz 2659ms (cache miss)
5520 http fetch GET 200 https://registry.npmjs.org/node-releases/-/node-releases-2.0.53.tgz 2663ms (cache miss)
5521 http fetch GET 200 https://registry.npmjs.org/prelude-ls/-/prelude-ls-1.2.1.tgz 2706ms (cache miss)
5522 http fetch GET 200 https://registry.npmjs.org/baseline-browser-mapping/-/baseline-browser-mapping-2.11.13.tgz 2705ms (cache miss)
5523 http fetch GET 200 https://registry.npmjs.org/acorn/-/acorn-8.18.0.tgz 2711ms (cache miss)
5524 http fetch GET 200 https://registry.npmjs.org/update-browserslist-db/-/update-browserslist-db-1.3.1.tgz 2717ms (cache miss)
5525 http fetch GET 200 https://registry.npmjs.org/@nodelib/fs.stat/-/fs.stat-2.0.5.tgz 2720ms (cache miss)
5526 http fetch GET 200 https://registry.npmjs.org/@nodelib/fs.walk/-/fs.walk-1.2.8.tgz 2727ms (cache miss)
5527 http fetch GET 200 https://registry.npmjs.org/lru-cache/-/lru-cache-5.1.1.tgz 2812ms (cache miss)
5528 http fetch GET 200 https://registry.npmjs.org/electron-to-chromium/-/electron-to-chromium-1.5.404.tgz 2817ms (cache miss)
5529 http fetch GET 200 https://registry.npmjs.org/@babel/helper-globals/-/helper-globals-7.29.7.tgz 2820ms (cache miss)
5530 http fetch GET 200 https://registry.npmjs.org/@nodelib/fs.scandir/-/fs.scandir-2.1.5.tgz 2820ms (cache miss)
5531 http fetch GET 200 https://registry.npmjs.org/@babel/helper-validator-option/-/helper-validator-option-7.29.7.tgz 2823ms (cache miss)
5532 http fetch GET 200 https://registry.npmjs.org/@babel/helper-module-imports/-/helper-module-imports-7.29.7.tgz 2824ms (cache miss)
5533 http fetch GET 200 https://registry.npmjs.org/@babel/compat-data/-/compat-data-7.29.7.tgz 2825ms (cache miss)
5534 http fetch GET 200 https://registry.npmjs.org/jsesc/-/jsesc-3.1.0.tgz 2837ms (cache miss)
5535 http fetch GET 200 https://registry.npmjs.org/browserslist/-/browserslist-4.28.8.tgz 2838ms (cache miss)
5536 http fetch GET 200 https://registry.npmjs.org/picocolors/-/picocolors-1.1.1.tgz 2914ms (cache miss)
5537 http fetch GET 200 https://registry.npmjs.org/convert-source-map/-/convert-source-map-2.0.0.tgz 2914ms (cache miss)
5538 http fetch GET 200 https://registry.npmjs.org/js-tokens/-/js-tokens-4.0.0.tgz 2931ms (cache miss)
5539 http fetch GET 200 https://registry.npmjs.org/@babel/helper-validator-identifier/-/helper-validator-identifier-7.29.7.tgz 2931ms (cache miss)
5540 http fetch GET 200 https://registry.npmjs.org/json5/-/json5-2.2.3.tgz 2971ms (cache miss)
5541 http fetch GET 200 https://registry.npmjs.org/@babel/types/-/types-7.29.8.tgz 2991ms (cache miss)
5542 http fetch GET 200 https://registry.npmjs.org/@babel/helper-string-parser/-/helper-string-parser-7.29.7.tgz 3029ms (cache miss)
5543 http fetch GET 200 https://registry.npmjs.org/gensync/-/gensync-1.0.0-beta.2.tgz 3046ms (cache miss)
5544 http fetch GET 200 https://registry.npmjs.org/caniuse-lite/-/caniuse-lite-1.0.30001809.tgz 3053ms (cache miss)
5545 http fetch GET 200 https://registry.npmjs.org/@babel/traverse/-/traverse-7.29.8.tgz 3162ms (cache miss)
5546 http fetch GET 200 https://registry.npmjs.org/@babel/template/-/template-7.29.7.tgz 3189ms (cache miss)
5547 http fetch GET 200 https://registry.npmjs.org/@babel/code-frame/-/code-frame-7.29.7.tgz 3198ms (cache miss)
5548 http fetch GET 200 https://registry.npmjs.org/zod-validation-error/-/zod-validation-error-4.0.2.tgz 3201ms (cache miss)
5549 http fetch GET 200 https://registry.npmjs.org/@babel/helper-compilation-targets/-/helper-compilation-targets-7.29.7.tgz 3239ms (cache miss)
5550 http fetch GET 200 https://registry.npmjs.org/prop-types/-/prop-types-15.8.1.tgz 3255ms (cache miss)
5551 http fetch GET 200 https://registry.npmjs.org/@babel/helper-module-transforms/-/helper-module-transforms-7.29.7.tgz 3379ms (cache miss)
5552 http fetch GET 200 https://registry.npmjs.org/string.prototype.repeat/-/string.prototype.repeat-1.0.0.tgz 3429ms (cache miss)
5553 http fetch GET 200 https://registry.npmjs.org/@babel/core/-/core-7.29.7.tgz 3476ms (cache miss)
5554 http fetch GET 200 https://registry.npmjs.org/@babel/parser/-/parser-7.29.8.tgz 3555ms (cache miss)
5555 http fetch GET 200 https://registry.npmjs.org/iterator.prototype/-/iterator.prototype-1.1.5.tgz 3564ms (cache miss)
5556 http fetch GET 200 https://registry.npmjs.org/@babel/generator/-/generator-7.29.8.tgz 3583ms (cache miss)
5557 http fetch GET 200 https://registry.npmjs.org/object.entries/-/object.entries-1.1.9.tgz 3632ms (cache miss)
5558 http fetch GET 200 https://registry.npmjs.org/lightningcss-darwin-arm64/-/lightningcss-darwin-arm64-1.32.0.tgz 3682ms (cache miss)
5559 http fetch GET 200 https://registry.npmjs.org/estraverse/-/estraverse-5.3.0.tgz 3675ms (cache miss)
5560 http fetch GET 200 https://registry.npmjs.org/array.prototype.findlast/-/array.prototype.findlast-1.2.5.tgz 3682ms (cache miss)
5561 http fetch GET 200 https://registry.npmjs.org/string.prototype.includes/-/string.prototype.includes-2.0.1.tgz 3683ms (cache miss)
5562 http fetch GET 200 https://registry.npmjs.org/hermes-parser/-/hermes-parser-0.25.1.tgz 3701ms (cache miss)
5563 http fetch GET 200 https://registry.npmjs.org/language-tags/-/language-tags-1.0.9.tgz 3707ms (cache miss)
5564 http fetch GET 200 https://registry.npmjs.org/array.prototype.tosorted/-/array.prototype.tosorted-1.1.4.tgz 3708ms (cache miss)
5565 http fetch GET 200 https://registry.npmjs.org/es-iterator-helpers/-/es-iterator-helpers-1.4.0.tgz 3740ms (cache miss)
5566 http fetch GET 200 https://registry.npmjs.org/@babel/helpers/-/helpers-7.29.7.tgz 3743ms (cache miss)
5567 http fetch GET 200 https://registry.npmjs.org/emoji-regex/-/emoji-regex-9.2.2.tgz 3750ms (cache miss)
5568 http fetch GET 200 https://registry.npmjs.org/damerau-levenshtein/-/damerau-levenshtein-1.0.8.tgz 3754ms (cache miss)
5569 http fetch GET 200 https://registry.npmjs.org/jsx-ast-utils/-/jsx-ast-utils-3.3.5.tgz 3757ms (cache miss)
5570 http fetch GET 200 https://registry.npmjs.org/string.prototype.matchall/-/string.prototype.matchall-4.0.12.tgz 3762ms (cache miss)
5571 http fetch GET 200 https://registry.npmjs.org/ast-types-flow/-/ast-types-flow-0.0.8.tgz 3763ms (cache miss)
5572 http fetch GET 200 https://registry.npmjs.org/is-date-object/-/is-date-object-1.1.0.tgz 3779ms (cache miss)
5573 http fetch GET 200 https://registry.npmjs.org/is-symbol/-/is-symbol-1.1.1.tgz 3800ms (cache miss)
5574 http fetch GET 200 https://registry.npmjs.org/which-typed-array/-/which-typed-array-1.1.22.tgz 3816ms (cache miss)
5575 http fetch GET 200 https://registry.npmjs.org/aria-query/-/aria-query-5.3.2.tgz 3821ms (cache miss)
5576 http fetch GET 200 https://registry.npmjs.org/@reduxjs/toolkit/-/toolkit-2.12.0.tgz 3831ms (cache miss)
5577 http fetch GET 200 https://registry.npmjs.org/possible-typed-array-names/-/possible-typed-array-names-1.1.0.tgz 3856ms (cache miss)
5578 http fetch GET 200 https://registry.npmjs.org/has-tostringtag/-/has-tostringtag-1.0.2.tgz 3857ms (cache miss)
5579 http fetch GET 200 https://registry.npmjs.org/es-abstract-get/-/es-abstract-get-1.0.0.tgz 3857ms (cache miss)
5580 http fetch GET 200 https://registry.npmjs.org/typed-array-byte-length/-/typed-array-byte-length-1.0.3.tgz 3892ms (cache miss)
5581 http fetch GET 200 https://registry.npmjs.org/axe-core/-/axe-core-4.13.0.tgz 3893ms (cache miss)
5582 http fetch GET 200 https://registry.npmjs.org/string.prototype.trimstart/-/string.prototype.trimstart-1.0.8.tgz 3911ms (cache miss)
5583 http fetch GET 200 https://registry.npmjs.org/typed-array-buffer/-/typed-array-buffer-1.0.3.tgz 3911ms (cache miss)
5584 http fetch GET 200 https://registry.npmjs.org/typed-array-byte-offset/-/typed-array-byte-offset-1.0.4.tgz 3911ms (cache miss)
5585 http fetch GET 200 https://registry.npmjs.org/typed-array-length/-/typed-array-length-1.0.8.tgz 3912ms (cache miss)
5586 http fetch GET 200 https://registry.npmjs.org/string.prototype.trim/-/string.prototype.trim-1.2.11.tgz 3912ms (cache miss)
5587 http fetch GET 200 https://registry.npmjs.org/stop-iteration-iterator/-/stop-iteration-iterator-1.1.0.tgz 3929ms (cache miss)
5588 http fetch GET 200 https://registry.npmjs.org/safe-array-concat/-/safe-array-concat-1.1.4.tgz 3929ms (cache miss)
5589 http fetch GET 200 https://registry.npmjs.org/axobject-query/-/axobject-query-4.1.0.tgz 3933ms (cache miss)
5590 http fetch GET 200 https://registry.npmjs.org/safe-regex-test/-/safe-regex-test-1.1.0.tgz 3943ms (cache miss)
5591 http fetch GET 200 https://registry.npmjs.org/set-proto/-/set-proto-1.0.0.tgz 3947ms (cache miss)
5592 http fetch GET 200 https://registry.npmjs.org/own-keys/-/own-keys-1.0.2.tgz 3955ms (cache miss)
5593 http fetch GET 200 https://registry.npmjs.org/regexp.prototype.flags/-/regexp.prototype.flags-1.5.4.tgz 3956ms (cache miss)
5594 http fetch GET 200 https://registry.npmjs.org/is-typed-array/-/is-typed-array-1.1.15.tgz 3957ms (cache miss)
5595 http fetch GET 200 https://registry.npmjs.org/zod/-/zod-4.4.3.tgz 3962ms (cache miss)
5596 http fetch GET 200 https://registry.npmjs.org/is-shared-array-buffer/-/is-shared-array-buffer-1.0.4.tgz 3964ms (cache miss)
5597 http fetch GET 200 https://registry.npmjs.org/object.assign/-/object.assign-4.1.7.tgz 3965ms (cache miss)
5598 http fetch GET 200 https://registry.npmjs.org/is-set/-/is-set-2.0.3.tgz 3968ms (cache miss)
5599 http fetch GET 200 https://registry.npmjs.org/is-regex/-/is-regex-1.2.1.tgz 3993ms (cache miss)
5600 http fetch GET 200 https://registry.npmjs.org/safe-push-apply/-/safe-push-apply-1.0.0.tgz 3998ms (cache miss)
5601 http fetch GET 200 https://registry.npmjs.org/is-negative-zero/-/is-negative-zero-2.0.3.tgz 3998ms (cache miss)
5602 http fetch GET 200 https://registry.npmjs.org/is-array-buffer/-/is-array-buffer-3.0.5.tgz 3999ms (cache miss)
5603 http fetch GET 200 https://registry.npmjs.org/internal-slot/-/internal-slot-1.1.0.tgz 4021ms (cache miss)
5604 http fetch GET 200 https://registry.npmjs.org/has-proto/-/has-proto-1.2.0.tgz 4023ms (cache miss)
5605 http fetch GET 200 https://registry.npmjs.org/is-data-view/-/is-data-view-1.0.2.tgz 4030ms (cache miss)
5606 http fetch GET 200 https://registry.npmjs.org/globalthis/-/globalthis-1.0.4.tgz 4034ms (cache miss)
5607 http fetch GET 200 https://registry.npmjs.org/is-weakref/-/is-weakref-1.1.1.tgz 4034ms (cache miss)
5608 http fetch GET 200 https://registry.npmjs.org/has-symbols/-/has-symbols-1.1.0.tgz 4035ms (cache miss)
5609 http fetch GET 200 https://registry.npmjs.org/unbox-primitive/-/unbox-primitive-1.1.0.tgz 4036ms (cache miss)
5610 http fetch GET 200 https://registry.npmjs.org/object-inspect/-/object-inspect-1.13.4.tgz 4037ms (cache miss)
5611 http fetch GET 200 https://registry.npmjs.org/get-proto/-/get-proto-1.0.1.tgz 4051ms (cache miss)
5612 http fetch GET 200 https://registry.npmjs.org/motion-dom/-/motion-dom-12.43.0.tgz 4067ms (cache miss)
5613 http fetch GET 200 https://registry.npmjs.org/get-symbol-description/-/get-symbol-description-1.1.0.tgz 4058ms (cache miss)
5614 http fetch GET 200 https://registry.npmjs.org/es-set-tostringtag/-/es-set-tostringtag-2.1.0.tgz 4057ms (cache miss)
5615 http fetch GET 200 https://registry.npmjs.org/function.prototype.name/-/function.prototype.name-1.2.0.tgz 4058ms (cache miss)
5616 http fetch GET 200 https://registry.npmjs.org/es-to-primitive/-/es-to-primitive-1.3.4.tgz 4069ms (cache miss)
5617 http fetch GET 200 https://registry.npmjs.org/is-callable/-/is-callable-1.2.7.tgz 4069ms (cache miss)
5618 http fetch GET 200 https://registry.npmjs.org/available-typed-arrays/-/available-typed-arrays-1.0.7.tgz 4084ms (cache miss)
5619 http fetch GET 200 https://registry.npmjs.org/object-keys/-/object-keys-1.1.1.tgz 4165ms (cache miss)
5620 http fetch GET 200 https://registry.npmjs.org/data-view-buffer/-/data-view-buffer-1.0.2.tgz 4165ms (cache miss)
5621 http fetch GET 200 https://registry.npmjs.org/gopd/-/gopd-1.2.0.tgz 4167ms (cache miss)
5622 http fetch GET 200 https://registry.npmjs.org/set-function-length/-/set-function-length-1.2.2.tgz 4167ms (cache miss)
5623 http fetch GET 200 https://registry.npmjs.org/arraybuffer.prototype.slice/-/arraybuffer.prototype.slice-1.0.4.tgz 4167ms (cache miss)
5624 http fetch GET 200 https://registry.npmjs.org/data-view-byte-length/-/data-view-byte-length-1.0.2.tgz 4167ms (cache miss)
5625 http fetch GET 200 https://registry.npmjs.org/call-bind-apply-helpers/-/call-bind-apply-helpers-1.0.2.tgz 4167ms (cache miss)
5626 http fetch GET 200 https://registry.npmjs.org/data-view-byte-offset/-/data-view-byte-offset-1.0.1.tgz 4167ms (cache miss)
5627 http fetch GET 200 https://registry.npmjs.org/es-errors/-/es-errors-1.3.0.tgz 4167ms (cache miss)
5628 http fetch GET 200 https://registry.npmjs.org/define-data-property/-/define-data-property-1.1.4.tgz 4168ms (cache miss)
5629 http fetch GET 200 https://registry.npmjs.org/has-property-descriptors/-/has-property-descriptors-1.0.2.tgz 4169ms (cache miss)
5630 http fetch GET 200 https://registry.npmjs.org/es-shim-unscopables/-/es-shim-unscopables-1.1.0.tgz 4168ms (cache miss)
5631 http fetch GET 200 https://registry.npmjs.org/es-define-property/-/es-define-property-1.0.1.tgz 4168ms (cache miss)
5632 http fetch GET 200 https://registry.npmjs.org/call-bind/-/call-bind-1.0.9.tgz 4232ms (cache miss)
5633 http fetch GET 200 https://registry.npmjs.org/call-bound/-/call-bound-1.0.4.tgz 4247ms (cache miss)
5634 http fetch GET 200 https://registry.npmjs.org/function-bind/-/function-bind-1.1.2.tgz 4247ms (cache miss)
5635 http fetch GET 200 https://registry.npmjs.org/array-buffer-byte-length/-/array-buffer-byte-length-1.0.2.tgz 4254ms (cache miss)
5636 http fetch GET 200 https://registry.npmjs.org/hasown/-/hasown-2.0.4.tgz 4277ms (cache miss)
5637 http fetch GET 200 https://registry.npmjs.org/define-properties/-/define-properties-1.2.1.tgz 4280ms (cache miss)
5638 http fetch GET 200 https://registry.npmjs.org/get-intrinsic/-/get-intrinsic-1.3.0.tgz 4280ms (cache miss)
5639 http fetch GET 200 https://registry.npmjs.org/math-intrinsics/-/math-intrinsics-1.1.0.tgz 4297ms (cache miss)
5640 http fetch GET 200 https://registry.npmjs.org/is-string/-/is-string-1.1.1.tgz 4299ms (cache miss)
5641 http fetch GET 200 https://registry.npmjs.org/object.groupby/-/object.groupby-1.0.3.tgz 4301ms (cache miss)
5642 http fetch GET 200 https://registry.npmjs.org/es-object-atoms/-/es-object-atoms-1.1.2.tgz 4302ms (cache miss)
5643 http fetch GET 200 https://registry.npmjs.org/semver/-/semver-6.3.1.tgz 4313ms (cache miss)
5644 http fetch GET 200 https://registry.npmjs.org/string.prototype.trimend/-/string.prototype.trimend-1.0.10.tgz 4314ms (cache miss)
5645 http fetch GET 200 https://registry.npmjs.org/object.fromentries/-/object.fromentries-2.0.8.tgz 4320ms (cache miss)
5646 http fetch GET 200 https://registry.npmjs.org/object.values/-/object.values-1.2.1.tgz 4320ms (cache miss)
5647 http fetch GET 200 https://registry.npmjs.org/eslint-module-utils/-/eslint-module-utils-2.14.0.tgz 4343ms (cache miss)
5648 http fetch GET 200 https://registry.npmjs.org/array.prototype.flat/-/array.prototype.flat-1.3.3.tgz 4365ms (cache miss)
5649 http fetch GET 200 https://registry.npmjs.org/stable-hash/-/stable-hash-0.0.5.tgz 4364ms (cache miss)
5650 http fetch GET 200 https://registry.npmjs.org/array.prototype.findlastindex/-/array.prototype.findlastindex-1.2.6.tgz 4369ms (cache miss)
5651 http fetch GET 200 https://registry.npmjs.org/is-bun-module/-/is-bun-module-2.0.0.tgz 4371ms (cache miss)
5652 http fetch GET 200 https://registry.npmjs.org/tinyglobby/-/tinyglobby-0.2.17.tgz 4381ms (cache miss)
5653 http fetch GET 200 https://registry.npmjs.org/@nolyfill/is-core-module/-/is-core-module-1.0.39.tgz 4381ms (cache miss)
5654 http fetch GET 200 https://registry.npmjs.org/array-includes/-/array-includes-3.1.9.tgz 4383ms (cache miss)
5655 http fetch GET 200 https://registry.npmjs.org/array.prototype.flatmap/-/array.prototype.flatmap-1.3.3.tgz 4389ms (cache miss)
5656 http fetch GET 200 https://registry.npmjs.org/doctrine/-/doctrine-2.1.0.tgz 4389ms (cache miss)
5657 http fetch GET 200 https://registry.npmjs.org/unrs-resolver/-/unrs-resolver-1.12.2.tgz 4406ms (cache miss)
5658 http fetch GET 200 https://registry.npmjs.org/is-core-module/-/is-core-module-2.16.2.tgz 4413ms (cache miss)
5659 http fetch GET 200 https://registry.npmjs.org/get-tsconfig/-/get-tsconfig-4.14.1.tgz 4418ms (cache miss)
5660 http fetch GET 200 https://registry.npmjs.org/tsconfig-paths/-/tsconfig-paths-3.15.0.tgz 4421ms (cache miss)
5661 http fetch GET 200 https://registry.npmjs.org/es-abstract/-/es-abstract-1.24.2.tgz 4436ms (cache miss)
5662 http fetch GET 200 https://registry.npmjs.org/@rtsao/scc/-/scc-1.1.0.tgz 4435ms (cache miss)
5663 http fetch GET 200 https://registry.npmjs.org/eslint-import-resolver-node/-/eslint-import-resolver-node-0.3.10.tgz 4449ms (cache miss)
5664 http fetch GET 200 https://registry.npmjs.org/eslint-plugin-jsx-a11y/-/eslint-plugin-jsx-a11y-6.10.2.tgz 4473ms (cache miss)
5665 http fetch GET 200 https://registry.npmjs.org/typescript-eslint/-/typescript-eslint-8.67.0.tgz 4477ms (cache miss)
5666 http fetch GET 200 https://registry.npmjs.org/fast-glob/-/fast-glob-3.3.1.tgz 4511ms (cache miss)
5667 http fetch GET 200 https://registry.npmjs.org/eslint-plugin-react-hooks/-/eslint-plugin-react-hooks-7.1.1.tgz 4570ms (cache miss)
5668 http fetch GET 200 https://registry.npmjs.org/shebang-command/-/shebang-command-2.0.0.tgz 4591ms (cache miss)
5669 http fetch GET 200 https://registry.npmjs.org/path-key/-/path-key-3.1.1.tgz 4591ms (cache miss)
5670 http fetch GET 200 https://registry.npmjs.org/ms/-/ms-2.1.3.tgz 4591ms (cache miss)
5671 http fetch GET 200 https://registry.npmjs.org/eslint-import-resolver-typescript/-/eslint-import-resolver-typescript-3.10.1.tgz 4594ms (cache miss)
5672 http fetch GET 200 https://registry.npmjs.org/color-name/-/color-name-1.1.4.tgz 4598ms (cache miss)
5673 http fetch GET 200 https://registry.npmjs.org/resolve/-/resolve-2.0.0-next.7.tgz 4608ms (cache miss)
5674 http fetch GET 200 https://registry.npmjs.org/color-convert/-/color-convert-2.0.1.tgz 4612ms (cache miss)
5675 http fetch GET 200 https://registry.npmjs.org/ansi-styles/-/ansi-styles-4.3.0.tgz 4618ms (cache miss)
5676 http fetch GET 200 https://registry.npmjs.org/which/-/which-2.0.2.tgz 4622ms (cache miss)
5677 http fetch GET 200 https://registry.npmjs.org/json-schema-traverse/-/json-schema-traverse-0.4.1.tgz 4705ms (cache miss)
5678 http fetch GET 200 https://registry.npmjs.org/supports-color/-/supports-color-7.2.0.tgz 4705ms (cache miss)
5679 http fetch GET 200 https://registry.npmjs.org/strip-json-comments/-/strip-json-comments-3.1.1.tgz 4706ms (cache miss)
5680 http fetch GET 200 https://registry.npmjs.org/eslint-plugin-react/-/eslint-plugin-react-7.37.5.tgz 4708ms (cache miss)
5681 http fetch GET 200 https://registry.npmjs.org/@humanfs/types/-/types-0.15.0.tgz 4756ms (cache miss)
5682 http fetch GET 200 https://registry.npmjs.org/levn/-/levn-0.4.1.tgz 4815ms (cache miss)
5683 http fetch GET 200 https://registry.npmjs.org/import-fresh/-/import-fresh-3.3.1.tgz 4816ms (cache miss)
5684 http fetch GET 200 https://registry.npmjs.org/@humanfs/core/-/core-0.19.2.tgz 4817ms (cache miss)
5685 http fetch GET 200 https://registry.npmjs.org/globals/-/globals-14.0.0.tgz 4818ms (cache miss)
5686 http fetch GET 200 https://registry.npmjs.org/@next/eslint-plugin-next/-/eslint-plugin-next-16.2.12.tgz 4830ms (cache miss)
5687 http fetch GET 200 https://registry.npmjs.org/js-yaml/-/js-yaml-4.3.1.tgz 4843ms (cache miss)
5688 http fetch GET 200 https://registry.npmjs.org/optionator/-/optionator-0.9.4.tgz 4922ms (cache miss)
5689 http fetch GET 200 https://registry.npmjs.org/@types/json-schema/-/json-schema-7.0.15.tgz 4938ms (cache miss)
5690 http fetch GET 200 https://registry.npmjs.org/json-stable-stringify-without-jsonify/-/json-stable-stringify-without-jsonify-1.0.1.tgz 4954ms (cache miss)
5691 http fetch GET 200 https://registry.npmjs.org/@eslint/object-schema/-/object-schema-2.1.7.tgz 4964ms (cache miss)
5692 http fetch GET 200 https://registry.npmjs.org/lodash.merge/-/lodash.merge-4.6.2.tgz 5015ms (cache miss)
5693 http fetch GET 200 https://registry.npmjs.org/glob-parent/-/glob-parent-6.0.2.tgz 5074ms (cache miss)
5694 http fetch GET 200 https://registry.npmjs.org/is-glob/-/is-glob-4.0.3.tgz 5073ms (cache miss)
5695 http fetch GET 200 https://registry.npmjs.org/imurmurhash/-/imurmurhash-0.1.4.tgz 5076ms (cache miss)
5696 http fetch GET 200 https://registry.npmjs.org/fast-json-stable-stringify/-/fast-json-stable-stringify-2.1.0.tgz 5095ms (cache miss)
5697 http fetch GET 200 https://registry.npmjs.org/ignore/-/ignore-5.3.2.tgz 5122ms (cache miss)
5698 http fetch GET 200 https://registry.npmjs.org/minimatch/-/minimatch-3.1.5.tgz 5143ms (cache miss)
5699 http fetch GET 200 https://registry.npmjs.org/uri-js/-/uri-js-4.4.1.tgz 5179ms (cache miss)
5700 http fetch GET 200 https://registry.npmjs.org/natural-compare/-/natural-compare-1.4.0.tgz 5213ms (cache miss)
5701 http fetch GET 200 https://registry.npmjs.org/file-entry-cache/-/file-entry-cache-8.0.0.tgz 5213ms (cache miss)
5702 http fetch GET 200 https://registry.npmjs.org/find-up/-/find-up-5.0.0.tgz 5243ms (cache miss)
5703 http fetch GET 200 https://registry.npmjs.org/eslint-plugin-import/-/eslint-plugin-import-2.32.0.tgz 5252ms (cache miss)
5704 http fetch GET 200 https://registry.npmjs.org/fast-deep-equal/-/fast-deep-equal-3.1.3.tgz 5259ms (cache miss)
5705 http fetch GET 200 https://registry.npmjs.org/espree/-/espree-10.4.0.tgz 5296ms (cache miss)
5706 http fetch GET 200 https://registry.npmjs.org/esutils/-/esutils-2.0.3.tgz 5333ms (cache miss)
5707 http fetch GET 200 https://registry.npmjs.org/debug/-/debug-4.4.3.tgz 5372ms (cache miss)
5708 http fetch GET 200 https://registry.npmjs.org/esquery/-/esquery-1.7.0.tgz 5417ms (cache miss)
5709 http fetch GET 200 https://registry.npmjs.org/eslint-scope/-/eslint-scope-8.4.0.tgz 5423ms (cache miss)
5710 http fetch GET 200 https://registry.npmjs.org/escape-string-regexp/-/escape-string-regexp-4.0.0.tgz 5435ms (cache miss)
5711 http fetch GET 200 https://registry.npmjs.org/cross-spawn/-/cross-spawn-7.0.6.tgz 5499ms (cache miss)
5712 http fetch GET 200 https://registry.npmjs.org/@humanwhocodes/retry/-/retry-0.4.3.tgz 5501ms (cache miss)
5713 http fetch GET 200 https://registry.npmjs.org/@types/estree/-/estree-1.0.9.tgz 5713ms (cache miss)
5714 http fetch GET 200 https://registry.npmjs.org/ajv/-/ajv-6.15.0.tgz 5724ms (cache miss)
5715 http fetch GET 200 https://registry.npmjs.org/@humanfs/node/-/node-0.16.8.tgz 5730ms (cache miss)
5716 http fetch GET 200 https://registry.npmjs.org/chalk/-/chalk-4.1.2.tgz 5778ms (cache miss)
5717 http fetch GET 200 https://registry.npmjs.org/@eslint/plugin-kit/-/plugin-kit-0.4.1.tgz 5792ms (cache miss)
5718 http fetch GET 200 https://registry.npmjs.org/@eslint/core/-/core-0.17.0.tgz 5817ms (cache miss)
5719 http fetch GET 200 https://registry.npmjs.org/@eslint/config-array/-/config-array-0.21.2.tgz 5909ms (cache miss)
5720 http fetch GET 200 https://registry.npmjs.org/@eslint/config-helpers/-/config-helpers-0.4.2.tgz 5921ms (cache miss)
5721 http fetch GET 200 https://registry.npmjs.org/@humanwhocodes/module-importer/-/module-importer-1.0.1.tgz 5921ms (cache miss)
5722 http fetch GET 200 https://registry.npmjs.org/@eslint/js/-/js-9.39.5.tgz 5928ms (cache miss)
5723 http fetch GET 200 https://registry.npmjs.org/eslint-visitor-keys/-/eslint-visitor-keys-4.2.1.tgz 6000ms (cache miss)
5724 http fetch GET 200 https://registry.npmjs.org/tapable/-/tapable-2.3.3.tgz 6037ms (cache miss)
5725 http fetch GET 200 https://registry.npmjs.org/@eslint/eslintrc/-/eslintrc-3.3.6.tgz 6044ms (cache miss)
5726 http fetch GET 200 https://registry.npmjs.org/@jridgewell/sourcemap-codec/-/sourcemap-codec-1.5.5.tgz 6059ms (cache miss)
5727 http fetch GET 200 https://registry.npmjs.org/undici-types/-/undici-types-6.21.0.tgz 6102ms (cache miss)
5728 http fetch GET 200 https://registry.npmjs.org/@jridgewell/resolve-uri/-/resolve-uri-3.1.2.tgz 6119ms (cache miss)
5729 http fetch GET 200 https://registry.npmjs.org/graceful-fs/-/graceful-fs-4.2.11.tgz 6122ms (cache miss)
5730 http fetch GET 200 https://registry.npmjs.org/@jridgewell/trace-mapping/-/trace-mapping-0.3.31.tgz 6171ms (cache miss)
5731 http fetch GET 200 https://registry.npmjs.org/enhanced-resolve/-/enhanced-resolve-5.24.5.tgz 6206ms (cache miss)
5732 http fetch GET 200 https://registry.npmjs.org/@eslint-community/eslint-utils/-/eslint-utils-4.10.1.tgz 6220ms (cache miss)
5733 http fetch GET 200 https://registry.npmjs.org/lightningcss/-/lightningcss-1.32.0.tgz 6237ms (cache miss)
5734 http fetch GET 200 https://registry.npmjs.org/@eslint-community/regexpp/-/regexpp-4.12.2.tgz 6238ms (cache miss)
5735 http fetch GET 200 https://registry.npmjs.org/@jridgewell/remapping/-/remapping-2.3.5.tgz 6284ms (cache miss)
5736 http fetch GET 200 https://registry.npmjs.org/@jridgewell/gen-mapping/-/gen-mapping-0.3.13.tgz 6380ms (cache miss)
5737 http fetch GET 200 https://registry.npmjs.org/postcss/-/postcss-8.5.26.tgz 6384ms (cache miss)
5738 http fetch GET 200 https://registry.npmjs.org/@tailwindcss/node/-/node-4.3.3.tgz 6385ms (cache miss)
5739 http fetch GET 200 https://registry.npmjs.org/source-map-js/-/source-map-js-1.2.1.tgz 6394ms (cache miss)
5740 http fetch GET 200 https://registry.npmjs.org/use-sync-external-store/-/use-sync-external-store-1.6.0.tgz 6458ms (cache miss)
5741 http fetch GET 200 https://registry.npmjs.org/@tailwindcss/oxide/-/oxide-4.3.3.tgz 6477ms (cache miss)
5742 http fetch GET 200 https://registry.npmjs.org/@floating-ui/utils/-/utils-0.2.12.tgz 6500ms (cache miss)
5743 http fetch GET 200 https://registry.npmjs.org/@floating-ui/core/-/core-1.8.0.tgz 6520ms (cache miss)
5744 http fetch GET 200 https://registry.npmjs.org/@alloc/quick-lru/-/quick-lru-5.2.0.tgz 6523ms (cache miss)
5745 http fetch GET 200 https://registry.npmjs.org/jiti/-/jiti-2.7.0.tgz 6536ms (cache miss)
5746 http fetch GET 200 https://registry.npmjs.org/@floating-ui/dom/-/dom-1.8.0.tgz 6587ms (cache miss)
5747 http fetch GET 200 https://registry.npmjs.org/@floating-ui/react-dom/-/react-dom-2.1.9.tgz 6611ms (cache miss)
5748 http fetch GET 200 https://registry.npmjs.org/@babel/runtime/-/runtime-7.29.7.tgz 6641ms (cache miss)
5749 http fetch GET 200 https://registry.npmjs.org/reselect/-/reselect-5.2.0.tgz 6666ms (cache miss)
5750 http fetch GET 200 https://registry.npmjs.org/tw-animate-css/-/tw-animate-css-1.4.0.tgz 6667ms (cache miss)
5751 http fetch GET 200 https://registry.npmjs.org/tailwind-merge/-/tailwind-merge-3.6.0.tgz 6726ms (cache miss)
5752 http fetch GET 200 https://registry.npmjs.org/magic-string/-/magic-string-0.30.21.tgz 6732ms (cache miss)
5753 http fetch GET 200 https://registry.npmjs.org/react-is/-/react-is-19.2.8.tgz 6939ms (cache miss)
5754 http fetch GET 200 https://registry.npmjs.org/next-themes/-/next-themes-0.4.6.tgz 7045ms (cache miss)
5755 http fetch GET 200 https://registry.npmjs.org/clsx/-/clsx-2.1.1.tgz 7049ms (cache miss)
5756 http fetch GET 200 https://registry.npmjs.org/tailwindcss/-/tailwindcss-4.3.3.tgz 7104ms (cache miss)
5757 http fetch GET 200 https://registry.npmjs.org/shadcn/-/shadcn-4.16.2.tgz 7106ms (cache miss)
5758 http fetch GET 200 https://registry.npmjs.org/class-variance-authority/-/class-variance-authority-0.7.1.tgz 7122ms (cache miss)
5759 http fetch GET 200 https://registry.npmjs.org/@types/react-dom/-/react-dom-19.2.4.tgz 7309ms (cache miss)
5760 http fetch GET 200 https://registry.npmjs.org/@types/react/-/react-19.2.18.tgz 7514ms (cache miss)
5761 http fetch GET 200 https://registry.npmjs.org/react/-/react-19.2.4.tgz 7530ms (cache miss)
5762 http fetch GET 200 https://registry.npmjs.org/brace-expansion/-/brace-expansion-5.0.9.tgz 8031ms (cache miss)
5763 http fetch GET 200 https://registry.npmjs.org/eslint-visitor-keys/-/eslint-visitor-keys-5.0.1.tgz 8046ms (cache miss)
5764 http fetch GET 200 https://registry.npmjs.org/eslint-config-next/-/eslint-config-next-16.2.12.tgz 8401ms (cache miss)
5765 http fetch GET 200 https://registry.npmjs.org/@base-ui/utils/-/utils-0.3.2.tgz 8444ms (cache miss)
5766 http fetch GET 200 https://registry.npmjs.org/@tailwindcss/postcss/-/postcss-4.3.3.tgz 8516ms (cache miss)
5767 http fetch GET 200 https://registry.npmjs.org/typescript/-/typescript-5.9.3.tgz 8698ms (cache miss)
5768 http fetch GET 200 https://registry.npmjs.org/balanced-match/-/balanced-match-4.0.4.tgz 8788ms (cache miss)
5769 http fetch GET 200 https://registry.npmjs.org/minimatch/-/minimatch-10.2.6.tgz 8835ms (cache miss)
5770 http fetch GET 200 https://registry.npmjs.org/@types/node/-/node-20.19.43.tgz 8836ms (cache miss)
5771 http fetch GET 200 https://registry.npmjs.org/lucide-react/-/lucide-react-1.31.0.tgz 8841ms (cache miss)
5772 http fetch GET 200 https://registry.npmjs.org/brace-expansion/-/brace-expansion-5.0.9.tgz 8853ms (cache miss)
5773 http fetch GET 200 https://registry.npmjs.org/balanced-match/-/balanced-match-4.0.4.tgz 8880ms (cache miss)
5774 http fetch GET 200 https://registry.npmjs.org/semver/-/semver-7.8.5.tgz 8939ms (cache miss)
5775 http fetch GET 200 https://registry.npmjs.org/fast-glob/-/fast-glob-3.3.3.tgz 8953ms (cache miss)
5776 http fetch GET 200 https://registry.npmjs.org/glob-parent/-/glob-parent-5.1.2.tgz 8978ms (cache miss)
5777 http fetch GET 200 https://registry.npmjs.org/ansi-regex/-/ansi-regex-6.2.2.tgz 8999ms (cache miss)
5778 http fetch GET 200 https://registry.npmjs.org/is-unicode-supported/-/is-unicode-supported-1.3.0.tgz 9001ms (cache miss)
5779 http fetch GET 200 https://registry.npmjs.org/ignore/-/ignore-7.0.6.tgz 9145ms (cache miss)
5780 http fetch GET 200 https://registry.npmjs.org/onetime/-/onetime-7.0.0.tgz 9145ms (cache miss)
5781 http fetch GET 200 https://registry.npmjs.org/content-type/-/content-type-2.0.0.tgz 9145ms (cache miss)
5782 http fetch GET 200 https://registry.npmjs.org/strip-ansi/-/strip-ansi-7.2.0.tgz 9153ms (cache miss)
5783 http fetch GET 200 https://registry.npmjs.org/minimatch/-/minimatch-10.2.6.tgz 9240ms (cache miss)
5784 http fetch GET 200 https://registry.npmjs.org/p-locate/-/p-locate-3.0.0.tgz 9349ms (cache miss)
5785 http fetch GET 200 https://registry.npmjs.org/content-type/-/content-type-2.0.0.tgz 9352ms (cache miss)
5786 http fetch GET 200 https://registry.npmjs.org/locate-path/-/locate-path-3.0.0.tgz 9353ms (cache miss)
5787 http fetch GET 200 https://registry.npmjs.org/mimic-fn/-/mimic-fn-2.1.0.tgz 9486ms (cache miss)
5788 http fetch GET 200 https://registry.npmjs.org/chalk/-/chalk-5.6.2.tgz 9558ms (cache miss)
5789 http fetch GET 200 https://registry.npmjs.org/path-key/-/path-key-4.0.0.tgz 9657ms (cache miss)
5790 http fetch GET 200 https://registry.npmjs.org/json-schema-traverse/-/json-schema-traverse-1.0.0.tgz 9672ms (cache miss)
5791 http fetch GET 200 https://registry.npmjs.org/path-exists/-/path-exists-3.0.0.tgz 9672ms (cache miss)
5792 http fetch GET 200 https://registry.npmjs.org/find-up/-/find-up-3.0.0.tgz 9788ms (cache miss)
5793 http fetch GET 200 https://registry.npmjs.org/json-schema-traverse/-/json-schema-traverse-1.0.0.tgz 9870ms (cache miss)
5794 http fetch GET 200 https://registry.npmjs.org/json-schema-typed/-/json-schema-typed-7.0.3.tgz 9870ms (cache miss)
5795 http fetch GET 200 https://registry.npmjs.org/semver/-/semver-7.8.5.tgz 9879ms (cache miss)
5796 http fetch GET 200 https://registry.npmjs.org/is-obj/-/is-obj-3.0.0.tgz 9965ms (cache miss)
5797 http fetch GET 200 https://registry.npmjs.org/strip-ansi/-/strip-ansi-7.2.0.tgz 10074ms (cache miss)
5798 http fetch GET 200 https://registry.npmjs.org/kleur/-/kleur-3.0.3.tgz 10080ms (cache miss)
5799 http fetch GET 200 https://registry.npmjs.org/ajv-formats/-/ajv-formats-2.1.1.tgz 10080ms (cache miss)
5800 http fetch GET 200 https://registry.npmjs.org/chalk/-/chalk-5.6.2.tgz 10119ms (cache miss)
5801 http fetch GET 200 https://registry.npmjs.org/react-dom/-/react-dom-19.2.4.tgz 10138ms (cache miss)
5802 http fetch GET 200 https://registry.npmjs.org/emoji-regex/-/emoji-regex-10.6.0.tgz 10180ms (cache miss)
5803 http fetch GET 200 https://registry.npmjs.org/is-wsl/-/is-wsl-2.2.0.tgz 10193ms (cache miss)
5804 http fetch GET 200 https://registry.npmjs.org/is-docker/-/is-docker-2.2.1.tgz 10414ms (cache miss)
5805 http fetch GET 200 https://registry.npmjs.org/ajv/-/ajv-8.20.0.tgz 10419ms (cache miss)
5806 http fetch GET 200 https://registry.npmjs.org/define-lazy-prop/-/define-lazy-prop-2.0.0.tgz 10434ms (cache miss)
5807 http fetch GET 200 https://registry.npmjs.org/@tailwindcss/oxide-darwin-arm64/-/oxide-darwin-arm64-4.3.3.tgz 10535ms (cache miss)
5808 http fetch GET 200 https://registry.npmjs.org/isexe/-/isexe-3.1.5.tgz 10556ms (cache miss)
5809 http fetch GET 200 https://registry.npmjs.org/strip-final-newline/-/strip-final-newline-2.0.0.tgz 10558ms (cache miss)
5810 http fetch GET 200 https://registry.npmjs.org/npm-run-path/-/npm-run-path-4.0.1.tgz 10570ms (cache miss)
5811 http fetch GET 200 https://registry.npmjs.org/ansi-regex/-/ansi-regex-6.2.2.tgz 10572ms (cache miss)
5812 http fetch GET 200 https://registry.npmjs.org/is-stream/-/is-stream-2.0.1.tgz 10633ms (cache miss)
5813 http fetch GET 200 https://registry.npmjs.org/json-schema-traverse/-/json-schema-traverse-1.0.0.tgz 10635ms (cache miss)
5814 http fetch GET 200 https://registry.npmjs.org/ajv/-/ajv-8.20.0.tgz 10641ms (cache miss)
5815 http fetch GET 200 https://registry.npmjs.org/which/-/which-4.0.0.tgz 10742ms (cache miss)
5816 http fetch GET 200 https://registry.npmjs.org/open/-/open-8.4.2.tgz 10743ms (cache miss)
5817 http fetch GET 200 https://registry.npmjs.org/p-limit/-/p-limit-2.3.0.tgz 10746ms (cache miss)
5818 http fetch GET 200 https://registry.npmjs.org/signal-exit/-/signal-exit-3.0.7.tgz 10746ms (cache miss)
5819 http fetch GET 200 https://registry.npmjs.org/human-signals/-/human-signals-2.1.0.tgz 10774ms (cache miss)
5820 http fetch GET 200 https://registry.npmjs.org/eslint/-/eslint-9.39.5.tgz 10779ms (cache miss)
5821 http fetch GET 200 https://registry.npmjs.org/picomatch/-/picomatch-4.0.5.tgz 10821ms (cache miss)
5822 http fetch GET 200 https://registry.npmjs.org/get-stream/-/get-stream-6.0.1.tgz 10830ms (cache miss)
5823 http fetch GET 200 https://registry.npmjs.org/react-is/-/react-is-16.13.1.tgz 10862ms (cache miss)
5824 http fetch GET 200 https://registry.npmjs.org/fdir/-/fdir-6.5.0.tgz 10863ms (cache miss)
5825 http fetch GET 200 https://registry.npmjs.org/execa/-/execa-5.1.1.tgz 10885ms (cache miss)
5826 http fetch GET 200 https://registry.npmjs.org/semver/-/semver-7.8.5.tgz 10921ms (cache miss)
5827 http fetch GET 200 https://registry.npmjs.org/debug/-/debug-3.2.7.tgz 10931ms (cache miss)
5828 http fetch GET 200 https://registry.npmjs.org/json5/-/json5-1.0.2.tgz 10931ms (cache miss)
5829 http fetch GET 200 https://registry.npmjs.org/debug/-/debug-3.2.7.tgz 10931ms (cache miss)
5830 http fetch GET 200 https://registry.npmjs.org/fdir/-/fdir-6.5.0.tgz 10940ms (cache miss)
5831 http fetch GET 200 https://registry.npmjs.org/commander/-/commander-11.1.0.tgz 10952ms (cache miss)
5832 http fetch GET 200 https://registry.npmjs.org/picomatch/-/picomatch-4.0.5.tgz 11001ms (cache miss)
5833 http fetch GET 200 https://registry.npmjs.org/glob-parent/-/glob-parent-5.1.2.tgz 11005ms (cache miss)
5834 http fetch GET 200 https://registry.npmjs.org/glob-parent/-/glob-parent-5.1.2.tgz 11013ms (cache miss)
5835 http fetch GET 200 https://registry.npmjs.org/debug/-/debug-3.2.7.tgz 11029ms (cache miss)
5836 http fetch GET 200 https://registry.npmjs.org/@img/sharp-libvips-darwin-arm64/-/sharp-libvips-darwin-arm64-1.2.4.tgz 11082ms (cache miss)
5837 http fetch GET 200 https://registry.npmjs.org/tsconfig-paths/-/tsconfig-paths-4.2.0.tgz 11059ms (cache miss)
5838 http fetch GET 200 https://registry.npmjs.org/eslint-visitor-keys/-/eslint-visitor-keys-3.4.3.tgz 11080ms (cache miss)
5839 http fetch GET 200 https://registry.npmjs.org/fast-glob/-/fast-glob-3.3.3.tgz 11082ms (cache miss)
5840 http fetch GET 200 https://registry.npmjs.org/globals/-/globals-16.4.0.tgz 11087ms (cache miss)
5841 http fetch GET 200 https://registry.npmjs.org/semver/-/semver-7.8.5.tgz 11114ms (cache miss)
5842 http fetch GET 200 https://registry.npmjs.org/sharp 10939ms (cache miss)
5843 silly packumentCache corgi:https://registry.npmjs.org/sharp set size:undefined disposed:false
5844 http fetch GET 200 https://registry.npmjs.org/postcss/-/postcss-8.4.31.tgz 11199ms (cache miss)
5845 http fetch GET 200 https://registry.npmjs.org/framer-motion/-/framer-motion-12.43.0.tgz 11213ms (cache miss)
5846 http fetch GET 200 https://registry.npmjs.org/postcss 11101ms (cache miss)
5847 silly packumentCache corgi:https://registry.npmjs.org/postcss set size:undefined disposed:false
5848 silly packumentCache corgi:https://registry.npmjs.org/next cache-miss
5849 http fetch GET 200 https://registry.npmjs.org/zod/-/zod-3.25.76.tgz 11380ms (cache miss)
5850 http fetch GET 200 https://registry.npmjs.org/ajv/-/ajv-8.20.0.tgz 11861ms (cache miss)
5851 http fetch GET 200 https://registry.npmjs.org/csstype/-/csstype-3.2.3.tgz 12122ms (cache miss)
5852 http fetch GET 200 https://registry.npmjs.org/recharts/-/recharts-3.10.1.tgz 14160ms (cache miss)
5853 http fetch GET 200 https://registry.npmjs.org/next 4734ms (cache miss)
5854 silly packumentCache corgi:https://registry.npmjs.org/next set size:undefined disposed:false
5855 http fetch GET 200 https://registry.npmjs.org/@base-ui/react/-/react-1.7.0.tgz 16404ms (cache miss)
5856 http fetch GET 200 https://registry.npmjs.org/next/-/next-16.2.12.tgz 21103ms (cache miss)
5857 http fetch GET 200 https://registry.npmjs.org/@next/swc-darwin-arm64/-/swc-darwin-arm64-16.2.12.tgz 27190ms (cache miss)
5858 info run sharp@0.34.5 install node_modules/sharp node install/check.js || npm run build
5859 info run sharp@0.34.5 install { code: 0, signal: null }
5860 info run unrs-resolver@1.12.2 postinstall node_modules/unrs-resolver node postinstall.js
5861 info run unrs-resolver@1.12.2 postinstall { code: 0, signal: null }
5862 silly ADD node_modules/mimic-function
5863 silly ADD node_modules/p-try
5864 silly ADD node_modules/require-from-string
5865 silly ADD node_modules/fast-uri
5866 silly ADD node_modules/merge-stream
5867 silly ADD node_modules/is-wsl
5868 silly ADD node_modules/is-weakset
5869 silly ADD node_modules/is-weakmap
5870 silly ADD node_modules/is-map
5871 silly ADD node_modules/generator-function
5872 silly ADD node_modules/async-function
5873 silly ADD node_modules/which-collection
5874 silly ADD node_modules/is-generator-function
5875 silly ADD node_modules/is-finalizationregistry
5876 silly ADD node_modules/is-async-function
5877 silly ADD node_modules/is-number-object
5878 silly ADD node_modules/is-boolean-object
5879 silly ADD node_modules/is-bigint
5880 silly ADD node_modules/isexe
5881 silly ADD node_modules/d3-path
5882 silly ADD node_modules/d3-time-format
5883 silly ADD node_modules/d3-format
5884 silly ADD node_modules/d3-color
5885 silly ADD node_modules/internmap
5886 silly ADD node_modules/@types/d3-path
5887 silly ADD node_modules/@types/d3-color
5888 silly ADD node_modules/d3-timer
5889 silly ADD node_modules/d3-time
5890 silly ADD node_modules/d3-shape
5891 silly ADD node_modules/d3-scale
5892 silly ADD node_modules/d3-interpolate
5893 silly ADD node_modules/d3-ease
5894 silly ADD node_modules/d3-array
5895 silly ADD node_modules/@types/d3-timer
5896 silly ADD node_modules/@types/d3-time
5897 silly ADD node_modules/@types/d3-shape
5898 silly ADD node_modules/@types/d3-scale
5899 silly ADD node_modules/@types/d3-interpolate
5900 silly ADD node_modules/@types/d3-ease
5901 silly ADD node_modules/@types/d3-array
5902 silly ADD node_modules/punycode
5903 silly ADD node_modules/escalade
5904 silly ADD node_modules/napi-postinstall
5905 silly ADD node_modules/@unrs/resolver-binding-darwin-arm64
5906 silly ADD node_modules/which-boxed-primitive
5907 silly ADD node_modules/has-bigints
5908 silly ADD node_modules/@typescript-eslint/tsconfig-utils
5909 silly ADD node_modules/@typescript-eslint/project-service
5910 silly ADD node_modules/@typescript-eslint/types
5911 silly ADD node_modules/ts-api-utils
5912 silly ADD node_modules/@typescript-eslint/visitor-keys
5913 silly ADD node_modules/@typescript-eslint/visitor-keys/node_modules/eslint-visitor-keys
5914 silly ADD node_modules/@typescript-eslint/type-utils
5915 silly ADD node_modules/@typescript-eslint/scope-manager
5916 silly ADD node_modules/@typescript-eslint/utils
5917 silly ADD node_modules/@typescript-eslint/typescript-estree
5918 silly ADD node_modules/@typescript-eslint/typescript-estree/node_modules/balanced-match
5919 silly ADD node_modules/@typescript-eslint/typescript-estree/node_modules/brace-expansion
5920 silly ADD node_modules/@typescript-eslint/typescript-estree/node_modules/semver
5921 silly ADD node_modules/@typescript-eslint/typescript-estree/node_modules/minimatch
5922 silly ADD node_modules/@typescript-eslint/parser
5923 silly ADD node_modules/@typescript-eslint/eslint-plugin
5924 silly ADD node_modules/@typescript-eslint/eslint-plugin/node_modules/ignore
5925 silly ADD node_modules/which-builtin-type
5926 silly ADD node_modules/reflect.getprototypeof
5927 silly ADD node_modules/for-each
5928 silly ADD node_modules/media-typer
5929 silly ADD node_modules/strip-bom
5930 silly ADD node_modules/minimist
5931 silly ADD node_modules/@types/json5
5932 silly ADD node_modules/path-browserify
5933 silly ADD node_modules/code-block-writer
5934 silly ADD node_modules/@ts-morph/common
5935 silly ADD node_modules/@ts-morph/common/node_modules/balanced-match
5936 silly ADD node_modules/@ts-morph/common/node_modules/brace-expansion
5937 silly ADD node_modules/@ts-morph/common/node_modules/glob-parent
5938 silly ADD node_modules/@ts-morph/common/node_modules/minimatch
5939 silly ADD node_modules/@ts-morph/common/node_modules/fast-glob
5940 silly ADD node_modules/is-number
5941 silly ADD node_modules/has-flag
5942 silly ADD node_modules/client-only
5943 silly ADD node_modules/ansi-regex
5944 silly ADD node_modules/is-regexp
5945 silly ADD node_modules/get-own-enumerable-keys
5946 silly ADD node_modules/get-east-asian-width
5947 silly ADD node_modules/side-channel-weakmap
5948 silly ADD node_modules/side-channel-map
5949 silly ADD node_modules/side-channel-list
5950 silly ADD node_modules/shebang-regex
5951 silly ADD node_modules/@img/sharp-libvips-darwin-arm64
5952 silly ADD node_modules/@img/sharp-darwin-arm64
5953 silly ADD node_modules/@img/colour
5954 silly ADD node_modules/path-to-regexp
5955 silly ADD node_modules/is-promise
5956 silly ADD node_modules/source-map
5957 silly ADD node_modules/esprima
5958 silly ADD node_modules/ast-types
5959 silly ADD node_modules/unpipe
5960 silly ADD node_modules/ipaddr.js
5961 silly ADD node_modules/forwarded
5962 silly ADD node_modules/sisteransi
5963 silly ADD node_modules/parse-ms
5964 silly ADD node_modules/util-deprecate
5965 silly ADD node_modules/cssesc
5966 silly ADD node_modules/is-arrayish
5967 silly ADD node_modules/lines-and-columns
5968 silly ADD node_modules/json-parse-even-better-errors
5969 silly ADD node_modules/error-ex
5970 silly ADD node_modules/restore-cursor
5971 silly ADD node_modules/restore-cursor/node_modules/onetime
5972 silly ADD node_modules/string-width
5973 silly ADD node_modules/string-width/node_modules/ansi-regex
5974 silly ADD node_modules/string-width/node_modules/strip-ansi
5975 silly ADD node_modules/string-width/node_modules/emoji-regex
5976 silly ADD node_modules/stdin-discarder
5977 silly ADD node_modules/log-symbols
5978 silly ADD node_modules/log-symbols/node_modules/is-unicode-supported
5979 silly ADD node_modules/log-symbols/node_modules/chalk
5980 silly ADD node_modules/is-interactive
5981 silly ADD node_modules/cli-spinners
5982 silly ADD node_modules/cli-cursor
5983 silly ADD node_modules/is-docker
5984 silly ADD node_modules/run-applescript
5985 silly ADD node_modules/default-browser-id
5986 silly ADD node_modules/bundle-name
5987 silly ADD node_modules/wsl-utils
5988 silly ADD node_modules/powershell-utils
5989 silly ADD node_modules/is-inside-container
5990 silly ADD node_modules/is-in-ssh
5991 silly ADD node_modules/define-lazy-prop
5992 silly ADD node_modules/default-browser
5993 silly ADD node_modules/wrappy
5994 silly ADD node_modules/ee-first
5995 silly ADD node_modules/unicorn-magic
5996 silly ADD node_modules/mime-db
5997 silly ADD node_modules/safer-buffer
5998 silly ADD node_modules/toidentifier
5999 silly ADD node_modules/setprototypeof
6000 silly ADD node_modules/inherits
6001 silly ADD node_modules/@sec-ant/readable-stream
6002 silly ADD node_modules/universalify
6003 silly ADD node_modules/jsonfile
6004 silly ADD node_modules/is-unicode-supported
6005 silly ADD node_modules/ip-address
6006 silly ADD node_modules/iconv-lite
6007 silly ADD node_modules/bytes
6008 silly ADD node_modules/negotiator
6009 silly ADD node_modules/type-is
6010 silly ADD node_modules/type-is/node_modules/content-type
6011 silly ADD node_modules/statuses
6012 silly ADD node_modules/serve-static
6013 silly ADD node_modules/send
6014 silly ADD node_modules/router
6015 silly ADD node_modules/range-parser
6016 silly ADD node_modules/qs
6017 silly ADD node_modules/proxy-addr
6018 silly ADD node_modules/parseurl
6019 silly ADD node_modules/once
6020 silly ADD node_modules/on-finished
6021 silly ADD node_modules/mime-types
6022 silly ADD node_modules/merge-descriptors
6023 silly ADD node_modules/http-errors
6024 silly ADD node_modules/fresh
6025 silly ADD node_modules/finalhandler
6026 silly ADD node_modules/etag
6027 silly ADD node_modules/escape-html
6028 silly ADD node_modules/encodeurl
6029 silly ADD node_modules/depd
6030 silly ADD node_modules/cookie-signature
6031 silly ADD node_modules/cookie
6032 silly ADD node_modules/content-disposition
6033 silly ADD node_modules/body-parser
6034 silly ADD node_modules/body-parser/node_modules/content-type
6035 silly ADD node_modules/accepts
6036 silly ADD node_modules/yoctocolors
6037 silly ADD node_modules/strip-final-newline
6038 silly ADD node_modules/signal-exit
6039 silly ADD node_modules/pretty-ms
6040 silly ADD node_modules/npm-run-path
6041 silly ADD node_modules/npm-run-path/node_modules/path-key
6042 silly ADD node_modules/is-stream
6043 silly ADD node_modules/is-plain-obj
6044 silly ADD node_modules/human-signals
6045 silly ADD node_modules/get-stream
6046 silly ADD node_modules/figures
6047 silly ADD node_modules/@sindresorhus/merge-streams
6048 silly ADD node_modules/strip-ansi
6049 silly ADD node_modules/ansi-colors
6050 silly ADD node_modules/is-obj
6051 silly ADD node_modules/mimic-fn
6052 silly ADD node_modules/parse-json
6053 silly ADD node_modules/vary
6054 silly ADD node_modules/pkg-up
6055 silly ADD node_modules/pkg-up/node_modules/p-limit
6056 silly ADD node_modules/pkg-up/node_modules/path-exists
6057 silly ADD node_modules/pkg-up/node_modules/p-locate
6058 silly ADD node_modules/pkg-up/node_modules/locate-path
6059 silly ADD node_modules/pkg-up/node_modules/find-up
6060 silly ADD node_modules/onetime
6061 silly ADD node_modules/onetime/node_modules/mimic-fn
6062 silly ADD node_modules/dot-prop
6063 silly ADD node_modules/debounce-fn
6064 silly ADD node_modules/atomically
6065 silly ADD node_modules/raw-body
6066 silly ADD node_modules/pkce-challenge
6067 silly ADD node_modules/json-schema-typed
6068 silly ADD node_modules/jose
6069 silly ADD node_modules/express-rate-limit
6070 silly ADD node_modules/express
6071 silly ADD node_modules/eventsource-parser
6072 silly ADD node_modules/eventsource
6073 silly ADD node_modules/cors
6074 silly ADD node_modules/content-type
6075 silly ADD node_modules/ajv-formats
6076 silly ADD node_modules/ajv-formats/node_modules/json-schema-traverse
6077 silly ADD node_modules/ajv-formats/node_modules/ajv
6078 silly ADD node_modules/hono
6079 silly ADD node_modules/@hono/node-server
6080 silly ADD node_modules/yocto-spinner
6081 silly ADD node_modules/systeminformation
6082 silly ADD node_modules/object-treeify
6083 silly ADD node_modules/env-paths
6084 silly ADD node_modules/enquirer
6085 silly ADD node_modules/dotenv
6086 silly ADD node_modules/conf
6087 silly ADD node_modules/conf/node_modules/json-schema-traverse
6088 silly ADD node_modules/conf/node_modules/semver
6089 silly ADD node_modules/conf/node_modules/json-schema-typed
6090 silly ADD node_modules/conf/node_modules/ajv-formats
6091 silly ADD node_modules/conf/node_modules/ajv
6092 silly ADD node_modules/@dotenvx/primitives
6093 silly ADD node_modules/@babel/plugin-transform-modules-commonjs
6094 silly ADD node_modules/@babel/plugin-syntax-jsx
6095 silly ADD node_modules/@babel/helper-replace-supers
6096 silly ADD node_modules/@babel/helper-optimise-call-expression
6097 silly ADD node_modules/@babel/helper-member-expression-to-functions
6098 silly ADD node_modules/@babel/plugin-syntax-typescript
6099 silly ADD node_modules/@babel/helper-skip-transparent-expression-wrappers
6100 silly ADD node_modules/@babel/helper-plugin-utils
6101 silly ADD node_modules/@babel/helper-create-class-features-plugin
6102 silly ADD node_modules/@babel/helper-annotate-as-pure
6103 silly ADD node_modules/zod-to-json-schema
6104 silly ADD node_modules/validate-npm-package-name
6105 silly ADD node_modules/undici
6106 silly ADD node_modules/ts-morph
6107 silly ADD node_modules/stringify-object
6108 silly ADD node_modules/stringify-object/node_modules/is-obj
6109 silly ADD node_modules/recast
6110 silly ADD node_modules/prompts
6111 silly ADD node_modules/prompts/node_modules/kleur
6112 silly ADD node_modules/postcss-selector-parser
6113 silly ADD node_modules/ora
6114 silly ADD node_modules/ora/node_modules/ansi-regex
6115 silly ADD node_modules/ora/node_modules/strip-ansi
6116 silly ADD node_modules/ora/node_modules/chalk
6117 silly ADD node_modules/open
6118 silly ADD node_modules/kleur
6119 silly ADD node_modules/fuzzysort
6120 silly ADD node_modules/fs-extra
6121 silly ADD node_modules/execa
6122 silly ADD node_modules/diff
6123 silly ADD node_modules/deepmerge
6124 silly ADD node_modules/dedent
6125 silly ADD node_modules/cosmiconfig
6126 silly ADD node_modules/commander
6127 silly ADD node_modules/@types/validate-npm-package-name
6128 silly ADD node_modules/@modelcontextprotocol/sdk
6129 silly ADD node_modules/@modelcontextprotocol/sdk/node_modules/json-schema-traverse
6130 silly ADD node_modules/@modelcontextprotocol/sdk/node_modules/ajv
6131 silly ADD node_modules/@dotenvx/dotenvx
6132 silly ADD node_modules/@dotenvx/dotenvx/node_modules/isexe
6133 silly ADD node_modules/@dotenvx/dotenvx/node_modules/is-wsl
6134 silly ADD node_modules/@dotenvx/dotenvx/node_modules/is-docker
6135 silly ADD node_modules/@dotenvx/dotenvx/node_modules/define-lazy-prop
6136 silly ADD node_modules/@dotenvx/dotenvx/node_modules/strip-final-newline
6137 silly ADD node_modules/@dotenvx/dotenvx/node_modules/signal-exit
6138 silly ADD node_modules/@dotenvx/dotenvx/node_modules/npm-run-path
6139 silly ADD node_modules/@dotenvx/dotenvx/node_modules/is-stream
6140 silly ADD node_modules/@dotenvx/dotenvx/node_modules/human-signals
6141 silly ADD node_modules/@dotenvx/dotenvx/node_modules/get-stream
6142 silly ADD node_modules/@dotenvx/dotenvx/node_modules/which
6143 silly ADD node_modules/@dotenvx/dotenvx/node_modules/open
6144 silly ADD node_modules/@dotenvx/dotenvx/node_modules/picomatch
6145 silly ADD node_modules/@dotenvx/dotenvx/node_modules/fdir
6146 silly ADD node_modules/@dotenvx/dotenvx/node_modules/execa
6147 silly ADD node_modules/@dotenvx/dotenvx/node_modules/commander
6148 silly ADD node_modules/@babel/preset-typescript
6149 silly ADD node_modules/@babel/plugin-transform-typescript
6150 silly ADD node_modules/isarray
6151 silly ADD node_modules/queue-microtask
6152 silly ADD node_modules/supports-preserve-symlinks-flag
6153 silly ADD node_modules/path-parse
6154 silly ADD node_modules/node-exports-info
6155 silly ADD node_modules/@types/use-sync-external-store
6156 silly ADD node_modules/redux-thunk
6157 silly ADD node_modules/redux
6158 silly ADD node_modules/@standard-schema/utils
6159 silly ADD node_modules/@standard-schema/spec
6160 silly ADD node_modules/victory-vendor
6161 silly ADD node_modules/tiny-invariant
6162 silly ADD node_modules/react-redux
6163 silly ADD node_modules/immer
6164 silly ADD node_modules/eventemitter3
6165 silly ADD node_modules/es-toolkit
6166 silly ADD node_modules/decimal.js-light
6167 silly ADD node_modules/@reduxjs/toolkit
6168 silly ADD node_modules/scheduler
6169 silly ADD node_modules/object-assign
6170 silly ADD node_modules/loose-envify
6171 silly ADD node_modules/nanoid
6172 silly ADD node_modules/callsites
6173 silly ADD node_modules/yocto-queue
6174 silly ADD node_modules/p-limit
6175 silly ADD node_modules/word-wrap
6176 silly ADD node_modules/fast-levenshtein
6177 silly ADD node_modules/deep-is
6178 silly ADD node_modules/styled-jsx
6179 silly ADD node_modules/sharp
6180 silly ADD node_modules/sharp/node_modules/semver
6181 silly ADD node_modules/@swc/helpers
6182 silly ADD node_modules/@next/swc-darwin-arm64
6183 silly ADD node_modules/@next/env
6184 silly ADD node_modules/concat-map
6185 silly ADD node_modules/balanced-match
6186 silly ADD node_modules/brace-expansion
6187 silly ADD node_modules/to-regex-range
6188 silly ADD node_modules/fill-range
6189 silly ADD node_modules/picomatch
6190 silly ADD node_modules/braces
6191 silly ADD node_modules/yallist
6192 silly ADD node_modules/p-locate
6193 silly ADD node_modules/lightningcss-darwin-arm64
6194 silly ADD node_modules/detect-libc
6195 silly ADD node_modules/type-check
6196 silly ADD node_modules/prelude-ls
6197 silly ADD node_modules/language-subtag-registry
6198 silly ADD node_modules/json-buffer
6199 silly ADD node_modules/argparse
6200 silly ADD node_modules/set-function-name
6201 silly ADD node_modules/is-extglob
6202 silly ADD node_modules/side-channel
6203 silly ADD node_modules/resolve-from
6204 silly ADD node_modules/parent-module
6205 silly ADD node_modules/hermes-estree
6206 silly ADD node_modules/resolve-pkg-maps
6207 silly ADD node_modules/dunder-proto
6208 silly ADD node_modules/is-document.all
6209 silly ADD node_modules/functions-have-names
6210 silly ADD node_modules/tslib
6211 silly ADD node_modules/motion-utils
6212 silly ADD node_modules/motion-dom
6213 silly ADD node_modules/keyv
6214 silly ADD node_modules/flatted
6215 silly ADD node_modules/path-exists
6216 silly ADD node_modules/locate-path
6217 silly ADD node_modules/flat-cache
6218 silly ADD node_modules/reusify
6219 silly ADD node_modules/run-parallel
6220 silly ADD node_modules/fastq
6221 silly ADD node_modules/@nodelib/fs.scandir
6222 silly ADD node_modules/micromatch
6223 silly ADD node_modules/merge2
6224 silly ADD node_modules/@nodelib/fs.walk
6225 silly ADD node_modules/@nodelib/fs.stat
6226 silly ADD node_modules/acorn-jsx
6227 silly ADD node_modules/acorn
6228 silly ADD node_modules/esrecurse
6229 silly ADD node_modules/update-browserslist-db
6230 silly ADD node_modules/node-releases
6231 silly ADD node_modules/electron-to-chromium
6232 silly ADD node_modules/caniuse-lite
6233 silly ADD node_modules/baseline-browser-mapping
6234 silly ADD node_modules/@babel/helper-string-parser
6235 silly ADD node_modules/@babel/helper-globals
6236 silly ADD node_modules/@babel/helper-module-imports
6237 silly ADD node_modules/lru-cache
6238 silly ADD node_modules/browserslist
6239 silly ADD node_modules/@babel/helper-validator-option
6240 silly ADD node_modules/@babel/compat-data
6241 silly ADD node_modules/jsesc
6242 silly ADD node_modules/picocolors
6243 silly ADD node_modules/js-tokens
6244 silly ADD node_modules/@babel/helper-validator-identifier
6245 silly ADD node_modules/json5
6246 silly ADD node_modules/gensync
6247 silly ADD node_modules/convert-source-map
6248 silly ADD node_modules/@babel/types
6249 silly ADD node_modules/@babel/traverse
6250 silly ADD node_modules/@babel/template
6251 silly ADD node_modules/@babel/helpers
6252 silly ADD node_modules/@babel/helper-module-transforms
6253 silly ADD node_modules/@babel/helper-compilation-targets
6254 silly ADD node_modules/@babel/generator
6255 silly ADD node_modules/@babel/code-frame
6256 silly ADD node_modules/zod-validation-error
6257 silly ADD node_modules/zod
6258 silly ADD node_modules/hermes-parser
6259 silly ADD node_modules/@babel/parser
6260 silly ADD node_modules/@babel/core
6261 silly ADD node_modules/iterator.prototype
6262 silly ADD node_modules/string.prototype.repeat
6263 silly ADD node_modules/string.prototype.matchall
6264 silly ADD node_modules/prop-types
6265 silly ADD node_modules/prop-types/node_modules/react-is
6266 silly ADD node_modules/object.entries
6267 silly ADD node_modules/estraverse
6268 silly ADD node_modules/es-iterator-helpers
6269 silly ADD node_modules/array.prototype.tosorted
6270 silly ADD node_modules/array.prototype.findlast
6271 silly ADD node_modules/string.prototype.includes
6272 silly ADD node_modules/language-tags
6273 silly ADD node_modules/jsx-ast-utils
6274 silly ADD node_modules/emoji-regex
6275 silly ADD node_modules/damerau-levenshtein
6276 silly ADD node_modules/axobject-query
6277 silly ADD node_modules/axe-core
6278 silly ADD node_modules/ast-types-flow
6279 silly ADD node_modules/aria-query
6280 silly ADD node_modules/is-symbol
6281 silly ADD node_modules/is-date-object
6282 silly ADD node_modules/es-abstract-get
6283 silly ADD node_modules/has-tostringtag
6284 silly ADD node_modules/possible-typed-array-names
6285 silly ADD node_modules/which-typed-array
6286 silly ADD node_modules/unbox-primitive
6287 silly ADD node_modules/typed-array-length
6288 silly ADD node_modules/typed-array-byte-offset
6289 silly ADD node_modules/typed-array-byte-length
6290 silly ADD node_modules/typed-array-buffer
6291 silly ADD node_modules/string.prototype.trimstart
6292 silly ADD node_modules/string.prototype.trim
6293 silly ADD node_modules/stop-iteration-iterator
6294 silly ADD node_modules/set-proto
6295 silly ADD node_modules/safe-regex-test
6296 silly ADD node_modules/safe-push-apply
6297 silly ADD node_modules/safe-array-concat
6298 silly ADD node_modules/regexp.prototype.flags
6299 silly ADD node_modules/own-keys
6300 silly ADD node_modules/object.assign
6301 silly ADD node_modules/object-inspect
6302 silly ADD node_modules/is-weakref
6303 silly ADD node_modules/is-typed-array
6304 silly ADD node_modules/is-shared-array-buffer
6305 silly ADD node_modules/is-set
6306 silly ADD node_modules/is-regex
6307 silly ADD node_modules/is-negative-zero
6308 silly ADD node_modules/is-data-view
6309 silly ADD node_modules/is-callable
6310 silly ADD node_modules/is-array-buffer
6311 silly ADD node_modules/internal-slot
6312 silly ADD node_modules/has-symbols
6313 silly ADD node_modules/has-proto
6314 silly ADD node_modules/globalthis
6315 silly ADD node_modules/get-symbol-description
6316 silly ADD node_modules/get-proto
6317 silly ADD node_modules/function.prototype.name
6318 silly ADD node_modules/es-to-primitive
6319 silly ADD node_modules/es-set-tostringtag
6320 silly ADD node_modules/data-view-byte-offset
6321 silly ADD node_modules/data-view-byte-length
6322 silly ADD node_modules/data-view-buffer
6323 silly ADD node_modules/available-typed-arrays
6324 silly ADD node_modules/arraybuffer.prototype.slice
6325 silly ADD node_modules/array-buffer-byte-length
6326 silly ADD node_modules/gopd
6327 silly ADD node_modules/object-keys
6328 silly ADD node_modules/has-property-descriptors
6329 silly ADD node_modules/define-data-property
6330 silly ADD node_modules/function-bind
6331 silly ADD node_modules/set-function-length
6332 silly ADD node_modules/es-define-property
6333 silly ADD node_modules/call-bind-apply-helpers
6334 silly ADD node_modules/es-shim-unscopables
6335 silly ADD node_modules/es-errors
6336 silly ADD node_modules/math-intrinsics
6337 silly ADD node_modules/is-string
6338 silly ADD node_modules/get-intrinsic
6339 silly ADD node_modules/es-object-atoms
6340 silly ADD node_modules/es-abstract
6341 silly ADD node_modules/define-properties
6342 silly ADD node_modules/call-bound
6343 silly ADD node_modules/call-bind
6344 silly ADD node_modules/tsconfig-paths
6345 silly ADD node_modules/tsconfig-paths/node_modules/json5
6346 silly ADD node_modules/string.prototype.trimend
6347 silly ADD node_modules/semver
6348 silly ADD node_modules/object.values
6349 silly ADD node_modules/object.groupby
6350 silly ADD node_modules/object.fromentries
6351 silly ADD node_modules/hasown
6352 silly ADD node_modules/eslint-module-utils
6353 silly ADD node_modules/eslint-module-utils/node_modules/debug
6354 silly ADD node_modules/doctrine
6355 silly ADD node_modules/array.prototype.flatmap
6356 silly ADD node_modules/array.prototype.flat
6357 silly ADD node_modules/array.prototype.findlastindex
6358 silly ADD node_modules/array-includes
6359 silly ADD node_modules/@rtsao/scc
6360 silly ADD node_modules/unrs-resolver
6361 silly ADD node_modules/tinyglobby
6362 silly ADD node_modules/tinyglobby/node_modules/picomatch
6363 silly ADD node_modules/tinyglobby/node_modules/fdir
6364 silly ADD node_modules/stable-hash
6365 silly ADD node_modules/is-bun-module
6366 silly ADD node_modules/is-bun-module/node_modules/semver
6367 silly ADD node_modules/get-tsconfig
6368 silly ADD node_modules/@nolyfill/is-core-module
6369 silly ADD node_modules/resolve
6370 silly ADD node_modules/is-core-module
6371 silly ADD node_modules/fast-glob
6372 silly ADD node_modules/fast-glob/node_modules/glob-parent
6373 silly ADD node_modules/typescript-eslint
6374 silly ADD node_modules/eslint-plugin-react-hooks
6375 silly ADD node_modules/eslint-plugin-react
6376 silly ADD node_modules/eslint-plugin-jsx-a11y
6377 silly ADD node_modules/eslint-plugin-import
6378 silly ADD node_modules/eslint-plugin-import/node_modules/debug
6379 silly ADD node_modules/eslint-import-resolver-typescript
6380 silly ADD node_modules/eslint-import-resolver-node
6381 silly ADD node_modules/eslint-import-resolver-node/node_modules/debug
6382 silly ADD node_modules/@next/eslint-plugin-next
6383 silly ADD node_modules/ms
6384 silly ADD node_modules/which
6385 silly ADD node_modules/shebang-command
6386 silly ADD node_modules/path-key
6387 silly ADD node_modules/color-name
6388 silly ADD node_modules/color-convert
6389 silly ADD node_modules/supports-color
6390 silly ADD node_modules/ansi-styles
6391 silly ADD node_modules/uri-js
6392 silly ADD node_modules/json-schema-traverse
6393 silly ADD node_modules/fast-json-stable-stringify
6394 silly ADD node_modules/@humanfs/types
6395 silly ADD node_modules/@humanfs/core
6396 silly ADD node_modules/levn
6397 silly ADD node_modules/strip-json-comments
6398 silly ADD node_modules/js-yaml
6399 silly ADD node_modules/import-fresh
6400 silly ADD node_modules/globals
6401 silly ADD node_modules/@types/json-schema
6402 silly ADD node_modules/@eslint/object-schema
6403 silly ADD node_modules/optionator
6404 silly ADD node_modules/natural-compare
6405 silly ADD node_modules/minimatch
6406 silly ADD node_modules/lodash.merge
6407 silly ADD node_modules/json-stable-stringify-without-jsonify
6408 silly ADD node_modules/is-glob
6409 silly ADD node_modules/imurmurhash
6410 silly ADD node_modules/ignore
6411 silly ADD node_modules/glob-parent
6412 silly ADD node_modules/find-up
6413 silly ADD node_modules/file-entry-cache
6414 silly ADD node_modules/fast-deep-equal
6415 silly ADD node_modules/esutils
6416 silly ADD node_modules/esquery
6417 silly ADD node_modules/espree
6418 silly ADD node_modules/eslint-visitor-keys
6419 silly ADD node_modules/eslint-scope
6420 silly ADD node_modules/escape-string-regexp
6421 silly ADD node_modules/debug
6422 silly ADD node_modules/cross-spawn
6423 silly ADD node_modules/chalk
6424 silly ADD node_modules/ajv
6425 silly ADD node_modules/@types/estree
6426 silly ADD node_modules/@humanwhocodes/retry
6427 silly ADD node_modules/@humanwhocodes/module-importer
6428 silly ADD node_modules/@humanfs/node
6429 silly ADD node_modules/@eslint/plugin-kit
6430 silly ADD node_modules/@eslint/js
6431 silly ADD node_modules/@eslint/eslintrc
6432 silly ADD node_modules/@eslint/core
6433 silly ADD node_modules/@eslint/config-helpers
6434 silly ADD node_modules/@eslint/config-array
6435 silly ADD node_modules/@eslint-community/regexpp
6436 silly ADD node_modules/@eslint-community/eslint-utils
6437 silly ADD node_modules/@eslint-community/eslint-utils/node_modules/eslint-visitor-keys
6438 silly ADD node_modules/tapable
6439 silly ADD node_modules/graceful-fs
6440 silly ADD node_modules/csstype
6441 silly ADD node_modules/undici-types
6442 silly ADD node_modules/@tailwindcss/oxide-darwin-arm64
6443 silly ADD node_modules/@jridgewell/resolve-uri
6444 silly ADD node_modules/@jridgewell/sourcemap-codec
6445 silly ADD node_modules/@jridgewell/trace-mapping
6446 silly ADD node_modules/@jridgewell/gen-mapping
6447 silly ADD node_modules/source-map-js
6448 silly ADD node_modules/magic-string
6449 silly ADD node_modules/lightningcss
6450 silly ADD node_modules/jiti
6451 silly ADD node_modules/enhanced-resolve
6452 silly ADD node_modules/@jridgewell/remapping
6453 silly ADD node_modules/postcss
6454 silly ADD node_modules/@tailwindcss/oxide
6455 silly ADD node_modules/@tailwindcss/node
6456 silly ADD node_modules/@alloc/quick-lru
6457 silly ADD node_modules/@floating-ui/core
6458 silly ADD node_modules/@floating-ui/dom
6459 silly ADD node_modules/reselect
6460 silly ADD node_modules/use-sync-external-store
6461 silly ADD node_modules/@floating-ui/utils
6462 silly ADD node_modules/@floating-ui/react-dom
6463 silly ADD node_modules/@base-ui/utils
6464 silly ADD node_modules/@babel/runtime
6465 silly ADD node_modules/typescript
6466 silly ADD node_modules/tw-animate-css
6467 silly ADD node_modules/tailwindcss
6468 silly ADD node_modules/tailwind-merge
6469 silly ADD node_modules/shadcn
6470 silly ADD node_modules/shadcn/node_modules/glob-parent
6471 silly ADD node_modules/shadcn/node_modules/zod
6472 silly ADD node_modules/shadcn/node_modules/tsconfig-paths
6473 silly ADD node_modules/shadcn/node_modules/fast-glob
6474 silly ADD node_modules/react-is
6475 silly ADD node_modules/recharts
6476 silly ADD node_modules/next-themes
6477 silly ADD node_modules/next
6478 silly ADD node_modules/next/node_modules/postcss
6479 silly ADD node_modules/lucide-react
6480 silly ADD node_modules/framer-motion
6481 silly ADD node_modules/eslint-config-next
6482 silly ADD node_modules/eslint-config-next/node_modules/globals
6483 silly ADD node_modules/eslint
6484 silly ADD node_modules/clsx
6485 silly ADD node_modules/class-variance-authority
6486 silly ADD node_modules/@types/react-dom
6487 silly ADD node_modules/@types/react
6488 silly ADD node_modules/@types/node
6489 silly ADD node_modules/@tailwindcss/postcss
6490 silly ADD node_modules/react-dom
6491 silly ADD node_modules/react
6492 silly ADD node_modules/@base-ui/react
6493 verbose cwd /Users/aaratideepakmule/Downloads/figmodel_project/frontend
6494 verbose os Darwin 25.3.0
6495 verbose node v24.16.0
6496 verbose npm  v11.13.0
6497 notice
6497 notice New major version of npm available! 11.13.0 -> 12.0.2
6497 notice Changelog: https://github.com/npm/cli/releases/tag/v12.0.2
6497 notice To update run: npm install -g npm@12.0.2
6497 notice  { force: true, Symbol(proc-log.meta): true }
6498 verbose exit 0
6499 info ok
